favourites_count,followers_count,statuses_count,friends_count,default_profile,default_profile_image,profile_use_background_image,utc_offset,listed_count,geo_enabled,lang,isFake
0,9,3,488,,,1.0,25200.0,0,,id,1.0
1888,167,2685,156,,,1.0,-21600.0,1,1.0,en,0.0
2,2280,19472,801,,,1.0,28800.0,108,1.0,en,0.0
0,17,33,513,,,1.0,-21600.0,0,,es,1.0
1474,107,4218,152,1.0,,1.0,,1,,en,0.0
978,191,4160,257,,,1.0,-18000.0,6,,en,0.0
0,8,17,227,1.0,,1.0,,0,,en,1.0
0,6,28,943,1.0,,1.0,,0,,en,1.0
197,325,15368,1530,,,1.0,43200.0,8,1.0,en,0.0
0,15,59,563,1.0,,1.0,,0,,en,1.0
5780,679,4226,677,,,1.0,-25200.0,0,1.0,en,0.0
0,12,14,206,1.0,,1.0,,0,,en,1.0
0,5,0,962,1.0,,1.0,,0,,en,1.0
401,508,549,892,,,1.0,-14400.0,15,1.0,en,0.0
0,12,22,254,1.0,,1.0,,0,,en,1.0
1816,4685,10788,4647,,,1.0,-36000.0,118,,en,0.0
3372,1120,76086,340,,,1.0,-25200.0,42,,en,0.0
994,5883,76589,1146,,,1.0,-14400.0,41,1.0,en,0.0
0,1,1,19,1.0,,1.0,,0,,en,1.0
12269,300,24704,2000,,,1.0,-14400.0,9,,en,0.0
239,4956,3451,2652,,,1.0,16200.0,244,,en,0.0
14142,443,9293,471,1.0,,1.0,,0,,en,0.0
0,7,0,637,1.0,,1.0,,0,,en,1.0
20012,6154,36359,2329,,,1.0,-25200.0,64,1.0,en,0.0
170,604,2647,296,,,1.0,-14400.0,0,1.0,en,0.0
0,5,3,627,1.0,,1.0,-18000.0,0,,tr,1.0
40,386,3803,925,,,1.0,-18000.0,13,1.0,en,0.0
7,35,67,155,1.0,,1.0,,0,,en,0.0
5327,833,9848,1024,,,1.0,-18000.0,0,1.0,en,0.0
920,2077,7102,197,1.0,,1.0,-36000.0,13,1.0,zh-tw,0.0
0,24,84,638,1.0,,1.0,,0,,en,1.0
0,7,22,263,1.0,,1.0,,0,,en,1.0
7499,768,6691,245,,,,43200.0,6,,en,0.0
2,5,21,197,1.0,,1.0,,0,,en,1.0
0,6,11,459,1.0,,1.0,28800.0,0,,en,1.0
498,193,15398,78,,,1.0,3600.0,2,,xx-lc,0.0
58,271,9665,223,,,1.0,,1,1.0,en,0.0
14184,415,1597,392,1.0,,1.0,,1,1.0,en,0.0
4526,40,7040,309,,,1.0,28800.0,1,,zh-tw,0.0
0,19,68,641,1.0,,1.0,,0,,en,1.0
2083,157,4353,168,,,,,0,,en,0.0
0,11,27,258,1.0,,1.0,,0,,en,1.0
11,105,2254,183,,,1.0,-18000.0,0,1.0,en,0.0
0,25,30,262,1.0,,1.0,,0,,en,1.0
1,13,96,466,1.0,,1.0,,0,,en,1.0
0,12,26,239,1.0,,1.0,,0,,en,1.0
0,13,21,217,1.0,,1.0,,0,,en,1.0
1465,1342,41096,1199,,,1.0,28800.0,2,,en,0.0
0,14,15,184,1.0,,1.0,,0,,en,1.0
862,11617,12033,815,,,1.0,-10800.0,89,1.0,en,0.0
530,14,573,227,,,1.0,,0,,en,1.0
0,23,58,585,1.0,,1.0,,0,,en,1.0
0,18,20,317,1.0,,1.0,,0,,en,1.0
0,30,66,748,1.0,,1.0,,0,,en,1.0
5,7,20,462,1.0,,1.0,-18000.0,0,1.0,es,1.0
0,1,4,23,1.0,,1.0,,0,,en,1.0
0,11,1,589,1.0,,1.0,,0,,en,1.0
0,28,39,407,1.0,,1.0,,0,,en,1.0
9200,879,13301,409,1.0,,1.0,-18000.0,1,1.0,en,0.0
12554,2696,26594,154,1.0,,1.0,-25200.0,36,1.0,en,0.0
1,1,21,310,1.0,,1.0,,0,,en,1.0
2562,428,10276,191,,,1.0,28800.0,1,,en,0.0
0,3,2,368,,,1.0,,0,,es,1.0
859,1122,13730,141,,,1.0,28800.0,1,1.0,en,0.0
0,13,40,385,1.0,,1.0,,0,,en,1.0
39,4367,18090,128,,,1.0,-18000.0,57,,en,0.0
1476,935,2162,1798,1.0,,1.0,,14,,en,0.0
7304,1175,14374,851,1.0,,1.0,,4,1.0,en,0.0
0,10,41,361,1.0,,1.0,,0,,en,1.0
8668,1209,19735,713,,,1.0,7200.0,0,1.0,en,0.0
56035,662,24063,208,,,1.0,,19,,en,0.0
6,18,199,136,1.0,,1.0,,0,,en,0.0
0,18,40,365,1.0,,1.0,,0,,en,1.0
13256,1293,52736,1226,,,1.0,,6,1.0,en,0.0
0,16,34,349,1.0,,1.0,,0,,en,1.0
378,252,2045,438,1.0,,1.0,,4,1.0,en,0.0
0,27,43,400,1.0,,1.0,,0,,en,1.0
0,10,22,222,1.0,,1.0,,0,,en,1.0
291,27856,54344,756,,,1.0,-14400.0,605,1.0,en,0.0
0,17,18,193,1.0,,1.0,,0,,en,1.0
0,7,19,191,1.0,,1.0,,0,,en,1.0
4446,615,45041,445,,,1.0,-18000.0,0,1.0,en,0.0
276,102,715,52,1.0,,1.0,,0,1.0,en,0.0
331,1325,7983,2000,,,1.0,-25200.0,75,1.0,en,0.0
0,10,22,228,1.0,,1.0,,0,,en,1.0
0,6,0,506,1.0,,1.0,10800.0,0,,en,1.0
0,23,39,359,1.0,,1.0,,0,,en,1.0
12433,927,71433,862,,,,7200.0,46,,en,0.0
0,9,19,209,1.0,,1.0,,0,,en,1.0
7682,399,18257,466,,,1.0,28800.0,7,1.0,en-gb,0.0
2193,1048,8991,772,,,1.0,,4,1.0,en,0.0
8843,129,18838,670,,,1.0,-18000.0,3,,en,0.0
7478,199,13861,134,,,1.0,-25200.0,1,,en,0.0
0,4,25,216,1.0,,1.0,,0,,en,1.0
0,17,23,295,1.0,,1.0,,0,,en,1.0
0,18,47,515,1.0,,1.0,,0,,en,1.0
0,7,14,188,1.0,,1.0,,0,,en,1.0
0,17,35,525,,,1.0,-14400.0,0,1.0,es,1.0
255,220,3719,198,1.0,,1.0,,0,,en,0.0
0,8,19,181,1.0,,1.0,,0,,en,1.0
6957,10307,32039,31,,,,7200.0,45,1.0,en,0.0
1944,579,43009,663,,,1.0,-18000.0,43,1.0,en,0.0
5261,332,7368,419,1.0,,1.0,,4,1.0,en,0.0
76,17,280,28,1.0,,1.0,,1,1.0,en,0.0
1730,555,2759,422,,,1.0,-25200.0,0,1.0,en,0.0
0,14,18,239,1.0,,1.0,,0,,en,1.0
92,583,307,836,,,1.0,-28800.0,9,,en,1.0
0,11,18,199,1.0,,1.0,,0,,en,1.0
735,1227,81569,273,,,1.0,10800.0,5,1.0,en,0.0
0,13,35,321,1.0,,1.0,,0,,en,1.0
0,11,20,282,1.0,,1.0,,0,,en,1.0
0,18,18,225,1.0,,1.0,,0,,en,1.0
0,22,63,575,1.0,,1.0,,0,,en,1.0
1877,212,7207,150,1.0,,1.0,,0,1.0,en,0.0
0,18,29,373,1.0,,1.0,,0,,en,1.0
125,213,24314,578,,,1.0,-18000.0,2,1.0,es,0.0
0,4,5,570,1.0,,1.0,,0,,es,1.0
0,24,56,584,1.0,,1.0,,0,,en,1.0
50,51,247,382,,,,43200.0,4,,en,0.0
5,34,74,604,,,1.0,,0,,es,1.0
6725,788,24117,405,1.0,,1.0,7200.0,16,1.0,en,0.0
7416,129,1551,250,,,,-25200.0,2,1.0,en,0.0
40,411,1323,831,1.0,,1.0,-18000.0,4,,en,0.0
0,12,17,197,1.0,,1.0,,0,,en,1.0
0,18,39,312,1.0,,1.0,,0,,en,1.0
27052,3178,73778,417,,,,-28800.0,7,1.0,en,0.0
0,26,58,639,1.0,,1.0,,0,,en,1.0
4346,118,7411,58,,,1.0,,0,,en,0.0
0,10,22,257,1.0,,1.0,,0,,en,1.0
0,14,38,283,1.0,,1.0,,0,,en,1.0
0,4,3,520,,,1.0,3600.0,0,,en,1.0
0,27,45,702,1.0,,1.0,,0,,en,1.0
28,77,7656,107,,,1.0,28800.0,1,1.0,en,0.0
2,25,416,28,,,1.0,10800.0,1,,en,0.0
329,79,1342,179,,,1.0,-36000.0,0,,en,0.0
10708,167,1671,176,1.0,,1.0,-14400.0,0,1.0,en,0.0
0,16,20,250,1.0,,1.0,,0,,en,1.0
0,15,25,221,1.0,,1.0,,0,,en,1.0
9,149,434,153,1.0,,1.0,,0,1.0,en,0.0
0,3,20,210,1.0,,1.0,,0,,en,1.0
0,6,20,207,1.0,,1.0,,0,,en,1.0
0,19,27,248,1.0,,1.0,,0,,en,1.0
0,9,0,534,,,1.0,,0,,es,1.0
713,261,5361,485,,,1.0,,3,,en,0.0
0,2,9,493,1.0,,1.0,,0,,en,1.0
7,171,557,1398,,,1.0,0.0,1,,en,1.0
0,10,0,616,1.0,,1.0,,0,,en,1.0
1965,271,17229,418,,,1.0,28800.0,7,1.0,en,0.0
0,13,17,240,1.0,,1.0,,0,,en,1.0
0,8,13,212,1.0,,1.0,,0,,en,1.0
0,9,7,584,1.0,,1.0,,0,,es,1.0
7127,812,12208,848,,,1.0,7200.0,0,1.0,en,0.0
0,11,20,244,1.0,,1.0,,0,,en,1.0
0,10,18,205,1.0,,1.0,,0,,en,1.0
0,13,3,544,1.0,,1.0,,0,,en,1.0
590,561,61294,118,,,1.0,-14400.0,4,1.0,es,0.0
0,0,3,31,1.0,,1.0,,0,,en,1.0
922,188,2183,148,1.0,,1.0,,1,,en,0.0
0,15,46,422,1.0,,1.0,,0,,en,1.0
36,499,2194,226,,,1.0,43200.0,19,1.0,en,0.0
0,15,101,513,1.0,,1.0,,0,,en,1.0
3629,489,3692,1999,1.0,,1.0,-14400.0,3,1.0,en,0.0
0,8,25,210,1.0,,1.0,,0,,en,1.0
0,14,26,239,1.0,,1.0,,0,,en,1.0
251,48489,25281,46310,,,1.0,19800.0,6166,1.0,en,0.0
0,2,68,331,1.0,,1.0,,0,,en,1.0
0,2,2,26,1.0,,1.0,,0,,en,1.0
13140,1509,19688,805,1.0,,1.0,,3,1.0,en,0.0
1058,131,1080,519,1.0,,1.0,,2,,en-gb,0.0
472,155,478,179,1.0,,1.0,,0,,en,0.0
0,28,39,651,,,1.0,-21600.0,0,,es,1.0
0,1,1,20,1.0,,1.0,,0,,en,1.0
0,10,26,246,1.0,,1.0,,0,,en,1.0
0,8,23,210,1.0,,1.0,,0,,en,1.0
171,594,1081,1408,,,1.0,43200.0,8,1.0,en,0.0
61,262,26112,1442,,,1.0,-25200.0,4,,en,0.0
1,67,232,673,,,1.0,28800.0,0,1.0,id,1.0
610,50,410,141,1.0,,1.0,,1,1.0,en,0.0
0,10,21,186,1.0,,1.0,,0,,en,1.0
0,10,24,222,1.0,,1.0,,0,,en,1.0
6449,389,12323,164,,,,-14400.0,5,,en,0.0
2429,481,15262,687,1.0,,1.0,-18000.0,2,,en,0.0
0,11,27,307,1.0,,1.0,,0,,en,1.0
572,110,927,706,,,1.0,32400.0,1,1.0,en,0.0
0,17,31,343,1.0,,1.0,,0,,en,1.0
24072,535,6576,289,,,1.0,-10800.0,0,1.0,en,0.0
0,9,1,583,1.0,,1.0,,0,,es,1.0
0,15,37,384,1.0,,1.0,,0,,en,1.0
1794,1249,162921,1724,,,1.0,-18000.0,56,1.0,en,0.0
9,235,498,570,,,1.0,-18000.0,6,,en,0.0
2466,281,4655,421,,,1.0,,1,,en,0.0
0,6,20,205,1.0,,1.0,,0,,en,1.0
0,8,15,208,1.0,,1.0,,0,,en,1.0
0,6,0,534,,,1.0,,0,,en,1.0
0,0,2,28,1.0,,1.0,,0,,en,1.0
311,218,5051,950,1.0,,1.0,,3,,en,0.0
36945,1824,48392,499,1.0,,1.0,-25200.0,14,1.0,en,0.0
0,21,36,313,1.0,,1.0,,0,,en,1.0
0,4,7,608,1.0,,1.0,,0,,en,1.0
1,12,20,246,1.0,,1.0,,0,,en,1.0
0,1,0,530,1.0,,1.0,,0,,en,1.0
7573,2147,13849,197,,,1.0,3600.0,5,1.0,en-gb,0.0
0,0,0,32,1.0,,1.0,,0,,en,1.0
1568,641,12915,1066,,,,-18000.0,7,,en,0.0
0,18,39,334,1.0,,1.0,,0,,en,1.0
0,27,67,616,1.0,,1.0,,0,,en,1.0
2025,494,2020,254,,,1.0,-28800.0,1,1.0,en,0.0
0,20,25,263,1.0,,1.0,,0,,en,1.0
11,4,33,569,1.0,,1.0,,0,,en,1.0
8100,664,16833,419,,,1.0,-25200.0,0,1.0,en,0.0
16114,1236,22364,624,,,1.0,,9,1.0,en,0.0
3,14,68,76,,,,18000.0,0,,en,0.0
6203,198,3331,138,1.0,,1.0,,0,,en,0.0
1601,65,1908,88,1.0,,1.0,,0,1.0,en,0.0
0,11,24,264,1.0,,1.0,,0,,en,1.0
0,23,54,470,1.0,,1.0,,0,,en,1.0
45,95,290,237,1.0,,1.0,,0,,en,0.0
42,77,6122,134,,,1.0,7200.0,1,,en-gb,0.0
6,39,373,133,,,1.0,-21600.0,1,,en,0.0
0,14,27,261,1.0,,1.0,,0,,en,1.0
443,674,26095,181,,,1.0,25200.0,5,1.0,en,0.0
0,16,26,302,1.0,,1.0,,0,,en,1.0
2867,1259,7356,559,,,1.0,28800.0,0,1.0,en,0.0
1675,382,2451,365,1.0,,1.0,,0,,en,0.0
0,1,0,24,1.0,,1.0,,0,,en,1.0
11224,3798,322470,2886,,,1.0,-18000.0,153,1.0,en,0.0
0,12,30,322,1.0,,1.0,,0,,en,1.0
167,240,1044,146,,,,43200.0,4,,en,0.0
0,8,23,199,1.0,,1.0,,0,,en,1.0
868,28,500,196,1.0,,1.0,3600.0,1,,en,0.0
11126,286,20154,261,1.0,,1.0,-25200.0,4,1.0,en,0.0
0,24,60,521,1.0,,1.0,,0,,en,1.0
0,15,20,209,1.0,,1.0,,0,,en,1.0
0,13,14,186,1.0,,1.0,,0,,en,1.0
2777,189,2171,129,,,1.0,10800.0,1,,tr,0.0
0,22,2421,550,,,1.0,-14400.0,0,1.0,pt,1.0
0,23,52,548,1.0,,1.0,,0,,en,1.0
2015,564,29921,716,,,,-14400.0,1,1.0,en,0.0
883,436,17233,633,,,1.0,-10800.0,3,1.0,en,0.0
784,2634,64811,888,,,1.0,32400.0,186,1.0,en,0.0
0,7,553,934,1.0,,1.0,,0,,en,1.0
0,12,21,251,1.0,,1.0,,0,,en,1.0
0,10,22,266,1.0,,1.0,,0,,en,1.0
0,27,69,698,1.0,,1.0,,0,,en,1.0
0,8,16,200,1.0,,1.0,,0,,en,1.0
898,120,8272,114,,,1.0,28800.0,0,1.0,en,0.0
1723,468,15921,261,,,1.0,-18000.0,2,,en-gb,0.0
544,234,276,137,1.0,,1.0,,2,,en,0.0
1740,247,2325,980,1.0,,1.0,,3,1.0,es,0.0
886,989,24689,931,1.0,,1.0,10800.0,45,1.0,en,0.0
0,20,35,350,1.0,,1.0,,0,,en,1.0
4128,393,8641,985,,,1.0,-25200.0,34,1.0,en,0.0
0,19,50,506,1.0,,1.0,,0,,en,1.0
3454,448,8441,400,,,1.0,28800.0,1,1.0,en,0.0
10,12,107,41,1.0,,1.0,,0,1.0,en,0.0
0,23,81,807,1.0,,1.0,,0,,en,1.0
0,0,4,25,1.0,,1.0,,0,,en,1.0
0,10,0,559,1.0,,1.0,,0,,en,1.0
87,416,18732,345,,,1.0,-36000.0,1,1.0,id,0.0
0,19,31,267,1.0,,1.0,,0,,en,1.0
0,11,22,236,1.0,,1.0,,0,,en,1.0
0,11,17,246,1.0,,1.0,,0,,en,1.0
5895,377,17939,367,,,1.0,-18000.0,1,1.0,en,0.0
0,25,30,299,1.0,,1.0,,0,,en,1.0
124,190,3517,252,,,1.0,28800.0,2,1.0,en,0.0
4152,499,9676,496,,,1.0,28800.0,2,1.0,en,0.0
11127,1944,7553,2147,,,,43200.0,6,,en,0.0
0,9,26,223,1.0,,1.0,,0,,en,1.0
2179,607,2787,882,,,1.0,,9,,en,0.0
2170,4126,59543,4094,,,1.0,-18000.0,195,1.0,en,0.0
0,2,2,15,1.0,,1.0,,0,,en,1.0
0,4,6,301,,,1.0,,0,,en,1.0
3,289,1745,215,,,1.0,-18000.0,26,,en,0.0
1735,1559,29479,799,,,1.0,7200.0,42,1.0,en,0.0
5293,400,8877,173,,,1.0,7200.0,2,1.0,en,0.0
64,254,8643,336,,,1.0,-25200.0,1,1.0,en,0.0
5812,321,25977,862,1.0,,1.0,19800.0,3,1.0,en,0.0
4,10,25,569,,,1.0,-21600.0,1,,es,1.0
514,352,19159,986,,,,-25200.0,7,,en,0.0
1683,15346,35047,2904,,,1.0,-18000.0,59,1.0,en,0.0
4817,1391,1486,1473,1.0,,1.0,,6,,de,0.0
115,26,5181,22,,,1.0,-25200.0,1,,en,0.0
0,9,16,220,1.0,,1.0,,0,,en,1.0
0,6,22,232,1.0,,1.0,,0,,en,1.0
0,16,19,247,1.0,,1.0,,0,,en,1.0
205,2333,49037,764,,,1.0,28800.0,12,1.0,en,0.0
0,23,50,556,1.0,,1.0,,0,,en,1.0
0,10,17,212,1.0,,1.0,,0,,en,1.0
3843,1248,9842,2001,,,1.0,-10800.0,10,1.0,en,0.0
2784,608,5850,262,,,1.0,-25200.0,1,1.0,en,0.0
372,56,249,146,,,1.0,,0,,pt,0.0
43,208,135,263,,,,19800.0,2,1.0,en,0.0
0,15,12,201,1.0,,1.0,,0,,en,1.0
0,29,33,313,1.0,,1.0,,0,,en,1.0
238,219,3189,309,,,,,3,,en,0.0
0,12,26,258,1.0,,1.0,,0,,en,1.0
17451,519,25976,321,,,,28800.0,1,1.0,en,0.0
0,12,42,356,1.0,,1.0,,0,,en,1.0
0,11,17,236,1.0,,1.0,,0,,en,1.0
0,8,9,183,1.0,,1.0,,0,,en,1.0
0,18,36,286,1.0,,1.0,,0,,en,1.0
72,385,10339,200,,,1.0,19800.0,7,1.0,en,0.0
0,8,18,170,1.0,,1.0,,0,,en,1.0
0,8,26,232,1.0,,1.0,,0,,en,1.0
0,6,24,196,1.0,,1.0,,0,,en,1.0
0,7,20,199,1.0,,1.0,,0,,en,1.0
0,14,28,233,1.0,,1.0,,0,,en,1.0
0,11,42,362,1.0,,1.0,,0,,en,1.0
177,126,2543,321,,,1.0,-18000.0,1,,en,0.0
35,824,12043,241,,,,-25200.0,7,1.0,en,0.0
30438,904,18822,1996,,,1.0,,12,1.0,en,0.0
0,4,19,203,1.0,,1.0,,0,,en,1.0
0,15,21,210,1.0,,1.0,,0,,en,1.0
8849,212,6303,449,,,1.0,-25200.0,4,1.0,en,0.0
4537,280,2583,337,,,1.0,,0,,en,0.0
1407,337,4854,256,1.0,,1.0,,4,1.0,en,0.0
21938,1347,57416,891,,,1.0,-25200.0,4,1.0,en,0.0
3412,616,10251,306,1.0,,1.0,,2,,en,0.0
0,23,45,529,1.0,,1.0,,0,,en,1.0
123,143,1426,145,,,1.0,18000.0,1,1.0,en,0.0
15556,776,11847,604,,,1.0,,0,,en,0.0
1,15,33,340,1.0,,1.0,,0,,en,1.0
1898,460,3298,480,1.0,,1.0,-36000.0,4,1.0,en,0.0
0,8,46,398,1.0,,1.0,,0,,en,1.0
2495,126,1339,194,,,1.0,-14400.0,1,,en,0.0
0,48,58,481,1.0,,1.0,,0,,en,1.0
0,4,0,578,1.0,,1.0,,0,,en,1.0
11035,1979,50310,2104,1.0,,1.0,-14400.0,0,1.0,en,0.0
0,18,20,212,1.0,,1.0,,0,,en,1.0
0,16,35,306,1.0,,1.0,,0,,en,1.0
387,193,2348,191,,,1.0,,0,,en,0.0
0,14,32,293,1.0,,1.0,,0,,en,1.0
0,2,1,328,1.0,,1.0,,0,,fr,1.0
3,11,5,440,1.0,,1.0,0.0,0,,en,1.0
1253,202,6583,632,,,1.0,32400.0,9,1.0,en,0.0
402,236,559,207,,,,7200.0,1,,es,0.0
1985,97,9530,194,,,1.0,-10800.0,3,1.0,pt,0.0
0,11,19,192,1.0,,1.0,,0,,en,1.0
34690,2310,69459,869,,,1.0,-18000.0,25,1.0,en,0.0
123,344,31414,318,,,1.0,-25200.0,6,,en,0.0
0,8,13,234,1.0,,1.0,,0,,en,1.0
0,5,1,502,1.0,,1.0,-18000.0,0,,en,1.0
4239,322,3715,218,,,1.0,-21600.0,0,1.0,en,0.0
0,14,31,351,1.0,,1.0,,0,,en,1.0
0,13,20,240,1.0,,1.0,,0,,en,1.0
1,15,27,348,1.0,,1.0,,0,,en,1.0
0,3,2,559,1.0,,1.0,,0,,it,1.0
1648,103,612,196,,,,-25200.0,0,1.0,en,0.0
638,690,11498,733,,,1.0,3600.0,28,1.0,en,0.0
6,547,647,1286,,,1.0,-18000.0,9,,en,1.0
10891,1711,12125,677,1.0,,1.0,-18000.0,1,1.0,en,0.0
0,10,15,201,1.0,,1.0,,0,,en,1.0
570,600,9344,46,,,1.0,19800.0,2,1.0,en,0.0
0,4,0,593,1.0,,1.0,-21600.0,0,,en,1.0
0,11,20,191,1.0,,1.0,,0,,en,1.0
7,1,6,21,1.0,,1.0,,0,1.0,en,0.0
0,7,16,239,1.0,,1.0,,0,,en,1.0
0,2,6,444,1.0,,1.0,,0,,es,1.0
465,54,857,157,,,1.0,-25200.0,0,1.0,en,0.0
22,189,1190,477,,,1.0,32400.0,17,1.0,en,1.0
10479,1080,14879,1996,,,1.0,,3,1.0,en,0.0
70,62,496,95,,,1.0,,0,,en,0.0
0,15,32,328,1.0,,1.0,,0,,en,1.0
0,16,59,599,1.0,,1.0,,0,,en,1.0
701,233,3108,1534,,,1.0,-14400.0,2,,en,0.0
0,16,30,385,1.0,,1.0,,0,,en,1.0
0,4,2,540,,,1.0,,0,,es,1.0
93,70,85,150,1.0,,1.0,-25200.0,1,1.0,Select Language...,0.0
0,19,31,315,1.0,,1.0,,0,,en,1.0
676,54,2708,374,,,1.0,-25200.0,3,,en,0.0
11080,722,19287,529,,,1.0,28800.0,26,1.0,en,0.0
0,9,0,458,1.0,,1.0,,0,,es,1.0
6816,830,10772,1048,,,1.0,3600.0,31,1.0,en,0.0
63,2605,7602,2580,1.0,,1.0,7200.0,1,1.0,es,0.0
2,8,25,200,1.0,,1.0,,0,,en,1.0
1913,3937,13693,3616,,,1.0,-18000.0,169,,en,0.0
0,17,35,333,1.0,,1.0,,0,,en,1.0
0,6,14,215,1.0,,1.0,,0,,en,1.0
0,13,23,195,1.0,,1.0,,0,,en,1.0
0,2,2,29,1.0,,1.0,,0,,en,1.0
0,7,23,223,1.0,,1.0,,0,,en,1.0
0,7,29,221,1.0,,1.0,,0,,en,1.0
20,13,13,51,1.0,,1.0,,1,,en,0.0
3213,647,263,198,,,,3600.0,2,,en,0.0
0,29,48,517,1.0,,1.0,,0,,en,1.0
22424,295,24134,224,,,1.0,-25200.0,1,1.0,en,0.0
982,992,5679,2002,,,1.0,-18000.0,282,1.0,en,0.0
33,510,20348,103,,,,19800.0,2,,en,0.0
0,10,22,257,1.0,,1.0,,0,,en,1.0
4971,324,9812,199,,,1.0,-25200.0,0,1.0,en,0.0
134,192,25,471,1.0,,1.0,,0,,en,0.0
339,3152,10218,2522,,,1.0,-18000.0,86,,en,0.0
0,20,56,734,1.0,,1.0,,0,,en,1.0
25461,636,27509,592,,,1.0,-18000.0,13,1.0,en,0.0
0,22,23,357,1.0,,1.0,,0,,en,1.0
1122,239,3659,286,,,1.0,-18000.0,2,1.0,en,0.0
0,22,59,540,1.0,,1.0,,0,,en,1.0
0,12,30,245,1.0,,1.0,,0,,en,1.0
1,3,14,333,1.0,,1.0,,0,,en,1.0
0,24,42,349,1.0,,1.0,,0,,en,1.0
5,2,12,11,1.0,,1.0,,0,1.0,en,0.0
0,1,1,23,1.0,,1.0,,0,,en,1.0
0,3,6,460,1.0,,1.0,,0,,pt,1.0
7868,583,11374,420,,,1.0,,0,1.0,en,0.0
7514,407,18047,420,,,1.0,28800.0,4,1.0,en,0.0
137,374,10383,372,,,1.0,3600.0,15,1.0,en,0.0
456,12,982,18,,,1.0,-18000.0,0,,en,0.0
2510,177,2733,239,1.0,,1.0,-25200.0,2,1.0,en,0.0
6211,1100,9484,880,,,,,1,1.0,en,0.0
1402,8,1576,501,,,1.0,,1,,en,1.0
7932,321,17348,231,,,1.0,28800.0,1,,en,0.0
8331,1997,16954,2028,,,1.0,28800.0,5,1.0,en,0.0
0,20,17,276,1.0,,1.0,,0,,en,1.0
1,8,6,627,1.0,,1.0,,0,,es,1.0
1701,275,20563,236,,,,-25200.0,5,,en,0.0
1228,490,2203,673,1.0,,1.0,-25200.0,1,1.0,en,0.0
0,42,37,404,1.0,,1.0,,0,,en,1.0
0,9,14,196,1.0,,1.0,,0,,en,1.0
3811,600,8134,88,1.0,,1.0,-14400.0,4,1.0,en,0.0
0,26,69,587,1.0,,1.0,,0,,en,1.0
8097,1068,43447,822,,,,28800.0,2,1.0,en,0.0
216,127,10304,225,,,,-18000.0,2,1.0,en,0.0
0,24,70,655,1.0,,1.0,,0,,en,1.0
203,44,144,126,1.0,,1.0,,0,,en,0.0
90,3409,8275,96,,,1.0,-18000.0,56,1.0,en,0.0
0,21,27,365,1.0,,1.0,,0,,en,1.0
838,177,2448,297,1.0,,1.0,,3,1.0,en,0.0
3825,1046,23246,687,,,1.0,-25200.0,2,1.0,en,0.0
98,934,48821,387,,,1.0,10800.0,18,,en,0.0
0,23,58,461,1.0,,1.0,,0,,en,1.0
295,389,6523,892,,,1.0,28800.0,0,1.0,en,0.0
2,9,19,195,1.0,,1.0,,0,,en,1.0
0,12,21,224,1.0,,1.0,,0,,en,1.0
0,39,16,642,1.0,,1.0,,0,,en,1.0
0,4,5,390,1.0,,1.0,,0,,en,1.0
0,13,17,241,1.0,,1.0,,0,,en,1.0
0,3,0,434,1.0,,1.0,,0,,es,1.0
578,192,5842,323,,,,32400.0,2,1.0,en,0.0
0,16,27,255,1.0,,1.0,,0,,en,1.0
1,18,30,535,,,,,0,,en,1.0
0,8,24,244,1.0,,1.0,,0,,en,1.0
2133,2289,16803,2231,,,1.0,-10800.0,3,1.0,es,0.0
877,53,3927,256,1.0,,1.0,-25200.0,3,,en,0.0
313954,1301,51563,993,,,1.0,32400.0,64,,en-gb,0.0
0,10,23,244,1.0,,1.0,,0,,en,1.0
36,94,315,597,,,1.0,7200.0,4,1.0,es,0.0
864,89,1121,147,1.0,,1.0,,7,,fr,0.0
1873,615,11600,436,1.0,,1.0,-25200.0,2,1.0,en,0.0
1157,7785,283536,424,,,1.0,19800.0,217,1.0,en,0.0
0,7,16,194,1.0,,1.0,,0,,en,1.0
123,230,12196,65,,,1.0,21600.0,2,1.0,en,0.0
11690,555,20045,505,1.0,,1.0,,0,1.0,en,0.0
101,734,2041,728,,,1.0,7200.0,1,,es,0.0
0,11,2,957,1.0,,1.0,,0,,en,1.0
0,60,1742,704,,,1.0,-18000.0,0,,es,1.0
52,42,430,174,1.0,,1.0,,7,,en,0.0
0,119,109,654,1.0,,1.0,,1,,en,1.0
115,41,850,112,,,1.0,-28800.0,2,1.0,en,0.0
149,1226,47098,597,,,1.0,7200.0,43,,en,0.0
846,261,2690,359,,,1.0,-18000.0,1,1.0,en,0.0
38,54,468,97,1.0,,1.0,,1,1.0,en,0.0
0,5,18,232,1.0,,1.0,,0,,en,1.0
4687,488,5690,571,1.0,,1.0,,1,1.0,en,0.0
0,3,1,523,,,1.0,,0,,es,1.0
1180,352,5108,223,,,1.0,7200.0,0,,en,0.0
86,35,957,131,1.0,,1.0,,0,,ko,0.0
1857,218,1322,1042,,,1.0,-25200.0,0,1.0,en,0.0
7162,2317,28098,1130,,,1.0,,78,,en,0.0
1016,135,4925,141,1.0,,1.0,-21600.0,0,,en,0.0
1,322,234,234,,,1.0,18000.0,8,,en,0.0
0,5,1,549,1.0,,1.0,,0,,en,1.0
637,320,2680,257,,,1.0,,2,1.0,en,0.0
0,7,24,214,1.0,,1.0,,0,,en,1.0
7828,112,2340,136,,,,-18000.0,0,,en,0.0
1285,100,692,100,,,1.0,,0,1.0,en,0.0
0,22,37,363,1.0,,1.0,,0,,en,1.0
5788,510,20368,655,,,1.0,28800.0,2,,en,0.0
5,3,41,36,,,1.0,28800.0,0,1.0,en,0.0
3877,582,10706,447,1.0,,1.0,-14400.0,1,1.0,en,0.0
0,8,14,200,1.0,,1.0,,0,,en,1.0
170,22,741,197,1.0,,1.0,,0,,en,0.0
0,8,13,193,1.0,,1.0,,0,,en,1.0
0,11,84,481,,,1.0,-18000.0,0,1.0,en,1.0
1,13,28,488,,,1.0,,1,,es,1.0
8579,1199,16527,795,1.0,,1.0,,1,,en,0.0
384,295,20897,270,,,1.0,-25200.0,1,,en,0.0
0,9,18,187,1.0,,1.0,,0,,en,1.0
0,27,56,511,1.0,,1.0,,0,,en,1.0
0,15,12,234,1.0,,1.0,,0,,en,1.0
364,32,541,164,1.0,,1.0,-25200.0,1,,en,0.0
0,18,60,625,1.0,,1.0,,0,,en,1.0
0,8,2,412,1.0,,1.0,,0,,es,1.0
632,76,2630,158,,,1.0,3600.0,1,1.0,en,0.0
0,23,60,738,1.0,,1.0,,0,,en,1.0
0,16,37,345,1.0,,1.0,,0,,en,1.0
973,397,4783,428,,,1.0,-7200.0,1,1.0,en,0.0
0,6,19,201,1.0,,1.0,,0,,en,1.0
0,7,0,613,1.0,,1.0,,0,,en,1.0
0,17,23,287,1.0,,1.0,,0,,en,1.0
0,38,32,268,1.0,,1.0,,0,,pt,1.0
19312,5051,44627,454,,,1.0,19800.0,99,1.0,en,0.0
524,354,2259,893,,,1.0,3600.0,2,,en,0.0
0,24,67,736,1.0,,1.0,,0,,en,1.0
0,17,21,303,1.0,,1.0,,0,,en,1.0
0,9,18,195,1.0,,1.0,,0,,en,1.0
0,9,15,205,1.0,,1.0,,0,,en,1.0
10192,539,763,420,1.0,,1.0,,0,1.0,en,0.0
30086,7689,82094,207,,,1.0,46800.0,229,,en,0.0
0,22,33,432,1.0,,1.0,,0,,en,1.0
6970,701,13572,708,,,1.0,-18000.0,0,1.0,en,0.0
3110,6737,66011,1681,,,1.0,19800.0,205,1.0,en,0.0
12761,363,21241,342,,,,-25200.0,9,,en,0.0
0,8,18,200,1.0,,1.0,,0,,en,1.0
26235,840,34060,1242,,,1.0,36000.0,19,1.0,en,0.0
0,24,37,373,1.0,,1.0,,0,,en,1.0
0,8,17,218,1.0,,1.0,,0,,en,1.0
5631,491,32443,208,1.0,,1.0,-14400.0,1,1.0,en,0.0
0,43,149,936,1.0,,1.0,,0,,en,1.0
0,14,28,206,1.0,,1.0,,0,,en,1.0
273,75,595,63,,,1.0,28800.0,0,,en,0.0
11141,435,2785,684,,,1.0,-25200.0,0,1.0,en,0.0
22887,210,2559,416,,,1.0,-14400.0,2,,en,0.0
0,1,3,22,1.0,,1.0,,0,,en,1.0
3489,615,17619,580,,,1.0,7200.0,1,1.0,en,0.0
0,4,8,415,1.0,,1.0,,0,,en,1.0
7159,930,18492,282,,,1.0,7200.0,7,1.0,en,0.0
1496,1023,24315,321,,,1.0,-18000.0,6,,en,0.0
0,25,60,652,1.0,,1.0,,0,,en,1.0
0,24,31,379,1.0,,1.0,,0,,en,1.0
0,11,19,245,1.0,,1.0,,0,,en,1.0
0,11,7998,1,1.0,1.0,1.0,,3,,en,0.0
0,15,47,520,1.0,,1.0,,0,,en,1.0
1937,986837,333504,1111,,,1.0,28800.0,4840,1.0,en,0.0
0,0,1,537,1.0,,1.0,,0,,es,1.0
0,12,19,239,1.0,,1.0,,0,,en,1.0
66,564,17862,1085,,,,-18000.0,21,1.0,en,0.0
935,326,2508,177,1.0,,1.0,,1,1.0,en,0.0
0,7,20,271,1.0,,1.0,,0,,en,1.0
56,148,1373,318,,,1.0,-18000.0,4,,en,0.0
0,25,66,731,1.0,,1.0,,0,,en,1.0
0,4,0,601,1.0,,1.0,,0,,en,1.0
334,563,1654,1120,,,,7200.0,17,1.0,en,0.0
156,355,11189,263,,,1.0,-7200.0,1,1.0,en,0.0
7502,92,537,19,,,1.0,-14400.0,1,1.0,en,0.0
4093,453,21805,302,,,1.0,28800.0,3,,en,0.0
0,3,19,216,1.0,,1.0,,0,,en,1.0
0,19,48,427,1.0,,1.0,,0,,en,1.0
0,25,41,349,1.0,,1.0,,0,,en,1.0
12,3,240,577,1.0,,1.0,,0,,en,1.0
1363,138,1901,424,,,,,5,1.0,en-gb,0.0
1914,151,3753,137,1.0,,1.0,-25200.0,0,1.0,en,0.0
0,26,63,593,1.0,,1.0,,0,,en,1.0
11185,859,3435,1588,,,1.0,-10800.0,1,1.0,es,0.0
1987,2293,38420,2198,,,1.0,-14400.0,2,,en,0.0
0,6,61,671,1.0,,1.0,,0,,en,1.0
107,88,1804,956,,,1.0,18000.0,3,1.0,en,0.0
11581,414,32797,173,,,1.0,-10800.0,2,1.0,en,0.0
0,12,32,286,1.0,,1.0,,0,,en,1.0
2523,3943,77978,451,,,1.0,-14400.0,151,,en,0.0
0,7,19,192,1.0,,1.0,,0,,en,1.0
1729,133,8172,109,1.0,,1.0,,16,,en,0.0
0,16,34,275,1.0,,1.0,,0,,en,1.0
12,68,65,832,,,1.0,0.0,0,1.0,en,1.0
35952,1645,57210,2001,,,1.0,-28800.0,5,1.0,en,0.0
241,37,2656,68,,,1.0,28800.0,1,1.0,zh-tw,0.0
525,42,1523,203,,,,32400.0,0,,en,0.0
7872,327,9878,303,,,1.0,,1,,en,0.0
19,228,7226,113,,,,36000.0,19,,en,0.0
25,28,383,374,,,1.0,-25200.0,2,1.0,en,0.0
0,10,42,388,1.0,,1.0,,0,,en,1.0
0,13,22,242,1.0,,1.0,,0,,en,1.0
0,6,0,540,1.0,,1.0,,0,,en,1.0
1,14,156,194,1.0,,1.0,-25200.0,0,1.0,en,1.0
15923,195,12518,155,,,,-25200.0,0,1.0,en,0.0
7362,223,5587,217,,,1.0,,0,1.0,en,0.0
2600,416,11187,292,1.0,,1.0,,0,,en,0.0
104,20,159,267,1.0,1.0,1.0,,0,,en,0.0
0,25,50,443,1.0,,1.0,,0,,en,1.0
0,3,0,567,1.0,,1.0,,0,,es,1.0
809,399,713,318,,,1.0,-18000.0,0,1.0,en,0.0
0,26,41,588,1.0,,1.0,,0,,en,1.0
3966,931,21075,668,,,1.0,-18000.0,0,1.0,en,0.0
0,22,53,622,1.0,,1.0,,0,,en,1.0
0,3,0,415,1.0,,1.0,,0,,es,1.0
2085,123,4403,113,1.0,,1.0,,1,1.0,en,0.0
0,8,15,187,1.0,,1.0,,0,,en,1.0
0,28,63,535,1.0,,1.0,,0,,en,1.0
7999,1309,40986,230,,,1.0,14400.0,2,,en,0.0
0,19,41,665,1.0,,1.0,,0,,en,1.0
0,17,65,607,1.0,,1.0,,0,,en,1.0
0,8,19,172,1.0,,1.0,,0,,en,1.0
0,3,14,188,1.0,,1.0,,0,,en,1.0
13889,4073,60078,142,,,1.0,-14400.0,78,1.0,es,0.0
32,100,803,680,,,,,3,,en,0.0
12660,1263,34050,774,1.0,,1.0,-25200.0,4,1.0,en,0.0
0,11,56,554,1.0,,1.0,,0,,en,1.0
0,15,36,320,1.0,,1.0,,0,,en,1.0
100,20,348,67,1.0,,1.0,,0,1.0,en,0.0
0,10,26,194,1.0,,1.0,,0,,en,1.0
2,9,19,191,1.0,,1.0,,0,,en,1.0
0,22,49,478,1.0,,1.0,,0,,en,1.0
0,8,12,171,1.0,,1.0,,0,,en,1.0
7709,431,3643,565,1.0,,1.0,,0,1.0,en,0.0
584,1457,100611,282,,,1.0,19800.0,61,1.0,en,0.0
0,5,1,485,1.0,,1.0,-25200.0,0,,es,1.0
360,68,982,265,,,,21600.0,0,,en,0.0
2597,259,9483,619,1.0,,1.0,,3,1.0,en,0.0
0,3,1,448,1.0,,1.0,,0,,es,1.0
1003,852,12833,216,1.0,,1.0,28800.0,1,1.0,en,0.0
0,24,27,294,1.0,,1.0,,0,,en,1.0
17380,520,50703,473,1.0,,1.0,,17,1.0,en,0.0
510,229,2127,262,1.0,,1.0,-28800.0,0,1.0,en,0.0
32,259,3978,530,,,1.0,25200.0,0,1.0,id,0.0
3103,1641,18523,153,,,1.0,-28800.0,1,1.0,en,0.0
9197,470,8396,480,,,,-25200.0,0,1.0,en,0.0
0,18,50,685,1.0,,1.0,,0,,en,1.0
323,371,5290,539,,,1.0,18000.0,14,1.0,en,0.0
90,541,20853,477,,,1.0,7200.0,6,1.0,en,0.0
0,1,2,38,1.0,,1.0,,0,,en,1.0
1944,424,4146,273,,,1.0,-14400.0,2,1.0,es,0.0
0,11,20,236,1.0,,1.0,,0,,en,1.0
761,317,28772,281,,,1.0,28800.0,2,1.0,en,0.0
34,834,1677,264,,,1.0,19800.0,28,,en,0.0
0,19,8,228,,,1.0,,0,,pt,1.0
7,271,221,1199,,,1.0,-18000.0,5,1.0,en,1.0
0,20,22,262,1.0,,1.0,,0,,en,1.0
563,27,1054,71,,,1.0,46800.0,0,1.0,en,0.0
0,23,34,342,1.0,,1.0,,0,,en,1.0
0,12,44,298,1.0,,1.0,,0,,en,1.0
0,8,22,207,1.0,,1.0,,0,,en,1.0
0,12,48,453,,,1.0,-21600.0,0,,en,1.0
0,7,44,442,1.0,,1.0,,0,,en,1.0
0,18,26,266,1.0,,1.0,,0,,en,1.0
0,77,2135,109,1.0,,1.0,-18000.0,4,,en,0.0
571,257,376,276,1.0,,1.0,43200.0,0,,en,0.0
0,22,61,609,1.0,,1.0,,0,,en,1.0
578,783,7512,1993,,,1.0,28800.0,0,1.0,en,0.0
119160,10588,38224,6651,,,1.0,-25200.0,538,,en,0.0
4466,321,31897,547,,,1.0,-14400.0,7,1.0,en,0.0
0,9,21,208,1.0,,1.0,,0,,en,1.0
2227,421,2408,338,1.0,,1.0,28800.0,5,1.0,en,0.0
139,26,406,44,1.0,,1.0,,1,1.0,en,0.0
0,4,2,624,,,1.0,,0,,es,1.0
0,19,74,736,1.0,,1.0,,0,,en,1.0
0,10,21,217,1.0,,1.0,,0,,en,1.0
23,8,79,24,1.0,,1.0,,0,,en,0.0
0,17,7,459,1.0,,1.0,,0,,en,1.0
4215,93,282,103,1.0,,1.0,,1,,en,0.0
0,12,24,327,1.0,,1.0,,0,,en,1.0
0,6,20,203,1.0,,1.0,,0,,en,1.0
1782,93,786,371,1.0,,1.0,,3,1.0,en,0.0
0,9,20,205,1.0,,1.0,,0,,en,1.0
0,7,5,221,,,1.0,,1,,es,1.0
0,9,18,190,1.0,,1.0,,0,,en,1.0
11161,15305,108575,1543,,,1.0,19800.0,132,,en,0.0
0,1,3,22,1.0,,1.0,,0,,en,1.0
0,10,21,203,1.0,,1.0,,0,,en,1.0
629,1209,14159,378,,,1.0,-25200.0,80,1.0,en,0.0
156,261,2494,253,,,1.0,,0,1.0,en,0.0
2951,496,2380,989,,,1.0,7200.0,5,1.0,es,0.0
1110,286,6629,127,,,1.0,10800.0,2,1.0,en,0.0
1009,69,2866,72,1.0,,1.0,,0,,en,0.0
4491,429,10957,394,,,1.0,-36000.0,0,,en,0.0
11606,1287,42462,1167,,,1.0,-14400.0,4,,en-gb,0.0
0,16,28,325,1.0,,1.0,,0,,en,1.0
0,15,16,268,1.0,,1.0,,0,,en,1.0
1924,524,8494,948,1.0,,1.0,,3,,en,0.0
439,18,476,235,,,1.0,7200.0,0,,de,0.0
0,8,24,210,1.0,,1.0,,0,,en,1.0
10396,333,32374,192,,,1.0,-25200.0,0,1.0,en,0.0
0,9,0,586,1.0,,1.0,,0,,es,1.0
2404,1201,27942,897,,,1.0,3600.0,33,1.0,en,0.0
0,14,22,260,1.0,,1.0,,0,,en,1.0
6312,253,18166,75,,,,-28800.0,1,1.0,en,0.0
0,10,28,51,1.0,,1.0,,0,1.0,zh-TW,0.0
0,11,20,354,1.0,,1.0,,0,,en,1.0
0,12,25,198,1.0,,1.0,,0,,en,1.0
0,1,0,513,1.0,,1.0,,0,,ru,1.0
9429,1166,52158,893,,,1.0,-14400.0,1,1.0,en,0.0
2291,186,4715,359,,,1.0,-18000.0,1,,en,0.0
0,7,21,227,1.0,,1.0,,0,,en,1.0
0,18,24,271,1.0,,1.0,,0,,en,1.0
1395,209,2859,296,1.0,,1.0,,1,,en,0.0
2607,257,9564,274,1.0,,1.0,,1,,en,0.0
0,8,16,196,1.0,,1.0,,0,,en,1.0
1446,308,40408,149,,,1.0,-25200.0,0,1.0,en,0.0
0,15,39,332,1.0,,1.0,,0,,en,1.0
1365,96,4503,119,1.0,,1.0,,1,,en,0.0
0,12,20,272,1.0,,1.0,,0,,en,1.0
9175,500,9550,416,,,1.0,28800.0,4,1.0,en,0.0
336,29,543,46,1.0,,1.0,-18000.0,0,,en,0.0
4728,287,30611,904,,,1.0,,7,1.0,en,0.0
0,7,3,532,1.0,,1.0,,0,,es,1.0
17,27,21,70,1.0,,1.0,,0,,en,0.0
4913,227,1826,123,1.0,,1.0,-25200.0,0,,en,0.0
10545,3218,26443,1943,,,1.0,10800.0,10,1.0,en,0.0
0,23,54,459,1.0,,1.0,,0,,en,1.0
0,23,32,344,1.0,,1.0,,0,,en,1.0
0,12,9,612,,,1.0,-25200.0,0,,es,1.0
14,3,202,550,1.0,,1.0,,0,,en,1.0
0,5,26,213,1.0,,1.0,,0,,en,1.0
1759,759,8119,346,,,1.0,-25200.0,0,1.0,en-gb,0.0
3,6,10,335,,,1.0,3600.0,0,,fr,1.0
0,53,95,733,,,1.0,,0,,pt,1.0
1497,1327,25130,739,,,1.0,-18000.0,5,1.0,en,0.0
0,13,20,238,1.0,,1.0,,0,,en,1.0
180,118,718,224,,,1.0,28800.0,2,,en,0.0
0,4,2,536,,,,,0,,es,1.0
4718,771,35914,392,,,1.0,28800.0,9,1.0,en,0.0
1,15,21,249,1.0,,1.0,,0,,en,1.0
0,12,20,245,1.0,,1.0,,0,,en,1.0
875,187,46294,366,,,1.0,-25200.0,6,1.0,en,0.0
0,1,3,22,1.0,,1.0,,0,,en,1.0
1151,269,1091,328,1.0,,1.0,,0,,en,0.0
2796,409,2796,317,1.0,,1.0,,1,,en,0.0
1169,345,3101,219,,,,-25200.0,4,1.0,en,0.0
0,9,20,172,1.0,,1.0,,0,,en,1.0
2120,421,2212,488,1.0,,1.0,,0,1.0,en,0.0
3851,663,35142,500,,,1.0,-21600.0,5,1.0,en,0.0
0,7,57,211,,,1.0,3600.0,0,,fr,1.0
211,122,109,229,1.0,,1.0,,0,1.0,en-GB,0.0
11,10,48,547,1.0,,1.0,,0,,en,1.0
0,12,19,225,1.0,,1.0,,0,,en,1.0
14,7,52,583,1.0,,1.0,,0,1.0,en,1.0
2724,14844,54857,139,,,1.0,28800.0,145,1.0,zh-tw,0.0
896,267,4120,241,,,1.0,,2,1.0,en,0.0
0,4,0,541,1.0,,1.0,,0,,es,1.0
9,38,244,518,1.0,,1.0,,0,1.0,en,1.0
2,12,21,192,1.0,,1.0,,0,,en,1.0
237,189,7849,231,,,1.0,-18000.0,3,1.0,en,0.0
13,63,215,901,1.0,,1.0,,0,,en,1.0
0,9,16,168,1.0,,1.0,,0,,en,1.0
0,25,61,619,1.0,,1.0,,0,,en,1.0
0,14,3,413,,,1.0,3600.0,0,1.0,es,1.0
669,443,753,308,1.0,,1.0,,0,1.0,en,0.0
0,13,59,542,1.0,,1.0,,0,,en,1.0
0,8,28,240,1.0,,1.0,,0,,en,1.0
1949,1957,40968,1286,,,1.0,-21600.0,1,1.0,en,0.0
1910,447,8902,197,1.0,,1.0,-14400.0,0,1.0,en,0.0
0,8,25,224,1.0,,1.0,,0,,en,1.0
10150,1574,77001,1427,,,,-14400.0,13,1.0,en,0.0
0,12,20,265,1.0,,1.0,,0,,en,1.0
53,56,78,216,1.0,,1.0,,1,,en,0.0
0,4,28,225,1.0,,1.0,,0,,en,1.0
2,9,29,219,1.0,,1.0,,0,,en,1.0
0,17,50,587,1.0,,1.0,,0,,en,1.0
24,2049,24676,379,,,1.0,-18000.0,23,,en,0.0
0,18,32,302,1.0,,1.0,,0,,en,1.0
0,13,21,187,1.0,,1.0,,0,,en,1.0
444,39,166,90,1.0,,1.0,,0,,en,0.0
3880,254,12521,230,,,1.0,28800.0,1,1.0,en,0.0
5,48,371,440,1.0,,1.0,,0,1.0,en,1.0
0,8,8,604,1.0,,1.0,,0,,en,1.0
1,15,29,208,1.0,,1.0,,0,,en,1.0
1278,295,13352,1216,,,1.0,-25200.0,4,,en,0.0
332,1053,12528,880,,,1.0,-25200.0,2,1.0,en,0.0
4326,371,3138,314,1.0,,1.0,,0,1.0,en,0.0
0,18,37,549,1.0,,1.0,,0,,en,1.0
0,8,18,189,1.0,,1.0,,0,,en,1.0
1645,70,2507,105,,,1.0,28800.0,0,1.0,en,0.0
0,48,7,599,,,1.0,3600.0,2,1.0,es,1.0
0,22,1,948,,,1.0,,0,,en,1.0
4838,289,7236,515,1.0,,1.0,-14400.0,2,1.0,en,0.0
7600,292,9770,232,,,1.0,-10800.0,4,,en,0.0
1,58,30,529,,,1.0,28800.0,0,,en,1.0
16,12,491,549,1.0,,1.0,,0,,en,1.0
1197,226,3839,419,,,,,3,1.0,en,0.0
0,30,68,560,1.0,,1.0,,0,,en,1.0
31,399,3141,99,,,1.0,18000.0,3,1.0,en,0.0
0,4,2,471,,,1.0,-32400.0,0,1.0,en,1.0
0,17,65,650,1.0,,1.0,,0,,en,1.0
0,4,0,617,1.0,,1.0,,0,,en,1.0
0,21,55,614,1.0,,1.0,,0,,en,1.0
50,193,328,378,,,,-10800.0,4,,en,0.0
0,10,26,267,1.0,,1.0,,0,,en,1.0
0,8,17,217,1.0,,1.0,,0,,en,1.0
180,29,364,88,1.0,,1.0,,0,1.0,en,0.0
0,9,20,334,1.0,,1.0,,0,,en,1.0
0,17,29,281,1.0,,1.0,,0,,en,1.0
12,5,1676,711,1.0,,1.0,,0,,ru,1.0
130,22,73,210,1.0,,1.0,,0,,en,0.0
934,144,420,94,,,1.0,,1,1.0,en,0.0
1006,406,8901,744,1.0,,1.0,-36000.0,13,1.0,en,0.0
1045,305,1529,764,,,1.0,,1,1.0,en,0.0
0,13,25,263,1.0,,1.0,,0,,en,1.0
221,393,12688,202,,,1.0,28800.0,1,1.0,en,0.0
3,37,446,479,,,1.0,,0,,fr,1.0
628,154,15289,152,,,1.0,28800.0,3,1.0,en,0.0
0,26,42,532,1.0,,1.0,,0,,en,1.0
9,297,8952,192,1.0,,1.0,,0,1.0,en,0.0
2292,170,3258,174,,,1.0,-18000.0,0,1.0,en,0.0
1363,81,2298,211,,,,-18000.0,3,1.0,en,0.0
0,10,23,233,1.0,,1.0,,0,,en,1.0
0,5,3,320,1.0,,1.0,,0,,fr,1.0
8992,742,1662,497,,,1.0,7200.0,2,,en,0.0
0,24,62,598,1.0,,1.0,,0,,en,1.0
237,27,258,114,1.0,,1.0,,0,1.0,zh-tw,0.0
3677,531,7924,263,,,1.0,,1,1.0,en,0.0
558,235,9213,309,,,1.0,-25200.0,2,1.0,en,0.0
1,20,63,715,1.0,,1.0,,0,,en,1.0
0,10,38,405,1.0,,1.0,,0,,en,1.0
5881,357,6433,341,,,1.0,-21600.0,1,1.0,en,0.0
0,11,20,208,1.0,,1.0,,0,,en,1.0
10163,3949,39599,166,,,1.0,28800.0,6,1.0,en,0.0
0,15,22,239,1.0,,1.0,,0,,en,1.0
5,26,531,24,1.0,,1.0,-25200.0,0,,en,0.0
259,773,706,1996,1.0,,1.0,,0,1.0,en,0.0
2133,205,1076,276,1.0,,1.0,,2,,en,0.0
195,22452,26783,24691,,,1.0,-25200.0,492,,en,0.0
2506,376,1708,155,,,1.0,,0,,en,0.0
3,34,10,166,1.0,,1.0,-25200.0,2,,en,0.0
0,11,23,205,1.0,,1.0,,0,,en,1.0
0,10,16,199,1.0,,1.0,,0,,en,1.0
0,10,24,201,1.0,,1.0,,0,,en,1.0
101,232,2132,225,,,1.0,-18000.0,56,,en,0.0
0,10,14,211,1.0,,1.0,,0,,en,1.0
0,13,36,290,1.0,,1.0,,0,,en,1.0
1229,269,3629,187,,,1.0,-18000.0,0,1.0,en,0.0
0,2,2,24,1.0,,1.0,,0,,en,1.0
0,12,21,249,1.0,,1.0,,0,,en,1.0
0,26,81,703,1.0,,1.0,,0,,en,1.0
0,25,71,503,1.0,,1.0,,0,,en,1.0
0,20,57,621,1.0,,1.0,,0,,en,1.0
543,27,778,63,,,1.0,,0,1.0,en,0.0
139,211,6752,959,,,1.0,-21600.0,12,1.0,en,0.0
22,1154,41468,232,,,1.0,-25200.0,3,1.0,en,0.0
710,179,1090,271,,,1.0,-14400.0,0,,en,0.0
117,243,1313,832,,,,,10,1.0,en,0.0
652,2351,10380,1708,,,1.0,-39600.0,4,1.0,nl,0.0
2532,481,61237,504,,,1.0,-18000.0,8,1.0,en,0.0
2672,226,437,187,1.0,,1.0,,0,1.0,en,0.0
2324,281,4483,651,,,,-18000.0,3,1.0,en,0.0
1129,223,8117,177,,,,-14400.0,0,1.0,en,0.0
12480,1051,10601,1056,,,1.0,-14400.0,23,1.0,en,0.0
1875,451,346,403,1.0,,1.0,,0,,en,0.0
0,13,20,239,1.0,,1.0,,0,,en,1.0
142,260,1284,100,1.0,,1.0,,1,,en,0.0
0,5,3,416,,,1.0,,0,,en,1.0
5707,168,4416,212,1.0,,1.0,,0,,en,0.0
0,9,17,193,1.0,,1.0,,0,,en,1.0
11518,226,4448,296,,,1.0,-25200.0,1,1.0,en,0.0
0,5,15,194,1.0,,1.0,,0,,en,1.0
22077,628,24805,391,,,,-25200.0,5,1.0,en,0.0
1358,211,24572,327,,,1.0,-28800.0,4,1.0,en,0.0
0,17,32,308,1.0,,1.0,,0,,en,1.0
82,777,1116,296,,,1.0,-10800.0,4,1.0,es,0.0
0,6,11,449,1.0,,1.0,-21600.0,0,1.0,en,1.0
0,9,15,187,1.0,,1.0,,0,,en,1.0
3363,9527,10854,887,,,,-28800.0,15,,en,0.0
0,1,2,36,1.0,,1.0,,0,,en,1.0
9,58,7783,97,,,1.0,28800.0,2,,en,0.0
0,15,24,244,1.0,,1.0,,0,,en,1.0
0,3,21,162,1.0,,1.0,,0,,en,1.0
629,52,92,266,1.0,,1.0,,0,1.0,en,0.0
489,254,4240,236,,,1.0,0.0,0,,en,0.0
0,16,23,198,1.0,,1.0,,0,,en,1.0
11,6,29,545,1.0,,1.0,,0,,en,1.0
0,2,10,620,1.0,,1.0,,0,,en,1.0
1310,1645,187388,1911,,,1.0,-18000.0,17,1.0,en,0.0
35,205,7580,221,,,1.0,28800.0,0,,en,0.0
0,6,1,585,1.0,,1.0,,0,,en,1.0
1188,769,7406,469,1.0,,1.0,,1,,en,0.0
88,1227,52525,413,,,1.0,-25200.0,55,,en,0.0
0,7,20,250,1.0,,1.0,,0,,en,1.0
9676,1169,34997,546,,,1.0,-25200.0,13,1.0,en,0.0
10626,423,19678,261,,,1.0,-14400.0,4,,en,0.0
0,5,5,515,1.0,,1.0,,0,,es,1.0
0,3,24,214,1.0,,1.0,,0,,en,1.0
0,9,30,217,1.0,,1.0,,0,,en,1.0
6516,413,29203,359,1.0,,1.0,-25200.0,2,1.0,en,0.0
25614,1519,30833,1993,,,,,42,,fr,0.0
0,6,6,403,,,1.0,-14400.0,0,1.0,es,1.0
941,651,2310,744,,,1.0,-25200.0,4,1.0,en,0.0
0,8,12,212,1.0,,1.0,,0,,en,1.0
0,10,19,201,1.0,,1.0,,0,,en,1.0
24446,6375,53591,6995,1.0,,1.0,,153,1.0,en,0.0
262,117,715,214,1.0,,1.0,,0,,en,0.0
0,14,24,235,1.0,,1.0,,0,,en,1.0
603,3062,192832,381,,,1.0,-25200.0,63,,en,0.0
3376,924,4860,1130,1.0,,1.0,,1,1.0,en,0.0
1606,57,2467,55,,,1.0,-14400.0,2,,en,0.0
0,16,24,275,1.0,,1.0,,0,,en,1.0
0,9,18,203,1.0,,1.0,,0,,en,1.0
2503,292,8622,634,,,1.0,-25200.0,1,1.0,en,0.0
0,1,3,23,1.0,,1.0,,0,,en,1.0
0,13,28,347,1.0,,1.0,,0,,en,1.0
0,20,60,527,1.0,,1.0,,0,,en,1.0
0,7,17,226,1.0,,1.0,,0,,en,1.0
1399,2151,1922,531,1.0,,1.0,-18000.0,69,1.0,en,0.0
22588,17806,84194,16707,,,1.0,-10800.0,43,1.0,en-gb,0.0
1,35,18,657,,,,,0,,pt,1.0
0,14,30,300,1.0,,1.0,,0,,en,1.0
0,6,5,482,1.0,,1.0,3600.0,0,,fr,1.0
1209,472,8562,321,,,,-25200.0,0,1.0,en,0.0
5685,961,65499,1397,,,1.0,-18000.0,21,,en,0.0
14535,378,17390,251,,,1.0,-25200.0,0,1.0,en,0.0
519,394,1921,371,,,1.0,,1,,en,0.0
0,13,13,231,1.0,,1.0,,0,,en,1.0
135,88,1232,95,,,1.0,28800.0,1,1.0,en,0.0
0,25,56,527,1.0,,1.0,,0,,en,1.0
307,78,1116,136,1.0,,1.0,3600.0,4,1.0,en,0.0
1419,74,1190,114,,,,,1,1.0,en,0.0
48,224,1431,302,,,1.0,-14400.0,7,1.0,en,0.0
22245,308,14154,320,1.0,,1.0,,0,,en,0.0
0,2,3,24,1.0,,1.0,,0,,en,1.0
0,24,40,404,1.0,,1.0,,0,,en,1.0
1762,354,15529,290,,,1.0,-25200.0,6,1.0,en,0.0
0,13,54,504,1.0,,1.0,,0,,en,1.0
0,14,19,240,1.0,,1.0,,0,,en,1.0
5547,440,40607,620,,,1.0,-25200.0,6,,en,0.0
1171,464,1802,457,,,1.0,32400.0,1,,ja,0.0
0,13,18,209,1.0,,1.0,,0,,en,1.0
0,8,19,207,1.0,,1.0,,0,,en,1.0
0,3,0,597,1.0,,1.0,,0,,en,1.0
0,22,46,575,1.0,,1.0,,0,,en,1.0
0,11,22,253,1.0,,1.0,,0,,en,1.0
0,6,1,540,1.0,,1.0,,1,,es,1.0
5362,2366,41531,2229,,,1.0,-25200.0,49,,en,0.0
1092,837,6898,816,1.0,,1.0,,0,,en,0.0
4775,385,19835,278,,,1.0,18000.0,4,1.0,en,0.0
0,22,54,595,1.0,,1.0,,0,,en,1.0
20,41,138,42,1.0,,1.0,28800.0,2,,en,0.0
15658,1216,24758,842,,,1.0,-14400.0,9,,en,0.0
0,16,27,282,1.0,,1.0,,0,,en,1.0
856,88,1984,124,,,1.0,-14400.0,3,1.0,en,0.0
0,24,54,592,1.0,,1.0,,0,,en,1.0
0,0,0,20,1.0,,1.0,,0,,en,1.0
0,1,9,421,1.0,,1.0,28800.0,0,1.0,en,1.0
0,4,20,200,1.0,,1.0,,0,,en,1.0
0,9,21,225,1.0,,1.0,,0,,en,1.0
932,278,1365,208,1.0,,1.0,,0,1.0,en,0.0
791,2567,3594,1336,,,1.0,,16,,en,0.0
3836,777,102429,88,,,1.0,-25200.0,8,1.0,en,0.0
21269,525,16281,301,,,1.0,-14400.0,2,1.0,en,0.0
3064,479,12559,2001,,,1.0,28800.0,1,1.0,en,0.0
0,12,26,288,1.0,,1.0,,0,,en,1.0
1424,3842,5825,1926,,,1.0,-16200.0,8,1.0,es,0.0
5542,1203,12230,2001,,,1.0,-25200.0,4,1.0,en,0.0
307,74,85,121,1.0,,1.0,,0,,en,0.0
24,3656,1515,238,,,1.0,-10800.0,14,,en,0.0
663,372,37857,547,,,1.0,28800.0,6,1.0,en,0.0
0,18,39,382,1.0,,1.0,,0,,en,1.0
0,18,40,452,1.0,,1.0,,0,,en,1.0
13784,2122,64459,1585,,,1.0,-25200.0,1,1.0,en,0.0
0,13,21,178,1.0,,1.0,,0,,en,1.0
3124,483,19532,241,1.0,,1.0,-25200.0,2,,en,0.0
60,946,8340,753,,,1.0,-18000.0,55,1.0,en,0.0
198,369,2388,306,1.0,,1.0,,5,1.0,en,0.0
28304,2158,10577,939,,,,3600.0,16,1.0,en,0.0
1574,273,13353,468,,,1.0,-18000.0,5,,en,0.0
2,12,22,190,1.0,,1.0,,0,,en,1.0
0,27,57,520,1.0,,1.0,,0,,en,1.0
0,25,44,593,1.0,,1.0,,0,,en,1.0
1,9,45,466,1.0,,1.0,28800.0,0,,en,1.0
0,20,44,562,1.0,,1.0,,0,,en,1.0
8775,700,5021,596,,,,-18000.0,0,,en,0.0
0,0,4,41,1.0,,1.0,,0,,en,1.0
0,8,24,261,1.0,,1.0,,0,,en,1.0
0,0,0,17,1.0,,1.0,,0,,en,1.0
176,25,217,68,1.0,,1.0,43200.0,0,1.0,en,0.0
1,11,641,69,,,1.0,,0,,en,0.0
1108,48,1378,1998,1.0,,1.0,19800.0,0,,en,1.0
165,859,65064,142,,,1.0,7200.0,1,1.0,en,0.0
0,18,24,267,1.0,,1.0,,0,,en,1.0
9611,828,6678,1668,,,1.0,,10,1.0,en,0.0
0,8,14,174,1.0,,1.0,,0,,en,1.0
9466,1077,17963,696,,,1.0,-14400.0,1,1.0,en,0.0
0,1402,11496,909,,,1.0,19800.0,108,1.0,en,0.0
0,27,650,560,,,1.0,-21600.0,0,,en,1.0
0,8,25,198,1.0,,1.0,,0,,en,1.0
11,1,210,577,1.0,,1.0,,0,,en,1.0
1197,1636,119211,1212,,,1.0,28800.0,46,,en,0.0
293,749,3263,733,1.0,,1.0,,0,1.0,en,0.0
295,185,3048,83,,,1.0,18000.0,3,,en,0.0
1297,175,3259,116,,,1.0,,0,,en,0.0
0,20,48,412,1.0,,1.0,,0,,en,1.0
0,6,13,567,1.0,,1.0,,0,,en,1.0
0,35,46,519,1.0,,1.0,,0,,en,1.0
0,17,43,641,1.0,,1.0,,0,,en,1.0
4308,249,952,61,1.0,,1.0,-25200.0,1,,en,0.0
4465,436,5482,428,1.0,,1.0,,2,,en,0.0
0,15,17,177,1.0,,1.0,,0,,en,1.0
30730,879,7901,59,,,1.0,3600.0,3,,en,0.0
0,7,29,241,1.0,,1.0,,0,,en,1.0
61,503,48572,225,,,1.0,28800.0,5,1.0,en,0.0
0,16,19,216,1.0,,1.0,,0,,en,1.0
1452,857,32341,130,,,1.0,19800.0,10,1.0,en,0.0
0,20,42,337,1.0,,1.0,,0,,en,1.0
0,10,23,269,1.0,,1.0,,0,,en,1.0
2523,233,8718,739,,,1.0,-18000.0,2,,es,0.0
0,14,21,251,1.0,,1.0,,0,,en,1.0
16050,482,5099,316,1.0,,1.0,,0,1.0,en,0.0
0,5,2,571,1.0,,1.0,,0,,es,1.0
0,1,16,25,1.0,,1.0,,0,,ru,0.0
0,6,13,221,1.0,,1.0,,0,,en,1.0
0,2,3,42,1.0,,1.0,,0,,en,1.0
0,2,0,415,1.0,,1.0,,0,,es,1.0
9909,482,3912,439,,,,-14400.0,0,1.0,en,0.0
2835,4913,5063,3451,,,,28800.0,4,1.0,en,0.0
0,26,56,611,1.0,,1.0,,0,,en,1.0
370,769,32308,692,,,1.0,3600.0,3,,en,0.0
0,9,18,217,1.0,,1.0,,0,,en,1.0
14,181,1785,216,,,1.0,3600.0,1,1.0,en,0.0
9,91,373,150,,,1.0,25200.0,0,,id,0.0
1,15,608,101,1.0,,1.0,18000.0,0,,en,0.0
0,4,3,369,1.0,,1.0,3600.0,0,,en,1.0
1409,645,15150,508,,,1.0,-18000.0,2,1.0,en,0.0
0,16,28,266,1.0,,1.0,,0,,en,1.0
7394,158,5956,96,1.0,,1.0,,1,,en,0.0
0,582,17465,686,1.0,,1.0,,0,,ja,0.0
19912,2688,27962,985,,,1.0,-18000.0,14,,en,0.0
0,2,1,555,1.0,,1.0,,0,,en,1.0
0,16,62,561,1.0,,1.0,,0,,en,1.0
0,23,31,350,1.0,,1.0,,0,,en,1.0
48,21,129,168,1.0,,1.0,,0,,en,0.0
1,1,3,7,1.0,,1.0,-36000.0,0,,en,0.0
2216,273,4891,286,1.0,,1.0,,0,1.0,en,0.0
25267,3408,39787,167,,,1.0,7200.0,63,,en,0.0
0,7,20,253,1.0,,1.0,,0,,en,1.0
2472,536,3170,235,,,1.0,,0,1.0,en,0.0
0,2,0,611,1.0,,1.0,,0,,en,1.0
444,1908,37153,1156,,,1.0,,72,1.0,en,0.0
11610,3877,115585,4241,1.0,,1.0,-36000.0,128,1.0,en,0.0
0,13,20,255,1.0,,1.0,,0,,en,1.0
0,16,34,319,1.0,,1.0,,0,,en,1.0
0,29,77,753,1.0,,1.0,,0,,en,1.0
0,4,3,606,1.0,,1.0,,0,,en,1.0
11204,691,16439,458,,,1.0,-18000.0,12,1.0,en,0.0
156,3913,2466,165,1.0,,1.0,7200.0,96,1.0,es,0.0
0,1,1,24,1.0,,1.0,,0,,en,1.0
0,12,22,260,1.0,,1.0,,0,,en,1.0
0,20,30,358,1.0,,1.0,,0,,en,1.0
0,31,44,628,1.0,,1.0,,0,,en,1.0
0,7,24,216,1.0,,1.0,,0,,en,1.0
0,19,20,243,1.0,,1.0,,0,,en,1.0
0,15,24,252,1.0,,1.0,,0,,en,1.0
2128,307,5293,275,,,1.0,28800.0,1,1.0,en,0.0
0,10,17,249,1.0,,1.0,,0,,en,1.0
1124,546,5571,423,1.0,,1.0,-18000.0,0,1.0,en,0.0
0,18,36,328,1.0,,1.0,,0,,en,1.0
6099,2734,42562,997,,,1.0,10800.0,4,1.0,en,0.0
188,29,3236,16,,,,7200.0,5,,de,0.0
1,14,24,429,1.0,,1.0,-16200.0,0,1.0,es,1.0
0,1,4,32,1.0,,1.0,,0,,en,1.0
486,46,9457,163,,,1.0,-25200.0,1,,en,0.0
0,25,52,527,1.0,,1.0,,0,,en,1.0
0,7,15,607,,,1.0,,0,,tr,1.0
1,4,21,206,1.0,,1.0,,0,,en,1.0
1983,1439,28255,755,,,,7200.0,3,1.0,en,0.0
0,1,3,27,1.0,,1.0,,0,,en,1.0
3012,131,8435,78,1.0,,1.0,28800.0,0,1.0,en,0.0
2008,350,6679,210,,,1.0,10800.0,3,1.0,en,0.0
0,15,22,248,1.0,,1.0,,0,,en,1.0
0,8,16,209,1.0,,1.0,,0,,en,1.0
0,12,19,186,1.0,,1.0,,0,,en,1.0
225,403,9678,337,,,1.0,-25200.0,1,1.0,en,0.0
312,321,6182,464,,,1.0,19800.0,22,1.0,en,0.0
0,3,0,600,1.0,,1.0,,0,,en,1.0
2282,123,7072,221,,,1.0,28800.0,2,1.0,en,0.0
677,145,1257,178,1.0,,1.0,,0,1.0,en,0.0
164,535,85611,373,,,,-18000.0,2,,en,0.0
0,5,18,208,1.0,,1.0,,0,,en,1.0
4409,1070,10259,357,,,1.0,-18000.0,12,1.0,en,0.0
8291,388,6292,359,,,1.0,-25200.0,0,1.0,en,0.0
6850,549,16486,435,1.0,,1.0,,1,1.0,en,0.0
316,1450,2984,1798,1.0,,1.0,,41,,en,0.0
0,4,0,574,,,1.0,,0,,es,1.0
18083,1352,19652,1003,,,1.0,3600.0,11,,en,0.0
0,21,56,507,1.0,,1.0,,0,,en,1.0
0,45,13,557,1.0,,1.0,-10800.0,0,1.0,pt,1.0
0,9,18,204,1.0,,1.0,,0,,en,1.0
294,819,41214,758,1.0,,1.0,-14400.0,2,1.0,en,0.0
0,12,16,276,1.0,,1.0,,0,,en,1.0
2480,328,10952,292,1.0,,1.0,,0,1.0,en,0.0
0,26,34,302,1.0,,1.0,,0,,en,1.0
0,15,19,222,1.0,,1.0,,0,,en,1.0
0,22,40,468,1.0,,1.0,,0,,en,1.0
2,244,13340,415,,,1.0,-18000.0,4,1.0,es,0.0
0,7,22,213,1.0,,1.0,,0,,en,1.0
956,283,2071,225,1.0,,1.0,,1,1.0,en,0.0
0,13,21,193,1.0,,1.0,,0,,en,1.0
370,416,1811,139,1.0,,1.0,,0,1.0,en,0.0
36557,515,30783,846,,,1.0,3600.0,10,1.0,en,0.0
13278,320,14210,193,,,,-25200.0,1,1.0,en,0.0
0,16,39,336,1.0,,1.0,,0,,en,1.0
668,516,23736,286,,,1.0,-14400.0,13,,en,0.0
0,19,25,302,1.0,,1.0,,0,,en,1.0
1224,179,1770,132,1.0,,1.0,,0,,en,0.0
53631,3521,91498,987,,,1.0,-18000.0,28,1.0,en,0.0
1239,973,97292,897,1.0,,1.0,-25200.0,17,1.0,en,0.0
0,10,16,224,1.0,,1.0,,0,,en,1.0
6924,931,45923,266,,,1.0,,27,,en,0.0
0,14,12,209,1.0,,1.0,,0,,en,1.0
159,158,2642,182,1.0,,1.0,,0,,en,0.0
0,13,34,429,1.0,,1.0,,0,,en,1.0
3186,409,17761,359,,,,-28800.0,3,1.0,en,0.0
0,4,18,212,1.0,,1.0,,0,,en,1.0
0,14,29,284,1.0,,1.0,,0,,en,1.0
48,204,182,1221,1.0,,1.0,,2,,en,0.0
5993,449,18657,302,,,1.0,-25200.0,2,1.0,en,0.0
0,8,18,206,1.0,,1.0,,0,,en,1.0
3606,1170,19270,1118,,,1.0,-25200.0,1,1.0,en,0.0
43,92,1024,137,,,1.0,28800.0,3,1.0,en,0.0
0,9,32,271,1.0,,1.0,,0,,en,1.0
3525,192,304,156,,,,-25200.0,4,1.0,en,0.0
0,13,22,260,1.0,,1.0,,0,,en,1.0
0,24,30,241,1.0,,1.0,,0,,en,1.0
3988,1736,10326,1075,,,1.0,-10800.0,2,,en,0.0
830,65,211,221,1.0,,1.0,,0,,en,0.0
1,13,11,392,1.0,,1.0,,0,,en,1.0
0,9,4,603,,,1.0,,0,,pt,1.0
0,11,24,265,1.0,,1.0,,0,,en,1.0
234,294,22770,114,,,1.0,3600.0,17,1.0,en,0.0
4429,222,15649,255,,,1.0,,0,1.0,en,0.0
8,26,651,62,1.0,,1.0,,0,,en,0.0
0,13,21,203,1.0,,1.0,,0,,en,1.0
0,11,15,220,1.0,,1.0,,0,,en,1.0
5,51,25,97,1.0,,1.0,,3,,en,0.0
0,10,15,177,1.0,,1.0,,0,,en,1.0
8612,1283,82175,734,,,,-25200.0,20,1.0,en,0.0
7845,715,21113,563,,,1.0,-14400.0,4,1.0,en,0.0
0,10,24,306,1.0,,1.0,,0,,en,1.0
265,208,2177,332,,,,,1,1.0,ja,0.0
0,20,28,239,1.0,,1.0,,0,,en,1.0
107,106,2061,153,,,1.0,7200.0,1,1.0,es,0.0
353,305,2037,1878,,,1.0,,4,1.0,en,0.0
9243,541,42082,286,,,1.0,-28800.0,24,,en,0.0
0,27,55,617,1.0,,1.0,,0,,en,1.0
0,9,24,264,1.0,,1.0,,0,,en,1.0
0,14,16,236,1.0,,1.0,,0,,en,1.0
0,21,24,262,1.0,,1.0,,0,,en,1.0
12,312,10823,39,,,,-18000.0,3,1.0,en-gb,0.0
0,24,28,214,1.0,,1.0,,0,,en,1.0
0,7,17,171,1.0,,1.0,,0,,en,1.0
0,13,14,210,1.0,,1.0,,0,,en,1.0
0,6,2,394,1.0,,1.0,10800.0,0,,en,1.0
9650,225,10730,218,1.0,,1.0,,0,1.0,en,0.0
74,49,711,205,,,1.0,,0,,en,0.0
975,38,187,138,1.0,,1.0,-28800.0,0,1.0,en,0.0
0,14,39,370,1.0,,1.0,,0,,en,1.0
3373,86922,8359,622,,,1.0,-25200.0,614,1.0,en,0.0
2901,2746,3806,2547,,,1.0,46800.0,14,1.0,en,0.0
0,12,3,696,,,1.0,,0,,en,1.0
99,60,361,223,,,,-28800.0,0,,en,0.0
0,14,28,249,1.0,,1.0,,0,,en,1.0
0,10,15,238,1.0,,1.0,,0,,en,1.0
41,117,2458,373,,,1.0,,5,,en,0.0
0,22,36,314,1.0,,1.0,,0,,en,1.0
0,16,44,402,1.0,,1.0,,0,,en,1.0
7,106,1838,151,,,1.0,-18000.0,1,,en,0.0
0,8,23,196,1.0,,1.0,,0,,en,1.0
4,14,8,422,1.0,,1.0,,0,,ar,1.0
0,7,0,610,1.0,,1.0,,0,,en,1.0
0,18,73,619,1.0,,1.0,,0,,en,1.0
4994,2561,4229,318,1.0,,1.0,-18000.0,3,1.0,en,0.0
0,20,40,511,1.0,,1.0,,0,,en,1.0
48,101,313,173,1.0,,1.0,,0,,en,0.0
24,58,60,264,,,1.0,,0,1.0,en,0.0
0,5,20,203,1.0,,1.0,,0,,en,1.0
0,16,47,552,1.0,,1.0,,0,,en,1.0
7975,1719,90237,1243,1.0,,1.0,,7,1.0,en,0.0
1,2,4,340,,,1.0,,1,,en,1.0
0,26,14,588,1.0,,1.0,-10800.0,1,,en,1.0
0,3,20,206,1.0,,1.0,,0,,en,1.0
0,5,6,425,,,1.0,,0,,es,1.0
0,18,28,297,1.0,,1.0,,0,,en,1.0
1753,363,14376,306,1.0,,1.0,-36000.0,1,,en,0.0
0,15,52,565,1.0,,1.0,,0,,en,1.0
2233,113,3088,77,,,1.0,28800.0,7,,en,0.0
0,8,22,206,1.0,,1.0,,0,,en,1.0
731,1446,9554,1047,,,,-25200.0,35,1.0,en,0.0
439,79,727,99,1.0,,1.0,,1,,en,0.0
3151,427,2497,303,1.0,,1.0,-25200.0,0,,en,0.0
0,14,22,276,1.0,,1.0,,0,,en,1.0
2875,422,1214,819,1.0,,1.0,,0,1.0,en,0.0
2535,1820,25462,1683,,,1.0,-28800.0,3,1.0,en,0.0
7839,642,12655,571,,,1.0,,1,1.0,en,0.0
0,9,23,211,1.0,,1.0,,0,,en,1.0
0,18,39,394,1.0,,1.0,,0,,en,1.0
95,56,5438,255,1.0,,1.0,,1,,en,0.0
3031,177,2612,442,,,,-14400.0,0,,en,0.0
247,230,3934,364,,,1.0,-10800.0,0,1.0,en,0.0
0,9,0,555,1.0,,1.0,,0,,es,1.0
687,52,557,328,,,1.0,-28800.0,0,1.0,en,0.0
0,21,33,291,1.0,,1.0,,0,,en,1.0
0,4,0,362,1.0,,1.0,,0,,tr,1.0
761,1212,99085,1630,,,1.0,-14400.0,49,1.0,en,0.0
0,20,62,537,1.0,,1.0,,0,,en,1.0
0,24,54,657,1.0,,1.0,,0,,en,1.0
0,16,22,249,1.0,,1.0,,0,,en,1.0
0,10,19,223,1.0,,1.0,,0,,en,1.0
0,1,1,632,1.0,,1.0,,0,,ru,1.0
0,9,5,585,1.0,,1.0,,0,,ru,1.0
3103,477,15003,301,,,1.0,-25200.0,2,1.0,en,0.0
0,26,38,464,1.0,,1.0,,0,,en,1.0
0,7,21,220,1.0,,1.0,,0,,en,1.0
0,12,22,510,,,1.0,-32400.0,0,,en,1.0
0,11,23,256,1.0,,1.0,,0,,en,1.0
0,14,36,332,1.0,,1.0,,0,,en,1.0
0,19,0,1031,1.0,,1.0,,0,,en,1.0
0,42,61,435,1.0,,1.0,,0,,en,1.0
6636,1627,24525,1997,1.0,,1.0,-18000.0,67,1.0,en,0.0
18796,765,16799,1995,,,1.0,18000.0,20,1.0,en,0.0
76,189,938,409,,,1.0,19800.0,4,1.0,en,0.0
0,9,3,353,1.0,,1.0,,0,,en,1.0
2028,482,7638,99,1.0,,1.0,-21600.0,1,1.0,en,0.0
4628,2917,15922,2305,,,1.0,28800.0,12,1.0,en,0.0
2915,240,8694,228,,,1.0,28800.0,0,1.0,en,0.0
0,24,134,626,1.0,,1.0,-18000.0,0,,en,1.0
3985,380,18477,365,,,1.0,,3,,en,0.0
581,660,8763,157,,,,28800.0,22,1.0,en,0.0
0,9,19,233,1.0,,1.0,,0,,en,1.0
155,3623,66893,2449,,,1.0,7200.0,20,,en,0.0
0,8,14,209,1.0,,1.0,,0,,en,1.0
87,86,2586,92,1.0,,1.0,32400.0,1,1.0,ja,0.0
0,15,35,308,1.0,,1.0,,0,,en,1.0
790,304,54485,307,,,1.0,-16200.0,4,1.0,en,0.0
0,13,22,233,1.0,,1.0,,0,,en,1.0
5302,484,9990,1977,,,1.0,-25200.0,3,,en,0.0
0,8,1,405,1.0,,1.0,,0,,en,1.0
9742,325,8818,1911,1.0,,1.0,19800.0,10,1.0,en,0.0
0,9,28,338,1.0,,1.0,,0,,en,1.0
0,25,62,600,1.0,,1.0,,0,,en,1.0
1050,789,32984,271,,,1.0,32400.0,5,1.0,en,0.0
0,19,29,228,1.0,,1.0,,0,,en,1.0
7304,303,9412,325,,,1.0,,2,1.0,en,0.0
11059,273,6057,292,1.0,,1.0,,0,,en,0.0
10959,864,37291,360,1.0,,1.0,,6,1.0,en,0.0
0,0,3,42,1.0,,1.0,,0,,en,1.0
0,15,16,229,1.0,,1.0,,0,,en,1.0
0,8,1,577,,,1.0,28800.0,0,,en,1.0
0,19,1,399,1.0,,1.0,,0,,es,1.0
0,66,29,798,,,1.0,,0,,en,1.0
0,13,35,379,1.0,,1.0,,0,,en,1.0
14001,505,12068,196,1.0,,1.0,-25200.0,1,1.0,en,0.0
3515,341,21417,2001,,,1.0,10800.0,8,,en,0.0
2141,137,1754,534,1.0,,1.0,,1,,en,0.0
701,147,421,466,,,,-25200.0,0,,en-gb,0.0
1035,689,5297,464,,,1.0,-18000.0,0,1.0,en,0.0
2,10,19,236,1.0,,1.0,,0,,en,1.0
0,30,61,535,1.0,,1.0,,0,,en,1.0
134,1050,86825,145,,,1.0,-18000.0,35,1.0,en,0.0
402,1999,23130,184,,,1.0,-25200.0,41,1.0,en,0.0
301,216,4032,236,,,1.0,3600.0,16,1.0,en,0.0
0,22,31,393,1.0,,1.0,,0,,en,1.0
0,11,0,499,,,1.0,-14400.0,0,1.0,pt,1.0
0,22,56,541,1.0,,1.0,,0,,en,1.0
1194,178,1307,142,1.0,,1.0,-28800.0,0,,en,0.0
3536,289,21484,430,,,1.0,3600.0,2,1.0,en,0.0
0,7,16,196,1.0,,1.0,,0,,en,1.0
0,17,46,506,1.0,,1.0,,0,,en,1.0
193,78,184,201,1.0,,1.0,,2,1.0,en,0.0
13006,739,25631,691,1.0,,1.0,,5,1.0,es,0.0
14439,557,13234,723,,,1.0,-18000.0,9,1.0,en,0.0
0,23,29,307,1.0,,1.0,,0,,en,1.0
144,321,62899,231,,,1.0,43200.0,4,,en,0.0
382,128,2292,128,,,1.0,-28800.0,0,1.0,en,0.0
49,43,29,46,1.0,,1.0,,0,,en,0.0
51,887,1937,743,,,1.0,43200.0,1,,en,0.0
0,15,16,322,1.0,,1.0,,0,,en,1.0
0,0,1,122,1.0,,1.0,,0,,it,1.0
3186,1110,82700,997,,,1.0,43200.0,10,1.0,en,0.0
551,1388,49542,1233,,,1.0,7200.0,76,1.0,en,0.0
0,27,54,773,1.0,,1.0,,0,,en,1.0
1492,1214,6051,1989,,,1.0,43200.0,28,1.0,en,0.0
0,24,56,483,1.0,,1.0,,0,,en,1.0
1017,68,903,466,1.0,,1.0,,4,,en,0.0
17,49,973,191,,,1.0,19800.0,2,1.0,en,0.0
2781,449,6523,94,,,1.0,10800.0,2,1.0,en,0.0
3,32,252,606,,,1.0,43200.0,1,1.0,en,0.0
0,4,0,519,,,1.0,-14400.0,0,,es,1.0
0,10,17,251,1.0,,1.0,,0,,en,1.0
0,14,31,307,1.0,,1.0,,0,,en,1.0
0,5,2,583,1.0,,1.0,,0,,en,1.0
0,11,26,203,1.0,,1.0,,0,,en,1.0
701,278,3145,257,1.0,,1.0,,1,,en,0.0
0,19,21,235,1.0,,1.0,,0,,en,1.0
0,6,0,391,,,1.0,,0,,es,1.0
33,309,10107,13,,,1.0,-18000.0,0,,en,0.0
157,150,4019,256,1.0,,1.0,,1,1.0,en,0.0
0,13,0,611,1.0,,1.0,,0,,es,1.0
8275,23854,60296,20017,,,1.0,-21600.0,26,1.0,en,0.0
1900,399,9881,368,,,1.0,28800.0,0,1.0,en,0.0
0,9,33,298,1.0,,1.0,,0,,en,1.0
3168,970,28280,253,,,1.0,19800.0,2,1.0,en,0.0
0,1,3,42,1.0,,1.0,,0,,en,1.0
0,378,313032,132,1.0,,1.0,32400.0,10,,ja,0.0
8495,2508,17496,190,,,1.0,-10800.0,22,,en,0.0
0,6,18,204,1.0,,1.0,,0,,en,1.0
322,33,821,326,,,1.0,,1,,en,0.0
320,50,210,86,1.0,,1.0,,0,1.0,en,0.0
0,13,14,174,1.0,,1.0,,0,,en,1.0
248,215,16179,436,,,1.0,-25200.0,4,1.0,en,0.0
0,18,25,266,1.0,,1.0,,0,,en,1.0
603,644,13069,1326,1.0,,1.0,,14,1.0,en,0.0
0,1,1,12,1.0,,1.0,,0,,en,1.0
12200,1416,33118,401,1.0,,1.0,7200.0,8,1.0,en,0.0
73,10,254,14,1.0,,1.0,28800.0,0,,en,0.0
0,10,24,189,1.0,,1.0,,0,,en,1.0
0,12,22,196,1.0,,1.0,,0,,en,1.0
0,20,36,565,1.0,,1.0,,0,,en,1.0
0,2,1,20,1.0,,1.0,,0,,en,1.0
5522,345,10073,731,1.0,,1.0,-28800.0,0,1.0,en,0.0
0,11,22,193,1.0,,1.0,,0,,en,1.0
7904,2737,23036,2919,,,,,54,1.0,en,0.0
0,11,16,260,1.0,,1.0,,0,,en,1.0
0,2,2,15,1.0,,1.0,,0,,en,1.0
217,198,1017,1045,,,1.0,28800.0,2,,en,1.0
0,19,56,686,1.0,,1.0,,0,,en,1.0
16745,590,13234,585,,,1.0,43200.0,18,1.0,en,0.0
0,14,27,285,1.0,,1.0,,0,,en,1.0
0,0,0,0,1.0,,1.0,,0,,en,1.0
13,132,233,194,,,,7200.0,6,,en,0.0
858,392,5152,302,1.0,,1.0,,0,,en,0.0
21,30,80,351,1.0,,1.0,,0,,en-gb,0.0
19857,319,30062,198,,,,-25200.0,13,,en,0.0
0,10,15,168,1.0,,1.0,,0,,en,1.0
3,304,2885,189,1.0,,1.0,,0,1.0,en,0.0
10480,604,11840,305,,,1.0,-10800.0,0,1.0,en,0.0
0,17,0,993,1.0,,1.0,,0,,en,1.0
0,13,19,246,1.0,,1.0,,0,,en,1.0
1,60,135,511,,,1.0,-18000.0,0,,tr,1.0
0,6,21,206,1.0,,1.0,,0,,en,1.0
12164,325,2461,205,,,1.0,-7200.0,1,,en,0.0
0,7,17,248,1.0,,1.0,,0,,en,1.0
0,14,17,218,1.0,,1.0,,0,,en,1.0
3883,169,9374,188,1.0,,1.0,,3,,en,0.0
0,11,16,162,1.0,,1.0,,0,,en,1.0
10475,584,26504,329,1.0,,1.0,-18000.0,2,1.0,en,0.0
0,11,29,245,1.0,,1.0,,0,,en,1.0
0,14,22,205,1.0,,1.0,,0,,en,1.0
732,667,2725,1666,,,,-28800.0,2,,en,0.0
0,25,47,575,1.0,,1.0,,0,,en,1.0
1,19,19,247,1.0,,1.0,,0,,en,1.0
0,1,1,543,1.0,,1.0,,0,,es,1.0
0,13,35,275,1.0,,1.0,,0,,en,1.0
0,30,65,734,1.0,,1.0,,0,,en,1.0
0,0,6,19,1.0,,1.0,,0,,en,1.0
21005,823,10093,757,,,1.0,-14400.0,0,1.0,en,0.0
0,14,21,226,1.0,,1.0,,0,,en,1.0
0,13,25,258,1.0,,1.0,,0,,en,1.0
5235,201,12574,178,1.0,,1.0,-18000.0,1,1.0,en,0.0
1737,159,4925,106,,,1.0,28800.0,0,,en,0.0
3624,509,12946,381,1.0,,1.0,-21600.0,0,,en,0.0
929,559,12542,805,1.0,,1.0,,1,1.0,en,0.0
974,765,7801,975,,,1.0,-18000.0,16,1.0,en,0.0
0,25,28,269,1.0,,1.0,,0,,en,1.0
0,13,31,329,1.0,,1.0,,0,,en,1.0
5188,451,5261,406,,,1.0,28800.0,3,1.0,en,0.0
0,13,26,238,1.0,,1.0,,0,,en,1.0
1,99,574,197,1.0,,1.0,,8,,fr,0.0
3434,416,10158,298,,,1.0,,1,,en,0.0
15736,301,26002,153,,,,-25200.0,2,,en,0.0
2298,366,8401,304,,,1.0,,2,1.0,es,0.0
0,6,0,449,1.0,,1.0,,1,,fr,1.0
0,0,2,22,1.0,,1.0,,0,,en,1.0
5011,1341,54210,1971,,,1.0,3600.0,37,1.0,en,0.0
1739,221,6652,122,,,1.0,-25200.0,18,1.0,en,0.0
400,142,556,277,1.0,,1.0,,0,,en,0.0
12,3,551,708,1.0,,1.0,,0,,en,1.0
0,20,37,383,1.0,,1.0,,0,,en,1.0
30,72,1893,181,,,1.0,-25200.0,0,1.0,en,0.0
0,10,20,253,1.0,,1.0,,0,,en,1.0
2988,473,23663,457,,,1.0,7200.0,2,1.0,pl,0.0
4675,195,9053,135,,,1.0,-25200.0,1,1.0,en,0.0
653,44,1276,156,,,1.0,43200.0,2,1.0,en,0.0
983,429,1378,1989,1.0,,1.0,20700.0,6,1.0,en,0.0
266,852,3556,1754,,,1.0,,16,1.0,en,0.0
0,130,78,484,,,1.0,-32400.0,3,1.0,en,1.0
341,159,14009,182,,,1.0,28800.0,4,1.0,en,0.0
748,4794,25277,525,,,1.0,28800.0,59,1.0,en,0.0
6259,1272,15957,970,,,1.0,-21600.0,2,1.0,en,0.0
10395,35272,130705,35095,,,1.0,32400.0,186,1.0,ja,0.0
8207,446,7850,388,,,,-25200.0,0,1.0,en,0.0
396,285,10532,341,,,1.0,-36000.0,0,,en,0.0
180,73,217,212,1.0,,1.0,-14400.0,1,,en,0.0
1102,522,2216,793,1.0,,1.0,,4,,en,0.0
0,8,25,200,1.0,,1.0,,0,,en,1.0
70,58,676,178,,,1.0,-36000.0,0,,en,0.0
1114,253,14987,373,,,1.0,28800.0,0,1.0,en,0.0
168,23,104,26,1.0,,1.0,,1,,en,0.0
2220,2340,19452,302,,,1.0,-28800.0,1,1.0,en,0.0
0,11,31,242,1.0,,1.0,,0,,en,1.0
0,8,19,235,1.0,,1.0,,0,,en,1.0
0,12,26,278,1.0,,1.0,,0,,en,1.0
9971,4698,32501,2035,,,1.0,-25200.0,2,,en,0.0
8380,3420,27226,1519,,,1.0,28800.0,181,1.0,en,0.0
998,159,7964,154,1.0,,1.0,,3,1.0,en,0.0
159,80,7364,400,,,1.0,-18000.0,4,1.0,en,0.0
0,13,47,366,1.0,,1.0,,0,,en,1.0
2874,456,17566,274,,,1.0,-14400.0,0,1.0,en,0.0
0,6,19,262,1.0,,1.0,,0,,en,1.0
2042,973,4558,1165,,,1.0,-28800.0,41,,en,0.0
0,2,4,442,1.0,,1.0,,0,,en,1.0
0,20,31,295,1.0,,1.0,,0,,en,1.0
0,11,19,503,,,1.0,,0,1.0,tr,1.0
0,3,0,551,1.0,,1.0,,0,,ru,1.0
8937,176,10542,355,,,1.0,-25200.0,4,,en,0.0
0,13,26,234,1.0,,1.0,,0,,en,1.0
0,7,22,199,1.0,,1.0,,0,,en,1.0
311,62,2790,103,,,,,1,,en,0.0
0,12,27,312,1.0,,1.0,,0,,en,1.0
806,350,1560,106,1.0,,1.0,,35,,en,0.0
0,14,27,289,1.0,,1.0,,0,,en,1.0
1,9,20,187,1.0,,1.0,,0,,en,1.0
0,4,5,615,1.0,,1.0,,0,,pt,1.0
2358,144,2916,115,,,1.0,28800.0,2,,en,0.0
0,21,70,843,1.0,,1.0,,0,,en,1.0
3,11,50,614,1.0,,1.0,-21600.0,0,,it,1.0
49,79,1120,261,,,1.0,,2,,en,0.0
28,1641,31737,1692,,,1.0,-14400.0,9,1.0,en,0.0
0,16,39,277,1.0,,1.0,,0,,en,1.0
3425,1618,26645,1502,,,1.0,-25200.0,11,1.0,en,0.0
0,29,81,756,1.0,,1.0,,0,,en,1.0
116,160,2419,115,,,1.0,-28800.0,1,,en,0.0
5753,749,5081,779,1.0,,1.0,-25200.0,4,1.0,en,0.0
3123,653,12213,1416,1.0,,1.0,3600.0,10,,en,0.0
3,17,61,520,1.0,,1.0,,0,,en,1.0
0,10,23,339,1.0,,1.0,,0,,en,1.0
0,15,30,343,1.0,,1.0,,0,,en,1.0
0,11,19,211,1.0,,1.0,,0,,en,1.0
0,9,15,216,1.0,,1.0,,0,,en,1.0
0,6,19,229,1.0,,1.0,,0,,en,1.0
4960,822,19044,758,,,1.0,-18000.0,67,1.0,en,0.0
68,384,4614,320,,,1.0,,0,,en,0.0
106,978,16808,126,,,1.0,19800.0,8,1.0,en,0.0
0,3,1,512,,,1.0,,0,,en,1.0
0,15,30,321,1.0,,1.0,,0,,en,1.0
9,171,1174,57,,,1.0,-10800.0,5,,en,0.0
18372,191,29670,194,,,1.0,7200.0,1,,es,0.0
0,23,26,341,1.0,,1.0,,0,,en,1.0
0,24,49,538,1.0,,1.0,,0,,en,1.0
0,8,15,203,1.0,,1.0,,0,,en,1.0
0,17,35,313,1.0,,1.0,,0,,en,1.0
3,15,76,364,,,1.0,-14400.0,0,,pt,1.0
0,21,44,614,1.0,,1.0,,0,,en,1.0
0,8,19,219,1.0,,1.0,,0,,en,1.0
0,17,25,377,1.0,,1.0,,0,,en,1.0
14114,1299,38625,1164,,,1.0,-21600.0,12,1.0,en,0.0
0,14,25,302,1.0,,1.0,,0,,en,1.0
0,13,35,221,1.0,,1.0,,0,,en,1.0
7528,432,14829,315,,,,-18000.0,1,1.0,en,0.0
0,23,40,389,1.0,,1.0,,0,,en,1.0
10758,665,3291,96,,,,28800.0,2,1.0,en,0.0
51105,826,43988,346,,,1.0,-25200.0,6,1.0,en,0.0
0,13,18,260,1.0,,1.0,,0,,en,1.0
10,7,32,561,1.0,,1.0,,0,,en,1.0
0,18,54,456,1.0,,1.0,,0,,en,1.0
38,448,38242,350,,,1.0,43200.0,32,1.0,en,0.0
0,5,16,203,1.0,,1.0,,0,,en,1.0
413,237,12386,187,,,1.0,-14400.0,3,1.0,en,0.0
291,359,5232,409,1.0,,1.0,28800.0,0,1.0,en,0.0
0,23,56,565,1.0,,1.0,,0,,en,1.0
0,7,21,200,1.0,,1.0,,0,,en,1.0
0,23,40,407,1.0,,1.0,,0,,en,1.0
1193,435,5361,375,1.0,,1.0,,0,,en,0.0
12,5,111,571,,,1.0,,0,,en,1.0
178,76,1015,52,,,1.0,28800.0,0,1.0,en,0.0
1,13,14,193,1.0,,1.0,,0,,en,1.0
6682,5363,43671,667,,,1.0,-10800.0,88,1.0,en,0.0
0,12,21,252,1.0,,1.0,,0,,en,1.0
351,150,216,125,1.0,,1.0,,0,,en,0.0
20,21,81,118,,,1.0,,0,1.0,es,0.0
0,14,38,315,1.0,,1.0,,0,,en,1.0
0,81,3886,218,1.0,1.0,1.0,-14400.0,4,1.0,en,0.0
0,33,107,1002,1.0,,1.0,,0,,en,1.0
0,26,6,444,1.0,,1.0,-10800.0,0,,pt,1.0
0,12,26,226,1.0,,1.0,,0,,en,1.0
5447,309,2675,470,,,1.0,,0,1.0,en,0.0
4612,820,9840,588,,,,-14400.0,0,1.0,en,0.0
10165,621,3733,437,1.0,,1.0,,0,,en,0.0
0,13,15,214,1.0,,1.0,,0,,en,1.0
0,12,16,196,1.0,,1.0,,0,,en,1.0
2603,393,6039,775,,,,-14400.0,17,1.0,en,0.0
0,11,30,228,1.0,,1.0,,0,,en,1.0
0,13,20,196,1.0,,1.0,,0,,en,1.0
0,19,50,543,1.0,,1.0,,0,,en,1.0
0,8,17,206,1.0,,1.0,,0,,en,1.0
2616,205,8019,191,1.0,,1.0,,0,1.0,en,0.0
309,101,1749,438,,,1.0,,2,1.0,en,0.0
0,15,46,399,1.0,,1.0,,0,,en,1.0
8,59,39,962,,,1.0,0.0,0,,it,1.0
0,11,22,246,1.0,,1.0,,0,,en,1.0
0,8,20,195,1.0,,1.0,,0,,en,1.0
3951,2407,11749,526,,,1.0,,36,,en,0.0
0,19,59,594,1.0,,1.0,,0,,en,1.0
153,879,15525,667,,,1.0,-18000.0,5,,en,0.0
1056,197,7688,206,1.0,,1.0,,1,1.0,en,0.0
1321,2495,30560,2745,,,1.0,-25200.0,57,,en,0.0
4738,1003,38975,512,,,1.0,28800.0,6,1.0,en,0.0
14166,1940,52423,305,,,1.0,10800.0,180,1.0,en,0.0
165,342,5439,95,,,1.0,-25200.0,12,,en,0.0
0,12,45,638,1.0,,1.0,,0,,en,1.0
2295,398,5852,584,,,1.0,,1,1.0,en,0.0
655,319,2034,469,,,,-18000.0,4,,en,0.0
730,236,1079,401,,,1.0,-25200.0,0,,en,0.0
1512,155,865,868,1.0,,1.0,,0,1.0,en,0.0
0,1,4,45,1.0,,1.0,,0,,en,1.0
2751,108,2540,30,,,1.0,-14400.0,0,1.0,en,0.0
5892,3750,28629,1093,,,,-10800.0,24,,en,0.0
0,25,51,623,1.0,,1.0,,0,,en,1.0
2,8,19,204,1.0,,1.0,,0,,en,1.0
22,89,5003,120,,,1.0,-18000.0,0,,en,0.0
1773,931,6804,1385,1.0,,1.0,,2,1.0,en,0.0
0,13,34,330,1.0,,1.0,,0,,en,1.0
0,9,11,188,,,1.0,-18000.0,1,,en,1.0
98,81,460,345,1.0,,1.0,28800.0,2,1.0,en,0.0
0,8,18,173,1.0,,1.0,,0,,en,1.0
5424,335,5378,362,,,1.0,-18000.0,0,1.0,en,0.0
0,15,21,236,1.0,,1.0,,0,,en,1.0
0,23,70,603,1.0,,1.0,,0,,en,1.0
138,208,1408,866,,,1.0,-21600.0,0,1.0,es,1.0
170,23,988,299,,,1.0,28800.0,4,,en,0.0
3079,41442,16064,4967,,,1.0,-25200.0,80,,en,0.0
0,5,21,232,1.0,,1.0,,0,,en,1.0
8577,1592,41569,359,,,1.0,28800.0,15,1.0,en,0.0
0,0,4,36,1.0,,1.0,,0,,en,1.0
116,1829,3647,869,1.0,,1.0,7200.0,98,,en,0.0
0,14,60,592,1.0,,1.0,,0,,en,1.0
1600,555,25931,365,,,1.0,,2,,en,0.0
0,23,65,590,1.0,,1.0,,0,,en,1.0
657,69,1355,533,,,,-25200.0,0,,en,0.0
1430,170,6700,169,1.0,,1.0,,1,,en,0.0
0,12,24,260,1.0,,1.0,,0,,en,1.0
381,408,15767,411,,,1.0,-25200.0,2,1.0,en,0.0
0,16,20,267,1.0,,1.0,,0,,en,1.0
2,23,16,473,1.0,,1.0,,0,,en,1.0
0,8,17,231,1.0,,1.0,,0,,en,1.0
9136,391,6569,147,,,1.0,,0,1.0,en,0.0
0,22,53,544,1.0,,1.0,,0,,en,1.0
0,19,55,527,1.0,,1.0,,0,,en,1.0
59,123,666,702,1.0,,1.0,28800.0,3,1.0,en,0.0
12271,1187,46586,2002,1.0,,1.0,-14400.0,39,1.0,en,0.0
0,20,42,349,1.0,,1.0,,0,,en,1.0
6908,1324,10666,717,,,1.0,-25200.0,1,1.0,en,0.0
778,667,4494,1120,1.0,,1.0,,24,1.0,en,0.0
0,3,21,188,1.0,,1.0,,0,,en,1.0
5753,1299,27257,1108,,,1.0,-18000.0,2,1.0,en,0.0
829,1787,15813,838,,,1.0,-18000.0,87,,en,0.0
234,449,5332,369,,,,-16200.0,7,,es,0.0
8574,293,140388,289,,,1.0,-14400.0,6,,en,0.0
0,15,24,217,1.0,,1.0,,0,,en,1.0
0,8,0,427,1.0,,1.0,25200.0,0,,en,1.0
0,9,2,936,1.0,,1.0,,0,,en,1.0
1,17,489,636,,,1.0,0.0,0,,en,1.0
0,15,52,543,1.0,,1.0,,0,,en,1.0
1071,1002,126607,506,,,1.0,-14400.0,13,,en,0.0
3,3,10,412,1.0,,1.0,-25200.0,0,1.0,es,1.0
252,178,2364,224,,,1.0,28800.0,3,1.0,en,0.0
11,2,34,584,1.0,,1.0,,0,,ru,1.0
0,20,37,300,1.0,,1.0,,0,,en,1.0
0,15,30,267,1.0,,1.0,,0,,en,1.0
1,6,29,550,1.0,,1.0,,0,1.0,es,1.0
0,17,21,362,1.0,,1.0,,0,,en,1.0
2501,577,3822,582,1.0,,1.0,-25200.0,2,1.0,en,0.0
402,16100,55940,261,,,1.0,19800.0,189,1.0,en,0.0
4278,466,22017,386,,,,28800.0,2,1.0,en,0.0
59,1242,4156,1999,,,1.0,7200.0,3,,en,0.0
1,3,4,574,1.0,,1.0,,0,,en,1.0
28547,224,34479,470,,,1.0,,16,1.0,en,0.0
0,9,20,213,1.0,,1.0,,0,,en,1.0
1696,234,13752,45,,,1.0,10800.0,5,,en,0.0
0,23,55,548,1.0,,1.0,,0,,en,1.0
191,206,283,662,1.0,,1.0,,0,1.0,en,0.0
620,784,1645,508,,,,-18000.0,7,1.0,en,0.0
0,11,24,194,1.0,,1.0,,0,,en,1.0
0,9,14,218,1.0,,1.0,,0,,en,1.0
0,21,37,337,1.0,,1.0,,0,,en,1.0
8478,333,8260,324,,,1.0,-10800.0,3,1.0,en,0.0
0,7,17,242,1.0,,1.0,,0,,en,1.0
4529,8588,74003,6724,,,1.0,28800.0,41,1.0,en,0.0
0,1,3,39,1.0,,1.0,,0,,en,1.0
9355,943,46272,750,,,1.0,-21600.0,3,,en,0.0
0,22,29,278,1.0,,1.0,,0,,en,1.0
0,1,11,534,1.0,,1.0,,0,,es,1.0
4763,151,20861,71,,,1.0,-10800.0,1,,pt,0.0
72,65,154,52,1.0,,1.0,,0,,en,0.0
9310,491,18263,886,,,1.0,,16,1.0,en,0.0
0,0,20,234,1.0,,1.0,,0,,en,1.0
0,19,30,304,1.0,,1.0,,0,,en,1.0
929,111,666,118,1.0,,1.0,,0,1.0,en,0.0
0,1,3,44,1.0,,1.0,,0,,en,1.0
663,396,2401,585,,,1.0,-18000.0,24,,en,0.0
333,1702,3841,227,,,1.0,28800.0,6,1.0,en,0.0
0,16,41,451,1.0,,1.0,,0,,en,1.0
1035,302,2541,366,,,1.0,19800.0,2,1.0,en,0.0
3786,1280,15595,1985,,,1.0,-21600.0,5,,en,0.0
0,7,5,621,,,1.0,,0,,en,1.0
0,12,12,373,,,1.0,-10800.0,0,,en,1.0
214,295,3737,286,1.0,,1.0,,3,1.0,en,0.0
710,18,649,62,1.0,1.0,1.0,32400.0,0,1.0,en,0.0
15478,329,7243,956,1.0,,1.0,,11,,en,0.0
2392,307,27401,281,,,,-14400.0,2,1.0,en,0.0
621,116,552,379,,,1.0,-25200.0,3,,en,0.0
2,4,240,527,1.0,,1.0,,0,,en,1.0
0,20,46,534,1.0,,1.0,,0,,en,1.0
54,244,9984,380,,,1.0,-10800.0,3,1.0,en,0.0
14514,359,5816,441,,,,,1,1.0,en,0.0
39,32,104,123,1.0,,1.0,,0,,en,0.0
107,8,86,43,,,1.0,19800.0,0,,en,0.0
681,423,10523,453,1.0,,1.0,,0,1.0,en,0.0
4243,1207,2568,138,1.0,,1.0,19800.0,9,1.0,en,0.0
11,11,10,444,,,1.0,-25200.0,0,,es,1.0
363,180,2204,158,1.0,,1.0,,0,,en,0.0
0,21,45,491,1.0,,1.0,,0,,en,1.0
92,26,378,180,1.0,,1.0,7200.0,2,1.0,en,0.0
13,76,10576,92,,,1.0,,0,1.0,en,0.0
676,136,3754,262,,,1.0,7200.0,13,1.0,es,0.0
445,108,2826,106,,,,-25200.0,2,1.0,en,0.0
812,387,11539,1108,1.0,,1.0,-14400.0,17,,en,0.0
0,6,11,305,,,1.0,,0,,en,1.0
0,26,63,532,1.0,,1.0,,0,,en,1.0
3972,330,2660,485,1.0,,1.0,32400.0,5,1.0,ja,0.0
0,8,14,194,1.0,,1.0,,0,,en,1.0
6670,895,14761,540,,,1.0,-25200.0,0,,en,0.0
2935,275,5361,171,,,1.0,28800.0,1,1.0,en,0.0
0,15,17,194,1.0,,1.0,,0,,en,1.0
1193,2295,44370,592,,,1.0,-14400.0,31,1.0,en,0.0
0,0,4,28,1.0,,1.0,,0,,en,1.0
0,10,20,237,1.0,,1.0,,0,,en,1.0
6122,415,5376,228,,,1.0,-14400.0,0,1.0,en,0.0
0,6,12,169,1.0,,1.0,-10800.0,0,,pt,1.0
0,14,20,211,1.0,,1.0,,0,,en,1.0
453,389,9207,107,,,,-25200.0,2,1.0,en,0.0
0,17,14,172,1.0,,1.0,,0,,en,1.0
495,347,22251,433,,,1.0,-18000.0,3,,en,0.0
16,7,330,577,1.0,,1.0,10800.0,0,,ru,1.0
0,21,32,326,1.0,,1.0,,0,,en,1.0
12,6,455,397,1.0,,1.0,10800.0,0,,en,1.0
2272,759,72221,299,,,1.0,32400.0,53,,en,0.0
0,18,29,318,1.0,,1.0,,0,,en,1.0
1768,361,25655,983,,,,-25200.0,10,1.0,en,0.0
0,10,18,201,1.0,,1.0,,0,,en,1.0
1,5,23,245,1.0,,1.0,,0,,en,1.0
7921,363,15605,282,1.0,,1.0,,1,1.0,en,0.0
1467,552,6212,737,1.0,,1.0,,0,,en,0.0
56528,436,12171,773,,,1.0,-28800.0,3,1.0,en,0.0
0,14,20,254,1.0,,1.0,,0,,en,1.0
0,7,1,577,1.0,,1.0,,0,,ru,1.0
3271,230,8890,222,1.0,,1.0,-14400.0,2,,en,0.0
691,798,25217,408,,,1.0,-14400.0,2,1.0,en,0.0
0,13,28,247,1.0,,1.0,,0,,en,1.0
2445,56,2910,68,,,,,2,1.0,en,0.0
0,9,14,211,1.0,,1.0,,0,,en,1.0
33011,450,58333,277,1.0,,1.0,,10,1.0,en,0.0
0,18,36,338,1.0,,1.0,,0,,en,1.0
4560,170,4202,230,1.0,,1.0,,0,1.0,en,0.0
0,6,3,422,,,1.0,-21600.0,0,,es,1.0
24,351,25177,135,,,1.0,-18000.0,1,1.0,en,0.0
0,6,12,175,1.0,,1.0,,0,,en,1.0
1,12,2,545,1.0,,1.0,,0,,es,1.0
325,185,2320,321,,,1.0,,11,,en,0.0
296,66,1505,108,,,1.0,-25200.0,3,,en,0.0
32,46,43,183,1.0,,1.0,,0,,en,0.0
9,15,28,591,,,1.0,,0,,es,1.0
13120,2233,72393,999,,,1.0,-18000.0,5,1.0,en,0.0
0,18,33,266,1.0,,1.0,,0,,en,1.0
6309,1504,12865,1314,,,1.0,19800.0,14,,en,0.0
2493,465,2509,235,,,1.0,-25200.0,0,1.0,en,0.0
0,11,41,370,1.0,,1.0,,0,,en,1.0
0,12,37,290,1.0,,1.0,,0,,en,1.0
0,9,20,212,1.0,,1.0,,0,,en,1.0
6043,96,2545,127,,,,-25200.0,1,,en,0.0
15593,10200,22067,10070,,,1.0,-25200.0,62,1.0,en,0.0
0,2,11,603,1.0,,1.0,,0,,es,1.0
0,13,14,200,1.0,,1.0,,0,,en,1.0
0,14,24,259,1.0,,1.0,,0,,en,1.0
426,56,252,140,1.0,,1.0,,0,,en,0.0
8825,1738,8295,1837,1.0,,1.0,,5,1.0,en,0.0
11857,280,11182,285,1.0,,1.0,,3,,en,0.0
115,1048,1352,2000,,,,-25200.0,8,,en,0.0
0,16,23,254,1.0,,1.0,,0,,en,1.0
519,33,139,40,,,,-14400.0,2,,en,0.0
0,11,18,238,1.0,,1.0,,0,,en,1.0
4,40,80,625,1.0,,1.0,3600.0,0,,es,1.0
0,19,27,272,1.0,,1.0,,0,,en,1.0
0,9,19,201,1.0,,1.0,,0,,en,1.0
0,15,20,353,1.0,,1.0,,0,,en,1.0
719,246,1893,172,1.0,,1.0,,0,1.0,en,0.0
0,17,56,684,1.0,,1.0,,0,,en,1.0
11456,312,6359,195,,,,-25200.0,0,1.0,en,0.0
0,12,20,194,1.0,,1.0,,0,,en,1.0
1815,330,5144,71,,,,-14400.0,3,1.0,en,0.0
789,1333,63771,826,,,1.0,-28800.0,2,,en,0.0
0,12,18,233,1.0,,1.0,,0,,en,1.0
0,12,49,366,1.0,,1.0,,0,,en,1.0
1,16,21,263,1.0,,1.0,,0,,en,1.0
0,16,92,524,,,1.0,3600.0,0,1.0,en,1.0
0,13,1,598,1.0,,1.0,,0,,en,1.0
4567,170,9240,143,1.0,,1.0,,2,1.0,en,0.0
0,13,31,287,1.0,,1.0,,0,,en,1.0
298,448,6540,409,,,1.0,28800.0,0,,en,0.0
123,26,189,111,,,,,0,,en,0.0
2,8,22,191,1.0,,1.0,,0,,en,1.0
0,13,19,281,1.0,,1.0,,0,,en,1.0
60,153,3645,35,,,1.0,28800.0,24,1.0,en,0.0
0,18,51,548,1.0,,1.0,,0,,en,1.0
0,1,3,42,1.0,,1.0,,0,,en,1.0
2646,42,4591,24,,,1.0,,2,1.0,en,0.0
0,11,15,236,1.0,,1.0,,0,,en,1.0
1,23,18,603,,,1.0,-18000.0,0,,es,1.0
0,15,17,220,1.0,,1.0,,0,,en,1.0
0,13,29,273,1.0,,1.0,,0,,en,1.0
1,15,3,722,1.0,,1.0,,0,,en,1.0
138,73,1061,394,,,,-18000.0,1,1.0,en,0.0
254,1118,7727,755,,,1.0,-18000.0,3,,en,0.0
6079,362,16487,243,,,,28800.0,3,1.0,en,0.0
587,334,1876,912,,,1.0,,0,1.0,en,0.0
1720,424,1603,491,,,1.0,-18000.0,0,,en,0.0
0,3,24,269,1.0,,1.0,,0,,en,1.0
0,2,2,606,1.0,,1.0,,0,,en,1.0
352,1487,25701,726,,,1.0,-25200.0,79,1.0,en,0.0
1,13,47,473,1.0,,1.0,,0,,en,1.0
3720,176,4519,229,,,,,1,1.0,en,0.0
0,16,37,227,1.0,,1.0,,0,,en,1.0
653,18,675,519,1.0,1.0,1.0,19800.0,0,,en,1.0
290,610,32805,591,,,,-18000.0,1,1.0,en,0.0
2179,210,261,693,1.0,,1.0,,2,1.0,en,0.0
29433,1398,213083,1975,,,1.0,-25200.0,59,1.0,en,0.0
0,10,34,415,1.0,,1.0,,0,,en,1.0
2497,8375,28400,503,,,,-25200.0,535,,en,0.0
0,1,3,33,1.0,,1.0,,0,,en,1.0
0,12,20,240,1.0,,1.0,,0,,en,1.0
2,13,19,455,,,1.0,-28800.0,1,,id,1.0
25911,3759,25780,1568,,,1.0,-14400.0,92,1.0,en,0.0
3808,2181,10266,1051,,,1.0,32400.0,3,1.0,en,0.0
42,5,107,569,,,1.0,,0,,en,1.0
0,11,14,187,1.0,,1.0,,0,,en,1.0
0,28,78,732,1.0,,1.0,,0,,en,1.0
24,471,18699,337,,,1.0,-25200.0,5,1.0,en,0.0
315,705,28412,333,,,,-25200.0,1,1.0,en,0.0
0,13,25,249,1.0,,1.0,,0,,en,1.0
0,12,20,194,1.0,,1.0,,0,,en,1.0
811,369,1314,1223,1.0,,1.0,-25200.0,2,1.0,en,0.0
1130,417,9561,258,,,1.0,-14400.0,0,1.0,en,0.0
6836,266,14253,166,,,1.0,-25200.0,0,1.0,en,0.0
3209,51,539,165,,,,,0,,es,0.0
0,20,39,366,1.0,,1.0,,0,,en,1.0
28,71,358,318,,,1.0,28800.0,0,1.0,en,0.0
572,121,1107,231,1.0,,1.0,,0,,en,0.0
0,13,21,219,1.0,,1.0,,0,,en,1.0
10127,3291,47857,69,1.0,,1.0,,9,1.0,en,0.0
1811,94,4810,113,,,1.0,18000.0,2,1.0,en-gb,0.0
1554,71,1834,542,,,1.0,28800.0,0,1.0,en,0.0
43,754,1042,405,,,1.0,,55,,es,0.0
2732,362,2773,487,1.0,,1.0,,0,,en,0.0
0,13,28,276,1.0,,1.0,,0,,en,1.0
0,8,23,219,1.0,,1.0,,0,,en,1.0
668,354,1207,382,1.0,,1.0,-18000.0,0,1.0,en,0.0
99,11003,6315,11072,,,,-25200.0,129,,en,0.0
222,241,1861,197,1.0,,1.0,,1,1.0,en,0.0
389,51,314,95,1.0,,1.0,,0,,fr,0.0
2192,81,1043,77,1.0,,1.0,,0,1.0,en,0.0
278,4411,134008,841,,,1.0,-21600.0,14,1.0,en,0.0
8019,6602,12022,1162,,,,28800.0,52,1.0,en,0.0
275,614,8896,1170,,,1.0,-18000.0,13,1.0,es,0.0
0,16,23,299,1.0,,1.0,,0,,en,1.0
0,18,14,315,1.0,,1.0,,0,,en,1.0
0,11,20,256,1.0,,1.0,,0,,en,1.0
0,10,17,201,1.0,,1.0,,0,,en,1.0
1589,215,751,231,1.0,,1.0,,0,1.0,en,0.0
187,92,7428,94,,,1.0,-25200.0,2,,en,0.0
0,12,22,226,1.0,,1.0,,0,,en,1.0
0,16,46,374,1.0,,1.0,,0,,en,1.0
28296,1638,32284,661,1.0,,1.0,,6,,en,0.0
0,20,63,663,1.0,,1.0,,0,,en,1.0
187,119,3233,394,1.0,,1.0,,5,1.0,en,0.0
9803,257,965,144,,,1.0,,0,,en,0.0
1,9,16,238,1.0,,1.0,,0,,en,1.0
1,26,70,709,1.0,,1.0,,0,,en,1.0
0,12,25,394,1.0,,1.0,,0,,en,1.0
0,2,0,572,1.0,,1.0,-18000.0,0,,ru,1.0
586,2360,12957,2145,,,1.0,-36000.0,0,1.0,en,0.0
0,23,18,272,1.0,,1.0,,0,,en,1.0
75,27,604,46,,,1.0,,0,,en,0.0
0,9,0,629,1.0,,1.0,,0,,es,1.0
0,18,31,250,1.0,,1.0,,0,,en,1.0
0,6,3,565,1.0,,1.0,,0,,en,1.0
0,17,39,341,1.0,,1.0,,0,,en,1.0
0,6,1,550,1.0,,1.0,,0,,pt,1.0
17569,314,22103,248,,,1.0,-14400.0,3,,es,0.0
0,25,55,526,1.0,,1.0,,0,,en,1.0
1636,4493,82194,1894,,,1.0,-14400.0,132,1.0,es,0.0
0,1,2,18,1.0,,1.0,,0,,en,1.0
27,703,12338,1643,,,,3600.0,20,,en,0.0
64330,1202,19854,1469,,,1.0,-10800.0,7,1.0,en,0.0
6,6,2081,2,,,1.0,,1,,fr,0.0
0,13,23,182,1.0,,1.0,,0,,en,1.0
0,14,24,211,1.0,,1.0,,0,,en,1.0
0,0,2,18,1.0,,1.0,,0,,en,1.0
0,6,16,240,1.0,,1.0,,0,,en,1.0
134,118,16763,98,,,1.0,-25200.0,3,1.0,en,0.0
3414,204,13209,115,,,1.0,-18000.0,4,1.0,en,0.0
396,218,12814,179,,,,-25200.0,16,1.0,en,0.0
140,388,49717,14,,,1.0,28800.0,9,1.0,en,0.0
1670,473,2689,448,,,1.0,-18000.0,8,1.0,en,0.0
0,8,19,190,1.0,,1.0,,0,,en,1.0
1024,173,7443,244,1.0,,1.0,-18000.0,0,,en,0.0
0,16,35,294,1.0,,1.0,,0,,en,1.0
3,25,216,90,,,1.0,21600.0,0,1.0,en,0.0
0,15,35,326,1.0,,1.0,,0,,en,1.0
2381,1284,3014,878,,,1.0,3600.0,23,1.0,en,0.0
10680,4056,22761,101,,,1.0,28800.0,3,,en,0.0
0,26,56,496,1.0,,1.0,,0,,en,1.0
8884,510,24257,322,,,1.0,-18000.0,2,1.0,en,0.0
1135,168,3405,346,1.0,,1.0,,0,1.0,en,0.0
43,202,1415,1595,,,1.0,-25200.0,0,,es,1.0
11172,1192,16957,113,,,,-14400.0,8,1.0,en,0.0
9024,317,12318,191,,,,-25200.0,0,1.0,en,0.0
16,20,59,108,1.0,,1.0,19800.0,0,1.0,en,0.0
3868,258,4857,308,1.0,,1.0,,1,1.0,en,0.0
2294,741,15889,579,,,1.0,-18000.0,5,1.0,en,0.0
336,43,229,26,,,1.0,28800.0,4,,en,0.0
3226,461,8564,382,1.0,,1.0,,0,,en,0.0
1,12,14,554,1.0,,1.0,,0,,en,1.0
0,15,20,319,1.0,,1.0,,0,,en,1.0
3,43,13,155,1.0,,1.0,,0,,en,0.0
201,75,876,52,,,,,0,1.0,en,0.0
47,29,168,200,1.0,,1.0,,0,1.0,en,0.0
5835,164,12288,397,,,1.0,-18000.0,0,1.0,en,0.0
17264,743,25831,628,,,1.0,-25200.0,0,1.0,en,0.0
0,19,44,547,1.0,,1.0,,0,,en,1.0
2149,149,347,228,1.0,,1.0,-25200.0,0,1.0,en,0.0
0,4,12,492,1.0,,1.0,10800.0,0,,en,1.0
0,13,14,186,1.0,,1.0,,0,,en,1.0
0,15,32,276,1.0,,1.0,,0,,en,1.0
0,9,24,247,1.0,,1.0,,0,,en,1.0
2105,68,844,140,1.0,,1.0,,1,,en,0.0
3101,214,5383,202,,,,-25200.0,5,,en,0.0
14,13,173,64,,,1.0,36000.0,0,,en,0.0
15,121,804,783,,,1.0,-16200.0,2,,es,1.0
2,4,20,198,1.0,,1.0,,0,,en,1.0
2645,254,1133,89,1.0,,1.0,3600.0,1,1.0,en,0.0
5837,2622,21537,1231,,,1.0,-18000.0,63,1.0,en,0.0
992,49,722,378,,,,19800.0,3,1.0,en,0.0
1199,23604,13199,4308,,,1.0,-14400.0,23,1.0,en,0.0
649,1032,2811,1908,1.0,,1.0,,0,1.0,en,0.0
107,170,1217,271,,,,19800.0,4,1.0,en,0.0
0,13,28,346,1.0,,1.0,,0,,en,1.0
1337,535,40796,444,,,1.0,43200.0,3,1.0,en,0.0
0,7,13,188,1.0,,1.0,,0,,en,1.0
0,3,1,426,1.0,,1.0,,0,,tr,1.0
0,11,13,236,1.0,,1.0,,0,,en,1.0
47361,369,78166,224,,,1.0,-21600.0,13,1.0,en,0.0
3505,414,4099,1116,,,1.0,-14400.0,1,,en,0.0
56,37,173,36,1.0,,1.0,18000.0,4,,en,0.0
471,5378,4099,1238,,,1.0,,6,1.0,en,0.0
0,15,19,253,1.0,,1.0,,0,,en,1.0
0,21,45,399,1.0,,1.0,,0,,en,1.0
14,76,575,847,1.0,,1.0,,1,1.0,en,1.0
0,6,0,571,,,1.0,,0,,en,1.0
0,6,2,355,,,1.0,,0,,es,1.0
1,22,42,495,1.0,,1.0,36000.0,1,1.0,en,1.0
3727,126,6716,63,,,1.0,-25200.0,3,1.0,en,0.0
299,202,7135,300,,,1.0,-10800.0,1,1.0,en,0.0
0,14,15,185,1.0,,1.0,,0,,en,1.0
0,21,42,418,1.0,,1.0,,0,,en,1.0
66,129,5025,249,,,1.0,10800.0,2,1.0,en,0.0
23832,1616,63492,1196,,,1.0,-25200.0,27,1.0,en,0.0
2868,4745,72495,2404,,,1.0,28800.0,220,,en,0.0
22522,6897,11133,3735,,,1.0,,1,1.0,en,0.0
0,9,21,265,1.0,,1.0,,0,,en,1.0
1696,261,1606,235,,,,-25200.0,0,1.0,en,0.0
95,2035,3287,1957,,,1.0,,0,,en,0.0
26,60,178,100,1.0,,1.0,,0,,en,0.0
254,79,1679,262,,,1.0,-25200.0,3,1.0,en,0.0
65896,1320,41032,150,1.0,,1.0,43200.0,60,1.0,en,0.0
1077,2032,21288,736,,,1.0,-25200.0,4,,en,0.0
692,808,17013,985,,,1.0,-14400.0,36,1.0,en,0.0
0,3,1,415,1.0,,1.0,-10800.0,0,,en,1.0
535,753,937,1942,1.0,,1.0,36000.0,7,1.0,en,0.0
653,322,10147,175,,,1.0,-25200.0,7,1.0,en,0.0
1216,654,184,394,1.0,,1.0,,4,,en,0.0
7920,812,16377,376,1.0,,1.0,-14400.0,2,1.0,en,0.0
0,17,23,240,1.0,,1.0,,0,,en,1.0
0,7,22,220,1.0,,1.0,,0,,en,1.0
376,29,283,81,1.0,,1.0,,2,1.0,en,0.0
3814,277,14328,422,,,1.0,,9,1.0,en,0.0
0,18,18,276,1.0,,1.0,,0,,en,1.0
46,127,257,132,,,,-25200.0,9,1.0,en,0.0
14874,1532,21936,187,,,1.0,,4,,es,0.0
0,11,25,201,1.0,,1.0,,0,,en,1.0
0,20,60,564,1.0,,1.0,,0,,en,1.0
96,340,2454,797,,,1.0,,1,1.0,en,0.0
5357,782,45741,1243,,,1.0,,2,,en,0.0
0,7,12,952,1.0,,1.0,,0,,en,1.0
5562,192,6384,392,,,1.0,-18000.0,3,,en,0.0
1509,1417,12181,281,,,1.0,-18000.0,115,1.0,en,0.0
15958,20004,48011,2301,,,1.0,7200.0,315,1.0,da,0.0
0,4,13,201,1.0,,1.0,,0,,en,1.0
6414,558,29997,674,,,1.0,-25200.0,50,1.0,en,0.0
3202,629,17068,838,,,1.0,,3,1.0,es,0.0
0,17,5,388,,,1.0,-16200.0,0,1.0,es,1.0
0,22,24,260,1.0,,1.0,,0,,en,1.0
25537,579,267,281,,,1.0,-25200.0,3,,en,0.0
5616,349,3377,596,,,1.0,,2,1.0,en,0.0
0,21,58,551,1.0,,1.0,,0,,en,1.0
0,13,21,182,1.0,,1.0,,0,,en,1.0
81,553,18745,1856,,,1.0,-18000.0,8,1.0,en,0.0
0,8,21,251,1.0,,1.0,,0,,en,1.0
59,191,11444,247,,,1.0,28800.0,0,1.0,en,0.0
311,133,1353,98,,,1.0,28800.0,0,1.0,en,0.0
897,461,1875,533,1.0,,1.0,,3,1.0,en,0.0
19,10,45,7,1.0,,1.0,,0,,en,0.0
0,4,12,524,,,1.0,-18000.0,0,,en,1.0
0,8,24,254,1.0,,1.0,,0,,en,1.0
0,9,21,255,1.0,,1.0,,0,,en,1.0
0,11,20,255,1.0,,1.0,,0,,en,1.0
2338,744,19820,132,,,1.0,14400.0,15,1.0,en,0.0
4138,390,3094,376,,,1.0,-14400.0,1,1.0,en,0.0
0,20,42,407,1.0,,1.0,,0,,en,1.0
0,8,18,224,1.0,,1.0,,0,,en,1.0
532,206,466,414,1.0,,1.0,,2,,en,0.0
100,2,15,32,1.0,,1.0,,0,,en,0.0
1555,806,19546,738,1.0,,1.0,28800.0,42,1.0,fr,0.0
1031,328,26304,110,,,1.0,18000.0,13,1.0,en,0.0
12137,6817,33905,311,,,,3600.0,36,1.0,en-gb,0.0
3183,183,3085,221,,,1.0,-14400.0,2,1.0,en,0.0
0,9,18,190,1.0,,1.0,,0,,en,1.0
0,13,18,211,1.0,,1.0,,0,,en,1.0
0,27,56,490,1.0,,1.0,,0,,en,1.0
0,10,23,263,1.0,,1.0,,0,,en,1.0
0,7,455,626,1.0,,1.0,,0,,ru,1.0
0,23,61,721,1.0,,1.0,,0,,en,1.0
1039,858,28771,2000,1.0,,1.0,,23,,en,0.0
0,13,29,280,1.0,,1.0,,0,,en,1.0
0,1,2,36,1.0,,1.0,,0,,en,1.0
182,326,5961,303,,,1.0,-25200.0,9,,en,0.0
1192,240,4984,127,,,1.0,-18000.0,3,1.0,en,0.0
2,5,21,173,1.0,,1.0,,0,,en,1.0
8186,277,17952,417,,,1.0,-7200.0,6,1.0,en-gb,0.0
2061,421,57000,436,,,,-28800.0,6,,en,0.0
13347,826,30460,489,,,,-25200.0,2,1.0,en,0.0
15,4,9,109,,,1.0,19800.0,0,1.0,en,0.0
0,8,78,638,1.0,,1.0,,0,,en,1.0
35,1331,53239,758,,,1.0,-25200.0,9,1.0,en,0.0
0,15,25,364,1.0,,1.0,,0,,en,1.0
2716,322,23040,416,,,1.0,28800.0,1,1.0,en,0.0
0,17,22,262,1.0,,1.0,,0,,en,1.0
0,16,32,264,1.0,,1.0,,0,,en,1.0
0,22,70,621,1.0,,1.0,,0,,en,1.0
10,108,641,366,,,,,0,1.0,en,0.0
2940,1923,13384,503,,,,-28800.0,3,1.0,en,0.0
277,469,7558,325,,,,-28800.0,0,,en,0.0
0,28,63,634,1.0,,1.0,,0,,en,1.0
1061,5471,201200,910,,,1.0,-25200.0,25,1.0,en,0.0
0,7,20,214,1.0,,1.0,,0,,en,1.0
0,24,41,462,1.0,,1.0,,0,,en,1.0
471,175,682,154,,,1.0,-18000.0,0,,en,0.0
0,5,16,209,1.0,,1.0,,0,,en,1.0
0,16,31,315,1.0,,1.0,,0,,en,1.0
0,19,26,311,1.0,,1.0,,0,,en,1.0
0,20,41,332,1.0,,1.0,,0,,en,1.0
11,5,819,753,1.0,,1.0,,0,,ru,1.0
0,25,33,342,1.0,,1.0,,0,,en,1.0
0,8,15,190,1.0,,1.0,,0,,en,1.0
5,56,48,25,1.0,,1.0,-14400.0,0,,en,0.0
4079,465,52000,272,,,1.0,-25200.0,1,1.0,en,0.0
0,15,20,230,1.0,,1.0,,0,,en,1.0
3997,1377,59918,209,,,1.0,19800.0,10,1.0,en,0.0
2,8,33,438,,,1.0,,0,1.0,es,1.0
0,55,17,1249,,,1.0,-18000.0,0,,en,1.0
1,32,14,173,1.0,,1.0,,1,,en,0.0
528,284,2393,118,1.0,,1.0,-39600.0,2,1.0,en,0.0
43,77,510,743,1.0,,1.0,,0,1.0,en,1.0
0,15,30,271,1.0,,1.0,,0,,en,1.0
17795,714,50292,484,1.0,,1.0,-25200.0,2,1.0,en,0.0
0,13,19,275,1.0,,1.0,,0,,en,1.0
2476,273,3218,258,,,1.0,7200.0,8,1.0,en,0.0
0,10,18,192,1.0,,1.0,,0,,en,1.0
28,423,18087,152,,,1.0,10800.0,24,1.0,en,0.0
4715,832,24928,169,,,1.0,19800.0,14,1.0,en,0.0
2449,189,7051,206,,,1.0,-25200.0,1,,en,0.0
0,6,24,174,1.0,,1.0,,0,,en,1.0
3192,876,3706,592,1.0,,1.0,,6,1.0,ja,0.0
0,6,14,174,1.0,,1.0,,0,,en,1.0
0,12,20,165,1.0,,1.0,,0,,en,1.0
0,11,7727,14,,,1.0,,1,,fr,0.0
0,18,23,357,1.0,,1.0,,0,,en,1.0
0,25,69,625,1.0,,1.0,,0,,en,1.0
254,77,979,289,,,1.0,-25200.0,1,1.0,en,0.0
0,14,27,202,1.0,,1.0,,0,,en,1.0
1624,633,2850,584,,,1.0,-25200.0,0,1.0,en,0.0
0,13,23,251,1.0,,1.0,,0,,en,1.0
0,16,46,529,1.0,,1.0,,0,,en,1.0
912,152,677,320,1.0,,1.0,,0,,en,0.0
0,27,47,534,1.0,,1.0,,0,,en,1.0
0,9,68,652,1.0,,1.0,-14400.0,0,,en,1.0
0,3,0,571,1.0,,1.0,,0,,it,1.0
0,25,57,577,1.0,,1.0,,0,,en,1.0
580,51,3790,234,,,1.0,-25200.0,0,1.0,en,0.0
0,29,57,673,1.0,,1.0,,0,,en,1.0
0,18,48,500,1.0,,1.0,,0,,en,1.0
1941,375,22488,162,,,1.0,-18000.0,7,,en,0.0
23,17,134,39,1.0,,1.0,,0,,en,0.0
730,672,1547,604,,,1.0,,5,1.0,en,0.0
5727,1011,43738,92,,,1.0,19800.0,14,,en,0.0
0,16,38,384,1.0,,1.0,,0,,en,1.0
0,28,70,771,1.0,,1.0,,0,,en,1.0
5,404,4367,1053,,,1.0,-10800.0,1,1.0,en,0.0
2178,1071,19567,504,,,1.0,28800.0,281,1.0,en,0.0
0,2,4,518,1.0,,1.0,,0,,en,1.0
0,32,47,522,1.0,,1.0,,0,,en,1.0
11995,354,29129,243,,,1.0,-25200.0,1,1.0,en,0.0
196,311,5899,381,,,1.0,28800.0,1,1.0,en,0.0
0,32,94,1015,1.0,,1.0,,0,,en,1.0
266,104,750,102,,,1.0,28800.0,6,,en,0.0
0,4,4,571,,,1.0,,0,,en,1.0
0,9,0,578,1.0,,1.0,,0,,en,1.0
16812,13828,104707,252,1.0,,1.0,-14400.0,131,,en,0.0
1066,328,67739,178,,,1.0,-25200.0,8,1.0,en,0.0
4037,698,33298,600,,,1.0,-18000.0,5,1.0,en,0.0
5166,2097,24728,888,,,1.0,18000.0,10,1.0,en,0.0
0,10,0,534,1.0,,1.0,,0,,en,1.0
407,93,2588,162,,,1.0,-25200.0,0,1.0,en,0.0
2,19,26,250,1.0,,1.0,,0,,en,1.0
5776,139,1076,118,,,,,2,,en,0.0
2185,520,4602,243,,,1.0,28800.0,2,1.0,en,0.0
0,8,31,233,1.0,,1.0,,0,,en,1.0
383,176,1312,137,,,,-28800.0,1,1.0,en,0.0
0,18,36,353,1.0,,1.0,,0,,en,1.0
4774,223,9358,389,,,1.0,43200.0,6,1.0,en,0.0
5467,529,42806,132,,,1.0,-10800.0,0,,en,0.0
2936,224,2178,213,1.0,,1.0,,0,1.0,en,0.0
6794,6534,23298,5227,,,1.0,7200.0,10,,es,0.0
0,12,22,314,1.0,,1.0,,0,,en,1.0
2277,173,1654,196,1.0,,1.0,,0,1.0,en,0.0
1986,219,3852,391,1.0,,1.0,,0,1.0,en,0.0
0,22,62,671,1.0,,1.0,,0,,en,1.0
9,26,277,76,1.0,,1.0,7200.0,0,,en,0.0
0,28,48,582,1.0,,1.0,,0,,en,1.0
1,31,54,536,1.0,,1.0,,0,,en,1.0
12042,652,9685,419,,,,-25200.0,0,1.0,en,0.0
27152,433,23056,288,,,1.0,-25200.0,0,1.0,en,0.0
257,179,2485,339,,,1.0,28800.0,4,1.0,en,0.0
3230,30095,34314,697,,,1.0,-25200.0,131,,en,0.0
23,223,6141,318,,,1.0,-18000.0,1,1.0,en,0.0
0,39,266,286,,,1.0,,0,,en,1.0
161,974,13827,1428,,,1.0,32400.0,94,1.0,en,0.0
424,243,5234,243,,,1.0,-18000.0,3,1.0,en,0.0
3702,365,18871,322,,,1.0,28800.0,2,,en,0.0
2164,18280,367191,4883,,,1.0,-18000.0,882,,en,0.0
3150,252,2296,573,1.0,,1.0,,1,,en,0.0
7231,841,24457,482,,,1.0,-25200.0,1,1.0,en,0.0
517,109,2855,278,,,1.0,28800.0,4,1.0,en,0.0
1134,202,1196,199,1.0,,1.0,,0,1.0,en,0.0
15836,14665,96709,389,,,1.0,10800.0,195,1.0,es,0.0
0,20,66,722,1.0,,1.0,,0,,en,1.0
642,349,14524,333,,,1.0,,1,,en,0.0
10206,10934,35417,9263,,,1.0,-21600.0,30,1.0,en-gb,0.0
51,321,141,316,,,,-25200.0,0,,en,0.0
0,1512,2024,1030,,,1.0,-18000.0,15,,en,0.0
11381,1037,54809,1179,,,1.0,28800.0,4,1.0,en,0.0
0,9,20,212,1.0,,1.0,,0,,en,1.0
0,29,44,481,1.0,,1.0,,0,,en,1.0
0,4,1,847,1.0,,1.0,,0,,en,1.0
1339,570,3347,980,1.0,,1.0,,5,,en,0.0
663,182,11655,107,,,1.0,19800.0,2,1.0,en,0.0
0,7,4,605,1.0,,1.0,,0,,en,1.0
524,168,12822,403,,,1.0,28800.0,5,1.0,en,0.0
3,27,157,475,,,1.0,0.0,0,1.0,en,1.0
0,16,28,327,1.0,,1.0,,0,,en,1.0
281,346,360,329,1.0,,1.0,,0,1.0,ja,0.0
0,2,0,344,1.0,,1.0,,0,,en,1.0
0,14,18,190,1.0,,1.0,,0,,en,1.0
1075,302,1002,275,1.0,,1.0,,2,1.0,en,0.0
33,82,1735,100,,,1.0,3600.0,3,1.0,en,0.0
0,4,25,192,1.0,,1.0,,0,,en,1.0
125,20,557,239,1.0,,1.0,-18000.0,1,1.0,en,0.0
207,113,437,167,1.0,,1.0,,0,1.0,en,0.0
0,17,26,344,1.0,,1.0,,0,,en,1.0
8804,2736,1572,2247,,,1.0,-25200.0,7,,en,0.0
0,9,65,438,1.0,,1.0,10800.0,0,,en,1.0
0,59,257,570,,,1.0,25200.0,2,1.0,en,1.0
21731,1976,22076,1737,,,,-14400.0,89,,en,0.0
2500,1060,18462,557,,,1.0,-18000.0,2,1.0,es,0.0
4227,694,7945,632,,,1.0,-25200.0,0,1.0,en,0.0
21397,1604,87493,141,,,1.0,-25200.0,20,1.0,en,0.0
0,7,18,180,1.0,,1.0,,0,,en,1.0
2074,220,7085,801,1.0,1.0,1.0,,4,,en,0.0
2138,71,1727,70,1.0,,1.0,,1,,en,0.0
322,87,2128,92,1.0,,1.0,,0,1.0,en,0.0
0,7,0,559,,,1.0,,0,,es,1.0
19,336,1597,312,,,1.0,28800.0,12,1.0,en,0.0
7184,193,10212,184,,,1.0,-14400.0,0,1.0,en,0.0
0,28,55,611,1.0,,1.0,,0,,en,1.0
902,35,1985,63,1.0,,1.0,-25200.0,4,,en,0.0
10,50,218,303,,,1.0,-21600.0,2,1.0,en,0.0
0,37,16,406,,,1.0,36000.0,1,,en,1.0
0,0,3,19,1.0,,1.0,,0,,en,1.0
8786,4476,22314,4845,1.0,,1.0,,68,,en,0.0
53,36,525,71,,,1.0,28800.0,0,1.0,en,0.0
0,1,3,22,1.0,,1.0,,0,,en,1.0
19,18,101,19,,,1.0,-18000.0,2,,en,0.0
1,460,385,19,,,1.0,-25200.0,9,,en,0.0
0,10,19,253,1.0,,1.0,,0,,en,1.0
0,16,41,311,1.0,,1.0,,0,,en,1.0
0,7,18,208,1.0,,1.0,,0,,en,1.0
0,13,30,274,1.0,,1.0,,0,,en,1.0
0,4,0,951,1.0,,1.0,,0,,en,1.0
128,113,7686,255,,,1.0,19800.0,4,1.0,en,0.0
668,187,2235,248,1.0,,1.0,,0,,en,0.0
42,122,4272,215,,,1.0,-14400.0,2,1.0,en,0.0
0,20,17,282,1.0,,1.0,,0,,en,1.0
48065,1401,51961,1335,,,1.0,-18000.0,9,1.0,en,0.0
0,16,41,343,1.0,,1.0,,0,,en,1.0
1370,172,3765,154,,,1.0,28800.0,0,1.0,en,0.0
8,105,127,348,,,,-25200.0,1,,en,0.0
101,138,4028,737,1.0,,1.0,19800.0,5,1.0,en,0.0
0,19,49,507,1.0,,1.0,,0,,en,1.0
0,5,14,190,1.0,,1.0,,0,,en,1.0
0,10,11,217,1.0,,1.0,,0,,en,1.0
0,21,35,270,1.0,,1.0,,0,,en,1.0
0,14,21,256,1.0,,1.0,,0,,en,1.0
0,8,22,226,1.0,,1.0,,0,,en,1.0
0,10,19,239,1.0,,1.0,,0,,en,1.0
0,18,54,551,1.0,,1.0,,0,,en,1.0
0,4,6,580,1.0,,1.0,3600.0,0,,en,1.0
21,77,37,163,1.0,,1.0,,0,,en,0.0
0,10,10,371,,,1.0,-16200.0,0,,es,1.0
0,14,25,255,1.0,,1.0,,0,,en,1.0
1304,350,5209,791,,,1.0,-28800.0,3,1.0,en,0.0
0,7,21,208,1.0,,1.0,,0,,en,1.0
12316,550,16425,377,,,1.0,-14400.0,14,1.0,en-gb,0.0
32,1149,610,1995,,,1.0,-18000.0,61,1.0,en,0.0
0,0,0,0,1.0,,1.0,,0,,en,1.0
0,16,29,292,1.0,,1.0,,0,,en,1.0
470,105,3308,86,,,1.0,7200.0,2,1.0,en,0.0
0,23,26,279,1.0,,1.0,,0,,en,1.0
0,5,0,557,1.0,,1.0,,0,,en,1.0
0,11,14,176,1.0,,1.0,,0,,en,1.0
2640,532,6492,759,1.0,,1.0,-25200.0,27,1.0,en,0.0
0,10,22,211,1.0,,1.0,,0,,en,1.0
2530,403,23163,235,,,,-25200.0,4,1.0,en,0.0
0,11,25,254,1.0,,1.0,,0,,en,1.0
13,5,111,664,1.0,,1.0,,0,,ru,1.0
0,5,350,4,1.0,,1.0,,0,,en,0.0
0,10,34,281,1.0,,1.0,,0,,en,1.0
1489,537,18216,475,,,1.0,-10800.0,0,1.0,en,0.0
4359,276,146971,412,,,1.0,-25200.0,21,,en,0.0
0,5,1,596,1.0,,1.0,-21600.0,0,1.0,es,1.0
0,13,22,251,1.0,,1.0,,0,,en,1.0
8391,1884,6923,2069,,,1.0,-25200.0,28,1.0,en,0.0
0,14,25,269,1.0,,1.0,,0,,en,1.0
43,569,2123,1840,,,,-14400.0,22,1.0,en,0.0
0,11,23,196,1.0,,1.0,,0,,en,1.0
373,92,1095,127,1.0,,1.0,-14400.0,0,,en,0.0
83,94,2995,334,,,,-25200.0,3,,en,0.0
0,16,41,531,1.0,,1.0,,0,,en,1.0
0,2,6,26,1.0,,1.0,,0,,en,1.0
9678,620,30048,387,,,1.0,-10800.0,1,1.0,en,0.0
0,18,441,1009,,,1.0,-36000.0,0,,en,1.0
6041,279,3755,1078,,,1.0,-18000.0,3,1.0,en,0.0
0,23,27,349,1.0,,1.0,,0,,en,1.0
1309,6146,341,68,1.0,,1.0,-14400.0,31,1.0,ja,0.0
5742,358,12037,225,1.0,,1.0,,0,1.0,en,0.0
0,5,22,231,1.0,,1.0,,0,,en,1.0
0,15,18,244,1.0,,1.0,,0,,en,1.0
0,8,24,240,1.0,,1.0,,0,,en,1.0
0,9,17,201,1.0,,1.0,,0,,en,1.0
2361,2135,136700,1799,,,1.0,-25200.0,70,,en,0.0
61,236,1082,282,1.0,,1.0,,0,,en,0.0
0,20,79,779,1.0,,1.0,,0,,en,1.0
29875,1658,29249,2002,,,1.0,-25200.0,11,1.0,en,0.0
747,97,451,296,,,1.0,28800.0,1,,en,0.0
863,649,67875,297,,,1.0,10800.0,2,1.0,en,0.0
0,16,46,591,1.0,,1.0,,0,,en,1.0
0,14,62,562,1.0,,1.0,,0,,en,1.0
0,31,23,593,1.0,,1.0,-10800.0,0,,pt,1.0
662,85,59092,59,,,1.0,32400.0,1,,ja,0.0
877,384,5352,187,,,1.0,-18000.0,2,1.0,en,0.0
0,15,26,284,1.0,,1.0,,0,,en,1.0
17851,268,32744,265,,,1.0,-14400.0,6,1.0,en,0.0
2776,707,4830,604,,,1.0,28800.0,3,,en,0.0
0,14,32,285,1.0,,1.0,,0,,en,1.0
0,23,23,288,1.0,,1.0,,0,,en,1.0
0,5,1,958,1.0,,1.0,,0,,en,1.0
0,21,37,424,1.0,,1.0,,0,,en,1.0
0,8,15,219,1.0,,1.0,,0,,en,1.0
165741,1994,230131,496,,,1.0,19800.0,29,1.0,en,0.0
0,10,18,203,1.0,,1.0,,0,,en,1.0
2791,325,4596,180,,,1.0,,3,1.0,en,0.0
2193,2313,30450,441,1.0,,1.0,10800.0,93,,en,0.0
14143,944,19672,338,1.0,,1.0,7200.0,18,1.0,en-gb,0.0
245,50,1812,143,1.0,,1.0,3600.0,4,,en,0.0
6637,1318,18598,722,,,,7200.0,9,1.0,es,0.0
0,16,24,214,1.0,,1.0,,0,,en,1.0
845,786,9573,705,,,1.0,43200.0,6,1.0,en,0.0
1808,1819,10043,886,,,,-18000.0,38,1.0,en,0.0
122,35,1321,164,,,1.0,-28800.0,1,,en,0.0
31879,900,33279,600,,,,,1,1.0,en,0.0
0,11,1,604,,,1.0,,0,,en,1.0
4,639,11239,559,,,1.0,-18000.0,22,,en,0.0
0,5,21,204,1.0,,1.0,,0,,en,1.0
1648,324,6758,238,1.0,,1.0,-18000.0,0,1.0,en,0.0
102,207,9722,181,1.0,,1.0,,2,,en,0.0
2452,271,5716,261,,,1.0,-18000.0,6,1.0,en,0.0
96,101,115,149,,,,,0,1.0,en,0.0
0,17,54,558,1.0,,1.0,,0,,en,1.0
0,22,25,266,1.0,,1.0,,0,,en,1.0
44,404,559,788,,,1.0,,1,1.0,en,0.0
0,15,20,244,1.0,,1.0,,0,,en,1.0
0,8,17,219,1.0,,1.0,,0,,en,1.0
317,82,1051,224,,,1.0,-18000.0,0,1.0,en,0.0
0,23,37,310,1.0,,1.0,,0,,en,1.0
0,0,3,16,1.0,,1.0,,0,,en,1.0
11,18,540,33,,,1.0,28800.0,1,,zh-tw,0.0
0,27,6,307,1.0,,1.0,,0,,en,1.0
0,16,64,602,1.0,,1.0,,0,,en,1.0
0,10,15,209,1.0,,1.0,,0,,en,1.0
0,9,41,440,1.0,,1.0,,0,,en,1.0
0,9,26,257,1.0,,1.0,,0,,en,1.0
23349,772,781,185,,,1.0,-25200.0,4,,en,0.0
3370,349,9099,482,,,1.0,-18000.0,1,1.0,en,0.0
1641,289,5110,543,,,1.0,-21600.0,0,,en,0.0
0,15,2,701,1.0,,1.0,10800.0,0,,en,1.0
344,92,15325,84,,,1.0,-25200.0,0,,en,0.0
636,178,505,227,1.0,,1.0,,6,1.0,en,0.0
1816,461,92927,677,,,1.0,-25200.0,22,1.0,en,0.0
1611,33,49,295,1.0,,1.0,,0,,en,0.0
464,384,16828,345,,,1.0,-18000.0,5,1.0,es,0.0
246,219,16670,518,,,1.0,19800.0,7,,en,0.0
244,91,764,125,,,1.0,-25200.0,1,1.0,en,0.0
0,5,24,244,1.0,,1.0,,0,,en,1.0
0,7,21,197,1.0,,1.0,,0,,en,1.0
0,7,21,224,1.0,,1.0,,0,,en,1.0
0,4,4,565,1.0,,1.0,,1,,en,1.0
0,8,24,208,1.0,,1.0,,0,,en,1.0
615,256,6164,255,1.0,,1.0,,1,1.0,en,0.0
0,0,3,384,1.0,,1.0,25200.0,0,1.0,en,1.0
92966,409,19804,236,,,1.0,-25200.0,0,,en,0.0
1527,1668,3139,57,,,1.0,28800.0,3,1.0,en,0.0
0,20,31,259,1.0,,1.0,,0,,en,1.0
0,3,3,54,1.0,,1.0,,0,,en,1.0
0,3,0,596,1.0,,1.0,,0,,en,1.0
8,5,47,482,,,1.0,-21600.0,1,1.0,es,1.0
355,772,10642,931,,,1.0,28800.0,33,1.0,en,0.0
0,125,149,449,,,1.0,-18000.0,1,,es,1.0
3377,736,4212,148,1.0,,1.0,-18000.0,5,1.0,en,0.0
14,7,41,609,1.0,,1.0,,0,,pt,1.0
10697,2404,25278,153,,,1.0,7200.0,35,,en,0.0
0,16,19,289,1.0,,1.0,,0,,en,1.0
3392,361,5348,195,,,1.0,7200.0,3,,en,0.0
256,1096,45063,844,,,1.0,19800.0,32,1.0,en,0.0
0,8,1,393,1.0,,1.0,,0,,en,1.0
0,14,25,443,,,1.0,-18000.0,1,,en,1.0
0,19,52,495,1.0,,1.0,,0,,en,1.0
0,12,16,186,1.0,,1.0,,0,,en,1.0
5202,1117,5573,142,,,1.0,43200.0,4,,en,0.0
0,1,2,21,1.0,,1.0,,0,,en,1.0
13,137,2117,212,,,1.0,32400.0,6,1.0,en,0.0
0,7,22,271,1.0,,1.0,,0,,en,1.0
0,9,19,178,1.0,,1.0,,0,,en,1.0
2684,536,8234,397,,,1.0,-18000.0,0,1.0,en,0.0
3248,378,16318,624,,,1.0,28800.0,4,1.0,en,0.0
0,9,20,191,1.0,,1.0,,0,,en,1.0
106,137,207,414,1.0,,1.0,,1,,en,1.0
5201,3535,21611,2689,,,1.0,7200.0,16,1.0,en,0.0
1052,373,6643,1716,,,1.0,-25200.0,4,1.0,en,0.0
3218,614,28189,578,,,,-25200.0,4,1.0,en,0.0
2811,1903,23996,790,1.0,,1.0,,61,,en,0.0
5560,1400,12064,422,,,1.0,-18000.0,6,1.0,es,0.0
608,136,4894,77,1.0,,1.0,-14400.0,0,1.0,en,0.0
0,5,20,206,1.0,,1.0,,0,,en,1.0
4823,840,26429,665,,,1.0,-14400.0,3,1.0,en,0.0
0,12,1,349,1.0,,1.0,3600.0,0,,tr,1.0
0,22,48,541,1.0,,1.0,,1,,en,1.0
0,16,32,316,1.0,,1.0,,0,,en,1.0
2665,248,21061,290,,,1.0,28800.0,1,1.0,en,0.0
0,22,17,279,1.0,,1.0,,0,,en,1.0
0,4,17,187,1.0,,1.0,,0,,en,1.0
6,24,1211,63,1.0,,1.0,,6,1.0,en,0.0
3,8,131,9,1.0,,1.0,-36000.0,0,1.0,ja,0.0
0,17,36,335,1.0,,1.0,,0,,en,1.0
0,19,61,494,1.0,,1.0,,0,,en,1.0
0,6,1,520,1.0,,1.0,,0,,en,1.0
0,13,27,204,1.0,,1.0,,0,,en,1.0
0,7,7,560,,,1.0,-21600.0,0,,es,1.0
0,13,18,257,1.0,,1.0,,0,,en,1.0
1528,140,1649,549,,,,46800.0,0,,en,0.0
41,534,16942,860,,,1.0,-25200.0,22,1.0,en,0.0
1126,274,3517,635,1.0,,1.0,,7,,en,0.0
0,19,31,337,1.0,,1.0,,0,,en,1.0
0,8,26,211,1.0,,1.0,,0,,en,1.0
2,5,3,610,,,1.0,-28800.0,0,1.0,en,1.0
0,7,2,555,,,1.0,,1,,en,1.0
3,28,17,422,1.0,,1.0,,0,1.0,es,1.0
12603,286,13217,161,1.0,,1.0,-25200.0,0,1.0,en,0.0
22587,752,49634,201,1.0,,1.0,,4,1.0,en,0.0
4656,303,8195,642,,,1.0,,3,1.0,en,0.0
0,7,68,644,1.0,,1.0,28800.0,0,,en,1.0
1565,764,11585,250,,,1.0,7200.0,5,,es,0.0
432,243,875,93,,,1.0,,1,,en,0.0
0,9,24,225,1.0,,1.0,,0,,en,1.0
2051,3551,10711,2513,,,1.0,-36000.0,123,,en,0.0
0,3,0,502,1.0,,1.0,,0,,en,1.0
0,17,17,185,1.0,,1.0,,0,,en,1.0
0,5,15,212,1.0,,1.0,,0,,en,1.0
8927,221,13373,307,1.0,,1.0,-25200.0,4,1.0,en,0.0
0,16,45,342,1.0,,1.0,,1,,es,1.0
0,8,17,231,1.0,,1.0,,0,,en,1.0
5500,244,16948,246,1.0,,1.0,,3,1.0,en,0.0
9,16,7717,25,,,1.0,-18000.0,0,,es,0.0
0,19,19,259,1.0,,1.0,,0,,en,1.0
32,24,110,38,1.0,,1.0,,0,,en,0.0
1832,139,3187,204,,,,-25200.0,2,,en,0.0
1347,397,7093,170,,,1.0,28800.0,0,1.0,en,0.0
0,14,17,218,1.0,,1.0,,0,,en,1.0
1,3,12,446,,,1.0,-25200.0,0,,es,1.0
507,113,343,193,1.0,,1.0,,0,,en,0.0
804,910,7621,853,,,1.0,7200.0,58,1.0,en,0.0
0,15,16,225,1.0,,1.0,,0,,en,1.0
0,13,69,526,1.0,,1.0,,0,,en,1.0
0,5,9,601,1.0,,1.0,-14400.0,0,,pt,1.0
0,11,35,394,1.0,,1.0,,0,,en,1.0
1041,255,2631,169,1.0,,1.0,,0,,en,0.0
0,18,52,508,1.0,,1.0,,0,,en,1.0
5359,188,6566,216,1.0,,1.0,,1,,en,0.0
211,63,2839,61,,,1.0,28800.0,2,,en,0.0
5935,280,12574,814,,,1.0,28800.0,4,1.0,en,0.0
0,12,16,273,1.0,,1.0,,0,,en,1.0
4150,222,9104,210,1.0,,1.0,-25200.0,0,1.0,en,0.0
0,5,19,197,1.0,,1.0,,0,,en,1.0
1,11,19,269,1.0,,1.0,,0,,en,1.0
2213,408,26501,336,,,1.0,-18000.0,6,1.0,en,0.0
0,1,1,33,1.0,,1.0,,0,,en,1.0
571,587,31793,434,,,1.0,-10800.0,0,1.0,es,0.0
2759,442,5136,289,,,1.0,,1,1.0,en,0.0
3122,211,4506,206,,,1.0,-14400.0,0,1.0,en,0.0
13058,2712,34973,2235,,,1.0,28800.0,6,1.0,en,0.0
452,190,908,218,,,1.0,-18000.0,1,,en,0.0
278,670,9094,1223,,,1.0,-25200.0,18,,en,0.0
0,21,42,534,1.0,,1.0,,0,,en,1.0
0,8,1,592,1.0,,1.0,,0,,en,1.0
60,122,104,435,1.0,,1.0,,1,,en,0.0
1205,69,1865,102,1.0,,1.0,,0,1.0,en,0.0
773,21,1128,36,1.0,,1.0,7200.0,1,,es,0.0
631,1592,160869,1303,,,1.0,28800.0,19,1.0,en,0.0
19986,10640,34025,10573,,,1.0,-10800.0,21,1.0,es,0.0
915,1461,2024,1448,,,,-18000.0,73,1.0,en,0.0
0,8,14,175,1.0,,1.0,,0,,en,1.0
1,19,29,255,,,1.0,-18000.0,0,1.0,en,1.0
0,14,18,207,1.0,,1.0,,0,,en,1.0
6142,661,24365,439,,,,-25200.0,0,1.0,en,0.0
1,8,181,968,1.0,,1.0,32400.0,1,1.0,ja,1.0
1303,331,5042,261,,,1.0,-25200.0,1,1.0,en,0.0
0,24,67,678,1.0,,1.0,,0,,en,1.0
0,20,45,515,1.0,,1.0,,0,,en,1.0
3320,843,8095,622,,,1.0,32400.0,15,1.0,en,0.0
10980,358,4916,259,,,,-25200.0,4,1.0,en,0.0
0,27,17,220,1.0,,1.0,,0,,en,1.0
0,18,23,233,1.0,,1.0,,0,,en,1.0
0,8,29,344,1.0,,1.0,,0,,en,1.0
7777,326,26559,264,,,1.0,-10800.0,0,1.0,en,0.0
0,22,32,351,1.0,,1.0,,0,,en,1.0
0,11,33,345,1.0,,1.0,,0,,en,1.0
74,47,337,71,1.0,,1.0,10800.0,0,,en,0.0
675,253,2037,150,1.0,,1.0,,1,1.0,en,0.0
0,11,26,302,1.0,,1.0,,0,,en,1.0
0,28,52,540,1.0,,1.0,,0,,en,1.0
32,147,5493,641,,,1.0,18000.0,2,1.0,en,0.0
2722,168,7085,146,,,1.0,-18000.0,0,1.0,en,0.0
37,92,37358,215,,,1.0,-14400.0,8,,en,0.0
0,8,19,179,1.0,,1.0,,0,,en,1.0
0,17,24,273,1.0,,1.0,,0,,en,1.0
5376,1238,9105,145,,,1.0,-14400.0,19,1.0,en,0.0
0,14,42,347,1.0,,1.0,,0,,en,1.0
0,32,67,639,1.0,,1.0,,0,,en,1.0
0,20,34,280,1.0,,1.0,,0,,en,1.0
0,23,60,577,1.0,,1.0,,0,,en,1.0
0,14,1,582,1.0,,1.0,,0,,en,1.0
0,10,16,188,1.0,,1.0,,0,,en,1.0
0,5,2,346,1.0,,1.0,,0,,es,1.0
0,30,47,756,,,1.0,-10800.0,0,1.0,pt,1.0
27355,2380,91853,957,,,1.0,7200.0,35,,es,0.0
0,7,20,207,1.0,,1.0,,0,,en,1.0
0,24,46,589,1.0,,1.0,,0,,en,1.0
1,5,1,504,1.0,,1.0,,0,,en,1.0
0,18,26,219,1.0,,1.0,,0,,en,1.0
11382,1114,20291,1292,,,1.0,-25200.0,14,,en,0.0
24596,1066,23134,961,,,1.0,-18000.0,3,1.0,en,0.0
3,57,373,450,,,1.0,-21600.0,1,,en,1.0
27,93,844,385,,,1.0,19800.0,0,,en,0.0
2,10,29,195,1.0,,1.0,,0,,en,1.0
0,22,62,517,1.0,,1.0,,0,,en,1.0
0,15,25,267,1.0,,1.0,,0,,en,1.0
0,12,18,193,1.0,,1.0,,0,,en,1.0
1,10,54,88,1.0,,1.0,,1,,en,0.0
0,24,64,721,1.0,,1.0,,0,,en,1.0
1487,719,37548,626,,,1.0,-10800.0,4,1.0,pt,0.0
0,3,17,577,,,1.0,-21600.0,0,,es,1.0
85654,499,60020,371,,,1.0,-25200.0,7,,en,0.0
104,372,1315,1032,1.0,,1.0,,2,1.0,en,0.0
1067,241,8102,273,,,1.0,7200.0,0,1.0,es,0.0
2218,232,4652,174,,,1.0,-18000.0,0,1.0,en,0.0
18,19,15,152,1.0,,1.0,,0,,en,0.0
0,12,20,241,1.0,,1.0,,0,,en,1.0
0,137,0,465,,,1.0,-14400.0,0,,en,1.0
0,9,33,237,1.0,,1.0,,0,,en,1.0
0,20,41,332,1.0,,1.0,,0,,en,1.0
2959,493,16551,655,,,1.0,10800.0,6,,es,0.0
11964,1645,40574,1292,,,1.0,-18000.0,8,1.0,en,0.0
0,26,44,501,1.0,,1.0,,0,,en,1.0
362,189,1052,248,1.0,,1.0,-18000.0,0,,en,0.0
17019,780,51662,419,,,1.0,-25200.0,2,1.0,en,0.0
0,7,16,161,1.0,,1.0,,0,,en,1.0
288,318,2321,486,,,1.0,19800.0,3,1.0,en,0.0
0,10,20,196,1.0,,1.0,,0,,en,1.0
3171,1408,4796,1533,,,1.0,,4,1.0,en,0.0
0,15,34,274,1.0,,1.0,,0,,en,1.0
0,9,22,199,1.0,,1.0,,0,,en,1.0
0,10,19,214,1.0,,1.0,,0,,en,1.0
1569,263,4869,250,1.0,,1.0,,1,,en,0.0
0,10,22,239,1.0,,1.0,,0,,en,1.0
0,12,20,205,1.0,,1.0,,0,,en,1.0
4,7,59,49,1.0,,1.0,-18000.0,0,,es,1.0
957,232,3482,236,,,1.0,-10800.0,1,1.0,en,0.0
7295,390,12828,487,,,1.0,,6,1.0,es,0.0
0,7,18,163,1.0,,1.0,,0,,en,1.0
13747,12143,62901,166,,,,-36000.0,136,,en,0.0
0,19,64,594,1.0,,1.0,,0,,en,1.0
43,41,1528,171,,,1.0,-28800.0,2,1.0,en,0.0
14,46,1890,86,1.0,,1.0,19800.0,11,1.0,en,0.0
0,25,31,360,1.0,,1.0,,0,,en,1.0
83,2182,4519,798,,,,-21600.0,54,1.0,en,0.0
213,45,7930,301,,,1.0,-18000.0,0,,en,0.0
0,15,21,242,1.0,,1.0,,0,,en,1.0
2690,483,5907,244,1.0,,1.0,-25200.0,1,1.0,en,0.0
0,11,34,228,1.0,,1.0,,0,,en,1.0
11,7,87,562,1.0,,1.0,,0,,ru,1.0
0,13,16,294,1.0,,1.0,,0,,en,1.0
12,5,652,564,1.0,,1.0,,0,,en,1.0
2,3,167,543,1.0,,1.0,,0,1.0,en,1.0
159,152,818,417,,,1.0,28800.0,6,,en,0.0
90,511,13444,231,,,1.0,,1,1.0,en,0.0
0,13,38,320,1.0,,1.0,,0,,en,1.0
4201,186,2721,171,1.0,,1.0,-14400.0,0,1.0,en,0.0
0,21,35,349,1.0,,1.0,,0,,en,1.0
112,38,8899,155,,,1.0,-18000.0,0,,en,0.0
4086,394,9731,311,,,1.0,18000.0,5,1.0,en,0.0
0,21,49,527,1.0,,1.0,,0,,en,1.0
0,10,32,250,1.0,,1.0,,0,,en,1.0
0,4,12,195,1.0,,1.0,,0,,en,1.0
1,13,107,604,1.0,,1.0,,0,,es,1.0
32479,1497,20027,2004,,,1.0,10800.0,3,1.0,en,0.0
0,6,27,256,1.0,,1.0,,0,,en,1.0
864,223,36,166,,,1.0,-25200.0,2,,en,0.0
0,8,14,219,1.0,,1.0,,0,,en,1.0
0,21,56,550,1.0,,1.0,,0,,en,1.0
0,13,26,262,1.0,,1.0,,0,,en,1.0
20656,352,16155,424,1.0,,1.0,,3,1.0,en,0.0
0,9,23,225,1.0,,1.0,,0,,en,1.0
0,20,35,412,1.0,,1.0,,0,,en,1.0
0,6,27,241,1.0,,1.0,,0,,en,1.0
0,16,16,220,1.0,,1.0,,0,,en,1.0
15580,290,32686,444,,,1.0,-18000.0,13,,en,0.0
3387,424,8759,463,1.0,,1.0,,3,1.0,en,0.0
238,243,6599,429,,,1.0,-25200.0,2,,en,0.0
2818,1253,21426,1137,,,1.0,,1,1.0,en,0.0
2459,203,3697,217,,,1.0,-14400.0,2,,en,0.0
919,625,5057,566,,,1.0,3600.0,1,1.0,en,0.0
0,14,18,258,1.0,,1.0,,0,,en,1.0
14881,334,13698,223,,,1.0,-25200.0,2,1.0,en,0.0
613,58,1947,250,,,,32400.0,1,1.0,en,0.0
0,20,42,474,1.0,,1.0,,0,,en,1.0
0,1,4,27,1.0,,1.0,,0,,en,1.0
0,12,51,503,1.0,,1.0,,0,,en,1.0
0,7,16,198,1.0,,1.0,,0,,en,1.0
965,77,1267,94,1.0,,1.0,,1,,en,0.0
0,10,19,212,1.0,,1.0,,0,,en,1.0
55,59,338,70,1.0,,1.0,,0,,fr,0.0
0,0,3,24,1.0,,1.0,,0,,en,1.0
0,17,32,267,1.0,,1.0,,0,,en,1.0
0,23,65,640,1.0,,1.0,,0,,en,1.0
0,20,69,652,1.0,,1.0,,0,,en,1.0
0,14,50,365,1.0,,1.0,,0,,en,1.0
89,436,22942,1649,,,1.0,,15,1.0,en,0.0
0,19,60,606,1.0,,1.0,,0,,en,1.0
7114,642,8096,1996,,,1.0,28800.0,3,1.0,en-gb,0.0
2,16,74,627,1.0,,1.0,,0,,es,1.0
3328,118,811,113,1.0,,1.0,,1,1.0,en,0.0
13059,1652,24759,1487,,,1.0,-21600.0,76,1.0,en,0.0
564,13,179,48,1.0,,1.0,,1,,en,0.0
0,19,42,330,1.0,,1.0,,0,,en,1.0
0,9,12,209,1.0,,1.0,,0,,en,1.0
0,25,72,564,1.0,,1.0,,0,,en,1.0
40114,9815,274989,2190,,,,-18000.0,38,,en,0.0
27,1090,3380,2001,,,1.0,-25200.0,17,,en,0.0
0,7,21,210,1.0,,1.0,,0,,en,1.0
0,1,1,32,1.0,,1.0,,0,,en,1.0
1340,768,50959,140,,,1.0,-25200.0,2,1.0,en,0.0
12277,654,21581,544,1.0,,1.0,,0,1.0,en,0.0
756,25,1846,87,1.0,,1.0,,3,,es,0.0
1381,256,3967,454,,,1.0,-21600.0,7,1.0,en,0.0
1,25,77,597,1.0,,1.0,-32400.0,1,,en,1.0
4063,333,1323,272,1.0,,1.0,,0,,en,0.0
10221,191,1587,152,1.0,,1.0,,0,1.0,en,0.0
22044,16186,67418,5242,,,1.0,3600.0,243,1.0,en,0.0
0,18,72,658,1.0,,1.0,,0,,en,1.0
0,5,10,298,1.0,,1.0,,0,,en,1.0
0,18,52,519,1.0,,1.0,,0,,en,1.0
3385,393,3093,306,1.0,,1.0,,1,1.0,en,0.0
52,86,16,207,1.0,,1.0,,1,,en,0.0
0,38,96,827,1.0,,1.0,,0,,en,1.0
0,16,26,369,1.0,,1.0,,0,,en,1.0
4631,1502,47489,1504,,,1.0,-25200.0,9,1.0,en,0.0
0,12,17,210,1.0,,1.0,,0,,en,1.0
2,16,106,505,1.0,,1.0,-36000.0,0,,es,1.0
0,5,4,620,,1.0,1.0,,0,,ru,1.0
0,11,20,214,1.0,,1.0,,0,,en,1.0
847,662,6146,1824,,,1.0,-18000.0,3,1.0,en,0.0
2,6,21,178,1.0,,1.0,,0,,en,1.0
0,21,13,273,1.0,,1.0,,0,,en,1.0
1424,3225,108403,2429,,,,-18000.0,262,,en,0.0
3523,97,9576,158,,,1.0,-18000.0,0,1.0,en,0.0
807,539,16872,438,,,1.0,-28800.0,3,1.0,en,0.0
43,330,306,336,,,1.0,,7,,en,0.0
0,11,26,218,1.0,,1.0,,0,,en,1.0
0,11,20,294,1.0,,1.0,,0,,en,1.0
131,48,1108,172,1.0,,1.0,,0,1.0,en,0.0
0,4,15,200,1.0,,1.0,,0,,en,1.0
1057,1782,1290,164,,,1.0,,16,,en,0.0
1222,547,963,1026,1.0,,1.0,,0,1.0,en,0.0
1465,1231,7959,1997,,,1.0,43200.0,32,1.0,en,0.0
47,219,842,356,1.0,,1.0,-18000.0,4,,en,0.0
0,15,29,336,1.0,,1.0,,0,,en,1.0
0,18,56,656,1.0,,1.0,,0,,en,1.0
0,11,26,272,1.0,,1.0,,0,,en,1.0
235,3325,4790,1327,,,,,5,1.0,en,0.0
18223,1131,35667,104,1.0,,1.0,-25200.0,16,1.0,en,0.0
7,539,1083,796,,,1.0,-18000.0,21,,en,0.0
309,1063,7343,79,,,1.0,14400.0,8,,en,0.0
0,17,47,345,1.0,,1.0,,0,,en,1.0
0,5,18,216,1.0,,1.0,,0,,en,1.0
2061,188,5881,107,,,1.0,-10800.0,0,,en,0.0
2204,107,2682,210,,,1.0,36000.0,5,,en,0.0
0,1,4,24,1.0,,1.0,,0,,en,1.0
14,98,1767,154,1.0,,1.0,-14400.0,6,1.0,es,0.0
58,244,1051,800,,,1.0,-25200.0,12,1.0,en,0.0
8064,152,3896,117,1.0,,1.0,,1,,en,0.0
0,6,24,220,1.0,,1.0,,0,,en,1.0
0,3,17,181,1.0,,1.0,,0,,en,1.0
0,9,17,193,1.0,,1.0,,0,,en,1.0
943,2844,8316,326,1.0,,1.0,16200.0,24,1.0,en,0.0
0,8,15,216,1.0,,1.0,,0,,en,1.0
2289,2354,9404,1710,,,1.0,-14400.0,2,1.0,en,0.0
1305,431,14445,515,,,,-14400.0,2,1.0,pt,0.0
1802,232,4540,223,,,1.0,,1,1.0,en,0.0
0,14,18,210,1.0,,1.0,,0,,en,1.0
0,13,10,539,,,1.0,-10800.0,0,,es,1.0
10463,786,35421,718,,,1.0,32400.0,47,,en,0.0
0,12,16,187,1.0,,1.0,,0,,en,1.0
0,15,31,316,1.0,,1.0,,0,,en,1.0
5344,1894,27138,539,,,1.0,36000.0,22,1.0,en,0.0
37,2,382,665,1.0,,1.0,,0,,ru,1.0
0,4,0,581,1.0,,1.0,,0,,pt,1.0
0,5,17,218,1.0,,1.0,,0,,en,1.0
429,262,7200,567,,,1.0,-25200.0,2,1.0,en,0.0
0,16,37,445,1.0,,1.0,,0,,en,1.0
0,22,22,274,1.0,,1.0,,0,,en,1.0
66,746,19697,237,,,1.0,19800.0,25,1.0,en,0.0
0,17,18,221,1.0,,1.0,,0,,en,1.0
249,78,1982,209,,,1.0,7200.0,2,,en,0.0
10,12307,613,2498,,,1.0,,13,,en,0.0
0,17,20,361,,,1.0,-10800.0,0,1.0,es,1.0
215,65,990,126,1.0,,1.0,43200.0,2,1.0,en,0.0
8134,236,5955,124,,,1.0,-18000.0,1,,en,0.0
0,20,50,630,1.0,,1.0,,0,,en,1.0
443,1685,47690,1048,,,,-18000.0,1,1.0,en,0.0
688,249,766,489,1.0,,1.0,,0,,en,0.0
2552,189,2640,328,1.0,,1.0,,0,,en,0.0
0,13,19,220,1.0,,1.0,,0,,en,1.0
0,13,50,547,1.0,,1.0,,0,,en,1.0
2465,349,11334,348,,,1.0,7200.0,4,,es,0.0
425,43,96,113,,,1.0,7200.0,0,,es,0.0
1215,60,869,116,1.0,,1.0,,0,,en,0.0
0,12,29,365,1.0,,1.0,,0,,en,1.0
100,257,2105,86,,,,7200.0,30,1.0,en,0.0
3051,229,1596,163,,,1.0,-14400.0,1,1.0,en,0.0
0,12,30,333,1.0,,1.0,,0,,en,1.0
1159,416,9979,469,,,1.0,-28800.0,6,1.0,en,0.0
619,176,10088,217,,,,-18000.0,4,1.0,en,0.0
41935,563,29277,350,1.0,,1.0,-18000.0,0,1.0,en,0.0
0,22,53,589,1.0,,1.0,,0,,en,1.0
0,19,57,593,1.0,,1.0,,0,,en,1.0
3704,154,1952,234,1.0,,1.0,,1,1.0,en,0.0
196,48,718,395,,,1.0,-28800.0,2,1.0,en,0.0
1326,108,1000,155,1.0,,1.0,,0,,en,0.0
0,18,35,286,1.0,,1.0,,0,,en,1.0
14637,1627,47459,558,,,,-18000.0,5,,en,0.0
26604,10116,69900,8581,,,1.0,28800.0,77,,en,0.0
0,9,20,193,1.0,,1.0,,0,,en,1.0
11,385,19390,252,1.0,,1.0,-14400.0,1,1.0,en,0.0
3528,410,3757,277,1.0,,1.0,-14400.0,0,1.0,en,0.0
0,19,26,280,1.0,,1.0,,0,,en,1.0
29592,1693,66390,2001,,,1.0,10800.0,13,1.0,en,0.0
0,12,25,265,1.0,,1.0,,0,,en,1.0
572,511,36697,223,,,1.0,3600.0,4,1.0,en,0.0
0,13,33,334,1.0,,1.0,,0,,en,1.0
34742,804,44068,279,1.0,,1.0,,2,1.0,en,0.0
47,13,849,12,1.0,,1.0,,0,1.0,en,0.0
0,6,2,301,,,1.0,,0,,fr,1.0
1780,6994,38594,963,,,1.0,7200.0,86,,nl,0.0
2493,1007,17049,578,1.0,,1.0,-25200.0,0,1.0,en,0.0
0,15,24,220,1.0,,1.0,,0,,en,1.0
209,253,10008,359,,,1.0,-25200.0,3,1.0,en,0.0
0,9,26,299,1.0,,1.0,,0,,en,1.0
4558,190,2276,299,1.0,,1.0,,1,1.0,en,0.0
0,10,19,205,1.0,,1.0,,0,,en,1.0
0,21,23,254,1.0,,1.0,,0,,en,1.0
0,9,23,211,1.0,,1.0,,0,,en,1.0
1329,243,7738,297,,,1.0,28800.0,6,1.0,en,0.0
34711,393,64168,195,,,1.0,-36000.0,5,,en,0.0
7925,761,9920,353,,,,28800.0,0,1.0,en,0.0
3432,255,3717,225,1.0,,1.0,-25200.0,1,1.0,en,0.0
0,14,39,432,1.0,,1.0,,0,,en,1.0
3466,522,3438,281,,,1.0,43200.0,16,,en,0.0
68,3030,118073,283,,,1.0,19800.0,106,,en,0.0
539,710,6095,373,,,1.0,-25200.0,6,1.0,en,0.0
514,543,593,445,1.0,,1.0,-25200.0,9,1.0,en,0.0
0,6,18,215,1.0,,1.0,,0,,en,1.0
0,23,57,528,1.0,,1.0,,0,,en,1.0
46,116,48804,87,1.0,,1.0,-18000.0,1,,en,0.0
0,21,20,277,1.0,,1.0,,0,,en,1.0
51,629,663,1423,1.0,,1.0,,0,,en,0.0
15423,672,32885,665,,,1.0,-25200.0,3,1.0,en,0.0
280,358,14187,967,1.0,,1.0,-18000.0,8,1.0,en,0.0
204,45,108,74,,,,,0,,en,0.0
1556,106,7360,529,1.0,,1.0,,1,1.0,en,0.0
1,19,56,681,1.0,,1.0,,0,,en,1.0
174,408,3484,244,,,1.0,7200.0,0,1.0,id,0.0
0,2,0,559,,,1.0,-10800.0,0,,en,1.0
125,78,1041,204,1.0,,1.0,,0,1.0,ar,0.0
0,6,1,398,,,1.0,28800.0,0,,en,1.0
977,237,12861,547,,,1.0,,6,1.0,en,0.0
0,9,20,201,1.0,,1.0,,0,,en,1.0
0,4,0,600,1.0,,1.0,,0,,en,1.0
0,21,38,338,1.0,,1.0,,0,,en,1.0
39,32,718,189,,,1.0,,2,,en,0.0
7212,2622,7936,2183,,,1.0,19800.0,2,1.0,en,0.0
979,2544,615,262,,,1.0,7200.0,4,1.0,es,0.0
0,20,69,600,1.0,,1.0,,0,,en,1.0
14956,800,12489,702,1.0,,1.0,-18000.0,7,1.0,en,0.0
0,15,24,301,1.0,,1.0,,0,,en,1.0
79,22,194,407,,,1.0,10800.0,1,,en,0.0
3024,323,15937,234,,,1.0,-18000.0,4,1.0,en,0.0
23474,971,26476,857,,,1.0,28800.0,6,1.0,en,0.0
2,5,18,188,1.0,,1.0,,0,,en,1.0
439,53,1049,186,1.0,,1.0,,0,1.0,en,0.0
2474,3656,22746,1110,,,,-18000.0,74,,en,0.0
11107,349,12002,342,,,1.0,28800.0,1,1.0,en,0.0
0,0,2,31,1.0,,1.0,,0,,en,1.0
0,17,25,270,1.0,,1.0,,0,,en,1.0
955,763,20133,436,,,1.0,-18000.0,1,1.0,en,0.0
2,13,21,183,1.0,,1.0,,0,,en,1.0
0,15,13,228,1.0,,1.0,,0,,en,1.0
0,14,35,327,1.0,,1.0,,0,,en,1.0
0,17,17,274,1.0,,1.0,,0,,en,1.0
0,19,65,617,1.0,,1.0,,0,,en,1.0
0,11,13,198,1.0,,1.0,,0,,en,1.0
36,35,133,118,1.0,,1.0,,5,,en,0.0
1147,135,30710,404,,,,32400.0,11,,ja,0.0
761,41,558,275,1.0,,1.0,,1,,en,0.0
9680,903,8455,728,1.0,,1.0,,13,1.0,es,0.0
0,15,35,294,1.0,,1.0,,0,,en,1.0
4349,124,2011,112,,,1.0,,0,,en,0.0
1351,322,4691,81,,,,19800.0,5,1.0,en,0.0
322,1610,25346,1983,,,1.0,,23,1.0,en,0.0
93,22,224,121,1.0,,1.0,28800.0,0,1.0,en,0.0
28,18,121,73,1.0,,1.0,-14400.0,0,1.0,en,0.0
0,13,26,273,1.0,,1.0,,0,,en,1.0
2207,189,5095,178,,,,-10800.0,5,,en,0.0
76,599,36705,256,,,1.0,-25200.0,8,1.0,en,0.0
0,23,65,641,1.0,,1.0,,0,,en,1.0
5472,254,6506,214,1.0,,1.0,-25200.0,1,1.0,en,0.0
5,7769,6176,321,1.0,,1.0,3600.0,78,1.0,en,0.0
2411,349,4073,392,1.0,,1.0,,0,,en,0.0
1185,166,1254,177,,,1.0,-14400.0,0,,en,0.0
616,809,27745,490,,,1.0,-21600.0,3,1.0,en,0.0
0,17,36,547,1.0,,1.0,,0,,en,1.0
0,5,17,204,1.0,,1.0,,0,,en,1.0
16705,657,22769,398,1.0,,1.0,-18000.0,1,,en,0.0
2337,414,67091,312,1.0,,1.0,-36000.0,2,1.0,en,0.0
1841,5209,9040,1120,,,1.0,,37,,en,0.0
55,46,163,124,1.0,,1.0,,0,,en,0.0
0,4,14,570,1.0,,1.0,,0,,en,1.0
0,9,17,202,1.0,,1.0,,0,,en,1.0
0,9,22,199,1.0,,1.0,,0,,en,1.0
4029,552,4774,787,1.0,,1.0,,11,,en-gb,0.0
0,19,37,388,1.0,,1.0,,0,,en,1.0
0,9,23,191,1.0,,1.0,,0,,en,1.0
0,9,24,218,1.0,,1.0,,0,,en,1.0
0,3,11,337,1.0,,1.0,,0,,en,1.0
0,24,28,320,1.0,,1.0,,0,,en,1.0
279,37,167,309,,,1.0,-25200.0,1,,en,0.0
5,22,67,668,1.0,,1.0,,0,,en,1.0
0,3,3,32,1.0,,1.0,,0,,en,1.0
53,39,57,53,1.0,,1.0,,0,,en,0.0
0,6,21,202,1.0,,1.0,,0,,en,1.0
0,11,23,203,1.0,,1.0,,0,,en,1.0
180,1061,27608,313,,,,-36000.0,25,,en,0.0
41,175,3049,177,,,1.0,,1,1.0,es,0.0
11,8,672,554,1.0,1.0,1.0,,0,,ru,1.0
112,57,4414,71,,,1.0,7200.0,0,1.0,es,0.0
0,11,21,189,1.0,,1.0,,0,,en,1.0
2412,221,1916,265,,,1.0,-14400.0,1,,en,0.0
0,5,181,49,1.0,,1.0,,0,,en,0.0
24856,1095,126757,57,,,1.0,-18000.0,6,1.0,en,0.0
193,266,15218,282,1.0,,1.0,,8,1.0,en,0.0
1,8,38,421,1.0,,1.0,-14400.0,0,1.0,pt,1.0
362,222,747,340,1.0,,1.0,,5,,en-GB,0.0
0,10,25,243,1.0,,1.0,,0,,en,1.0
0,18,27,272,1.0,,1.0,,0,,en,1.0
0,13,20,206,1.0,,1.0,,0,,en,1.0
0,23,67,684,1.0,,1.0,,0,,en,1.0
3987,126,9001,135,,,1.0,28800.0,1,1.0,en,0.0
2,8,19,193,1.0,,1.0,,0,,en,1.0
17871,879,143045,640,,,1.0,-36000.0,33,,en,0.0
0,14,21,196,1.0,,1.0,,0,,en,1.0
0,12,23,228,1.0,,1.0,,0,,en,1.0
541,145,2559,298,,,1.0,19800.0,4,,en,0.0
0,11,32,253,1.0,,1.0,,0,,en,1.0
0,18,31,347,1.0,,1.0,,0,,en,1.0
0,7,17,233,1.0,,1.0,,0,,en,1.0
0,7,19,195,1.0,,1.0,,0,,en,1.0
68,60,279,119,,,,,0,1.0,en,0.0
92,49,457,47,1.0,,1.0,,0,1.0,fr,0.0
2713,238,10866,147,,,1.0,28800.0,3,1.0,en,0.0
776,165,2964,647,,,1.0,10800.0,5,1.0,en,0.0
0,6,18,218,1.0,,1.0,,0,,en,1.0
0,20,29,333,1.0,,1.0,,0,,en,1.0
183,77,3263,72,1.0,,1.0,,1,,en,0.0
1,46,150,565,,,1.0,-14400.0,1,1.0,es,1.0
0,26,65,619,1.0,,1.0,,0,,en,1.0
241,35379,176950,587,,,,-14400.0,485,1.0,en,0.0
0,11,20,289,1.0,,1.0,,0,,en,1.0
309,61,3252,138,,,1.0,-25200.0,1,,en,0.0
922,763,42077,97,,,1.0,-18000.0,18,1.0,en,0.0
381,692,4231,2001,,,1.0,19800.0,8,1.0,en,0.0
176,46,6904,118,,,1.0,-18000.0,3,,en,0.0
87,129,14209,139,,,1.0,7200.0,3,1.0,en,0.0
277,231,3955,262,,,1.0,-25200.0,0,,en,0.0
4878,482,19934,479,,,1.0,28800.0,5,,en,0.0
197,328,7158,491,,,1.0,3600.0,2,1.0,en,0.0
4300,96,1759,87,1.0,,1.0,-25200.0,4,,en,0.0
2463,689,19515,470,,,1.0,7200.0,26,1.0,en,0.0
39,158,96,179,1.0,,1.0,,0,,en,0.0
0,12,26,219,1.0,,1.0,,0,,en,1.0
478,98,1847,358,1.0,,1.0,-28800.0,5,1.0,en,0.0
1865,508,3383,1158,1.0,,1.0,,7,1.0,en,0.0
0,9,48,393,1.0,,1.0,,0,1.0,en,1.0
0,27,67,681,1.0,,1.0,,0,,en,1.0
3,109,244,81,,,,3600.0,0,1.0,en,0.0
297,248,13276,201,,,1.0,-25200.0,13,1.0,en,0.0
70,36,2167,125,,,1.0,28800.0,0,1.0,en,0.0
118,78,124,211,1.0,,1.0,-25200.0,2,,en,0.0
0,17,59,654,1.0,,1.0,,0,,en,1.0
0,7,22,208,1.0,,1.0,,0,,en,1.0
130,275,12088,316,,,1.0,-18000.0,11,,en,0.0
13888,151,1088,148,,,1.0,-10800.0,3,1.0,en,0.0
0,17,24,225,1.0,,1.0,,0,,en,1.0
125,217,4754,333,1.0,,1.0,,4,1.0,pt,0.0
9,289,1471,462,1.0,,1.0,-10800.0,1,,en,0.0
3595,169,5326,847,1.0,,1.0,-14400.0,0,1.0,en,0.0
0,19,53,566,1.0,,1.0,,0,,en,1.0
163,126,53,366,1.0,,1.0,10800.0,1,1.0,en,0.0
3623,628,7411,604,1.0,,1.0,,2,1.0,en,0.0
4570,561,19853,471,1.0,,1.0,,11,1.0,en,0.0
2082,1635,15258,1610,,,1.0,-18000.0,3,1.0,en,0.0
170,100,69,214,,,,-28800.0,1,1.0,en,0.0
0,3,70,702,1.0,,1.0,,0,,en,1.0
5004,1166,19013,801,,,1.0,-25200.0,2,1.0,en-gb,0.0
268,1044,3243,1036,,,1.0,-25200.0,54,1.0,en,0.0
0,25,54,524,1.0,,1.0,,0,,en,1.0
842,162,9548,168,,,1.0,-25200.0,1,,en,0.0
12,4,60,608,1.0,,1.0,,0,,ru,1.0
0,0,7,166,1.0,,1.0,,0,,en,1.0
407,840,10757,1433,1.0,,1.0,-18000.0,18,1.0,en,0.0
0,7,12,167,1.0,,1.0,,0,,en,1.0
0,18,21,267,1.0,,1.0,,0,,en,1.0
1061,111,4741,85,,,1.0,-25200.0,0,1.0,en,0.0
315,90,28,536,,,1.0,28800.0,3,1.0,en,0.0
0,15,43,573,1.0,,1.0,,0,,en,1.0
36405,881,25123,1061,,,1.0,18000.0,12,1.0,en,0.0
4264,1098,38140,525,,,,28800.0,68,1.0,en,0.0
741,710,7351,652,,,1.0,-18000.0,1,1.0,en,0.0
3626,1068,16068,678,1.0,,1.0,-18000.0,33,1.0,en,0.0
0,11,46,408,1.0,,1.0,,0,,en,1.0
787,482,4477,590,,,1.0,-25200.0,0,,en,0.0
0,21,61,649,1.0,,1.0,,0,,en,1.0
7878,573,23001,396,,,1.0,-18000.0,0,,en,0.0
1842,947,3457,777,1.0,,1.0,,1,,en,0.0
0,1,8,630,1.0,,1.0,,0,,en,1.0
0,24,60,549,1.0,,1.0,,0,,en,1.0
0,13,18,210,1.0,,1.0,,0,,en,1.0
23768,1853,64276,636,,,1.0,-25200.0,35,,en,0.0
24217,783,50171,497,1.0,,1.0,,5,,en,0.0
6111,2139,33917,1279,,,1.0,7200.0,21,1.0,en,0.0
0,18,40,358,1.0,,1.0,,0,,en,1.0
0,23,47,520,1.0,,1.0,,0,,en,1.0
0,0,2,40,1.0,,1.0,,0,,en,1.0
897,1008,23645,1756,1.0,,1.0,-18000.0,66,1.0,en,0.0
0,12,33,327,1.0,,1.0,,0,,en,1.0
0,0,2,24,1.0,,1.0,,0,,en,1.0
0,34,75,749,1.0,,1.0,,0,,en,1.0
0,22,29,293,1.0,,1.0,,0,,en,1.0
2785,755,53599,318,,,1.0,-14400.0,12,1.0,en,0.0
0,8,16,178,1.0,,1.0,,0,,en,1.0
0,18,20,277,1.0,,1.0,,0,,en,1.0
1103,245,6607,151,,,1.0,-10800.0,2,,es,0.0
4067,1282,27689,838,,,1.0,10800.0,11,1.0,en,0.0
21746,863,21475,2002,,,1.0,-14400.0,84,,en,0.0
0,21,47,365,1.0,,1.0,,0,,en,1.0
205,169,4351,121,1.0,,1.0,,1,1.0,en,0.0
0,7,18,201,1.0,,1.0,,0,,en,1.0
0,19,93,634,,,1.0,,0,,en,1.0
1466,168,3104,220,1.0,,1.0,-25200.0,0,1.0,en,0.0
0,5,6,599,1.0,,1.0,,0,,en,1.0
2,9,15,210,1.0,,1.0,,0,,en,1.0
0,2,0,582,1.0,,1.0,,0,,es,1.0
18,56,11,48,,,,36000.0,2,,en,0.0
6,342,11352,545,,,1.0,-14400.0,16,1.0,en,0.0
523,54,1014,52,,,1.0,28800.0,1,1.0,en,0.0
0,16,44,355,1.0,,1.0,,0,,en,1.0
0,2,18,204,1.0,,1.0,,0,,en,1.0
0,3,1,519,1.0,,1.0,,0,,en,1.0
0,17,40,446,1.0,,1.0,,0,,en,1.0
2945,2326,7251,2548,,,1.0,28800.0,4,1.0,en,0.0
723,147,294,126,1.0,,1.0,,0,1.0,ja,0.0
0,22,40,527,1.0,,1.0,,0,,en,1.0
1565,376,3126,318,,,1.0,7200.0,3,,es,0.0
43,12,931,580,1.0,,1.0,,0,,en,1.0
5071,777,22328,246,,,1.0,43200.0,29,,en,0.0
15265,322,64059,331,,,1.0,7200.0,6,1.0,en,0.0
4402,2245,24072,1260,,,1.0,-25200.0,153,1.0,en,0.0
0,4,0,274,1.0,,1.0,28800.0,0,,zh-cn,1.0
22,21,980,27,1.0,,1.0,,1,,en,0.0
1,21,57,515,,,1.0,-10800.0,0,1.0,pt,1.0
1466,1467,11631,363,,,1.0,,2,1.0,en,0.0
0,16,37,373,1.0,,1.0,,0,,en,1.0
14401,643,11409,364,,,,-25200.0,2,1.0,en,0.0
101,16,36,23,1.0,,1.0,,0,,en,0.0
5,56,741,253,1.0,,1.0,28800.0,2,,en,0.0
0,14,32,296,1.0,,1.0,,0,,en,1.0
0,9,23,215,1.0,,1.0,,0,,en,1.0
573,72,3627,54,,,,,0,1.0,en,0.0
415,49,96,87,,,,,1,,ru,0.0
0,8,27,220,1.0,,1.0,,0,,en,1.0
0,1,3,20,1.0,,1.0,,0,,en,1.0
0,3,1,549,,,1.0,,0,,es,1.0
0,7,18,196,1.0,,1.0,,0,,en,1.0
3285,341,13551,971,,,1.0,28800.0,3,1.0,en,0.0
200,356,2509,382,1.0,,1.0,28800.0,2,1.0,en,0.0
0,12,19,217,1.0,,1.0,,0,,en,1.0
1194,59,858,124,1.0,,1.0,,0,,en,0.0
5085,1183,75903,308,,,1.0,28800.0,26,1.0,en,0.0
2676,612,11106,1518,1.0,,1.0,36000.0,24,1.0,en,0.0
0,7,7,398,1.0,,1.0,36000.0,0,,en,1.0
0,12,17,430,,,1.0,-10800.0,0,,es,1.0
3026,1295,25566,88,,,1.0,28800.0,8,,en,0.0
0,6,19,211,1.0,,1.0,,0,,en,1.0
0,3,0,475,1.0,,1.0,,0,,en,1.0
5920,240,10288,270,1.0,,1.0,,1,1.0,en-gb,0.0
0,15,119,412,,,1.0,0.0,0,,en,1.0
0,12,14,1010,1.0,,1.0,,0,,en,1.0
17,248,1251,274,,,1.0,-18000.0,17,,en,0.0
9,42,15,32,1.0,,1.0,,0,,en,0.0
0,14,24,204,1.0,,1.0,,0,,en,1.0
6107,832,25098,644,1.0,,1.0,28800.0,1,1.0,en,0.0
0,17,15,453,1.0,,1.0,,2,,en,1.0
0,1201,867,588,,,1.0,-32400.0,10,,en,1.0
148,721,1428,774,,,1.0,-14400.0,22,1.0,en,0.0
670,336,3045,320,,,1.0,28800.0,0,1.0,en,0.0
120,59,1833,133,1.0,,1.0,,2,,en,0.0
71,422,70334,97,,,1.0,,7,1.0,en,0.0
156,73,3621,71,,,1.0,-25200.0,0,,en,0.0
0,0,4,37,1.0,,1.0,,0,,en,1.0
2619,127,3563,100,1.0,,1.0,,0,,en,0.0
26,8,9,473,1.0,,1.0,,0,,en,1.0
7452,1818,124434,1985,,,1.0,-14400.0,41,1.0,en,0.0
3465,123,8021,102,1.0,,1.0,-18000.0,0,1.0,en,0.0
4839,737,27166,298,,,1.0,-25200.0,0,1.0,en,0.0
329,59,797,90,,,1.0,7200.0,5,,es,0.0
3575,558,24185,354,,,1.0,-25200.0,3,,en,0.0
0,15,69,668,1.0,,1.0,,0,,en,1.0
5967,787,12561,1007,,,1.0,-21600.0,7,,en,0.0
1773,128,2300,170,1.0,,1.0,,1,1.0,en,0.0
0,12,23,213,1.0,,1.0,,0,,en,1.0
310,88,183,117,1.0,,1.0,,0,,en,0.0
0,6,0,418,1.0,,1.0,,0,,es,1.0
0,21,25,274,1.0,,1.0,,0,,en,1.0
45,34,154,49,1.0,,1.0,43200.0,1,,en,0.0
0,9,42,604,,,1.0,-25200.0,0,,es,1.0
6065,376,37856,327,1.0,,1.0,-18000.0,20,,en,0.0
8,196,101,191,,,,32400.0,9,,en,0.0
968,33,1377,52,,,1.0,-25200.0,1,,en,0.0
0,15,24,235,1.0,,1.0,,0,,en,1.0
0,9,15,179,1.0,,1.0,,0,,en,1.0
7750,500,24289,409,1.0,,1.0,,2,1.0,en,0.0
396,204,3278,459,,,1.0,43200.0,11,,en,0.0
5511,234,4737,333,1.0,,1.0,,2,1.0,en,0.0
5,17,45,667,1.0,,1.0,,0,,en,1.0
94,759,183431,115,1.0,,1.0,7200.0,32,1.0,en,0.0
0,27,63,652,1.0,,1.0,,0,,en,1.0
275,101,2829,128,,,,,2,,en,0.0
0,13,15,202,1.0,,1.0,,0,,en,1.0
0,5,24,213,1.0,,1.0,,0,,en,1.0
372,93,1448,500,,,1.0,28800.0,0,1.0,en,0.0
0,21,20,237,1.0,,1.0,,0,,en,1.0
0,16,44,326,1.0,,1.0,,0,,en,1.0
44,9,13,43,1.0,,1.0,,0,1.0,en,0.0
415,183,3600,135,,,1.0,-28800.0,2,1.0,en,0.0
0,20,78,647,1.0,,1.0,,0,,en,1.0
0,27,70,669,1.0,,1.0,,0,,en,1.0
6,56,190,492,,,1.0,10800.0,0,,en,1.0
49312,1045,95069,350,,,1.0,7200.0,20,1.0,es,0.0
0,19,24,245,1.0,,1.0,,0,,en,1.0
0,6,20,181,1.0,,1.0,,0,,en,1.0
0,11,28,306,1.0,,1.0,,0,,en,1.0
11023,481,6287,470,,,1.0,-14400.0,1,1.0,en,0.0
1,129,3239,606,1.0,,1.0,-28800.0,1,,en,1.0
0,9,32,287,1.0,,1.0,,0,,en,1.0
0,15,1,541,,,1.0,,0,,en,1.0
0,18,26,303,1.0,,1.0,,0,,en,1.0
0,11,22,241,1.0,,1.0,,0,,en,1.0
90,43,81,54,1.0,,1.0,,0,,en,0.0
0,20,45,370,1.0,,1.0,,0,,en,1.0
0,14,24,274,1.0,,1.0,,0,,en,1.0
339,2249,3979,950,,,1.0,43200.0,66,,en,0.0
16576,62370,90601,427,,,1.0,-25200.0,1547,,en,0.0
0,25,38,379,1.0,,1.0,,0,,en,1.0
1746,114727,95366,1362,,,1.0,-18000.0,2825,1.0,en,0.0
2335,1192,8310,709,,,1.0,,1,1.0,en,0.0
320,1249,11256,1746,,,1.0,-25200.0,64,1.0,en,0.0
0,19,42,368,1.0,,1.0,,0,,en,1.0
774,385,8703,194,1.0,,1.0,10800.0,2,1.0,en,0.0
0,14,19,233,1.0,,1.0,,0,,en,1.0
0,10,17,207,1.0,,1.0,,0,,en,1.0
0,21,60,555,1.0,,1.0,,0,,en,1.0
831,1823,1409,1823,,,1.0,,0,1.0,en,0.0
3053,432,15132,1154,,,1.0,-18000.0,13,1.0,en,0.0
0,10,48,408,1.0,,1.0,,0,,en,1.0
5059,159,3450,124,1.0,,1.0,,5,1.0,es,0.0
2279,553,9292,359,1.0,,1.0,,4,1.0,en,0.0
27839,500,15001,220,,,1.0,-7200.0,24,1.0,de,0.0
0,18,27,371,1.0,,1.0,,0,,en,1.0
6455,3584,399555,2907,,,1.0,3600.0,135,1.0,en,0.0
0,18,33,390,1.0,,1.0,,0,,en,1.0
0,8,21,202,1.0,,1.0,,0,,en,1.0
0,12,38,236,1.0,,1.0,,0,,en,1.0
3672,10483,13372,11711,,,1.0,-21600.0,9,,en,0.0
9647,2024,24433,1385,,,1.0,28800.0,9,1.0,en,0.0
0,16,16,264,1.0,,1.0,,0,,en,1.0
8487,271,18484,216,,,1.0,28800.0,0,1.0,en,0.0
36223,490,11907,510,1.0,,1.0,,1,,en,0.0
3741,529,2078,911,,,1.0,43200.0,1,1.0,en,0.0
5462,687,10977,600,,,1.0,-28800.0,3,1.0,en,0.0
0,11,24,231,1.0,,1.0,,0,,en,1.0
0,10,32,259,1.0,,1.0,,0,,en,1.0
0,21,39,523,1.0,,1.0,,0,,en,1.0
2558,3031,41546,2485,,,1.0,-25200.0,17,1.0,en,0.0
11,3,32,572,1.0,,1.0,,0,,en,1.0
1552,4558,4565,669,,,1.0,,71,1.0,en,0.0
0,10,23,214,1.0,,1.0,,0,,en,1.0
0,17,30,314,1.0,,1.0,,0,,en,1.0
110,6,117,8,1.0,,1.0,,0,,es,0.0
878,499,8106,506,1.0,,1.0,,0,,ja,0.0
35,140,1389,332,,,1.0,28800.0,0,1.0,en,0.0
0,0,3,34,1.0,,1.0,,0,,en,1.0
248,415,21105,481,,,1.0,7200.0,1,1.0,en,0.0
0,12,16,210,1.0,,1.0,,0,,en,1.0
104,120,196,350,,,1.0,-14400.0,0,,en,0.0
7911,439,4789,287,,,1.0,-25200.0,1,1.0,en,0.0
12,11,58,565,1.0,,1.0,,0,,en,1.0
0,8,0,609,1.0,,1.0,,0,,en,1.0
0,14,28,316,1.0,,1.0,,0,,en,1.0
0,9,22,220,1.0,,1.0,,0,,en,1.0
0,26,58,559,1.0,,1.0,,0,,en,1.0
3889,393,6727,391,,,1.0,-14400.0,0,1.0,en,0.0
0,3,1225,646,1.0,,1.0,,0,,ru,1.0
26,19,1162,117,,,1.0,19800.0,0,1.0,en,0.0
0,3,19,395,,,1.0,,0,,fr,1.0
0,13,20,202,1.0,,1.0,,0,,en,1.0
11,6584,58627,907,,,1.0,-25200.0,424,1.0,en,0.0
762,15,35,20,1.0,,1.0,,0,,zh-tw,0.0
0,14,19,265,1.0,,1.0,,0,,en,1.0
0,13,20,221,1.0,,1.0,,0,,en,1.0
21775,24047,28606,9671,,,1.0,10800.0,98,1.0,en,0.0
12,3,177,563,1.0,,1.0,,0,,en,1.0
1586,512,37018,641,,,,-25200.0,8,1.0,en,0.0
0,9,20,241,1.0,,1.0,,0,,en,1.0
0,22,68,602,1.0,,1.0,,0,,en,1.0
23,451,23775,240,,,1.0,28800.0,0,1.0,en,0.0
0,21,35,255,1.0,,1.0,,0,,en,1.0
479,203,184,245,1.0,,1.0,,1,1.0,en,0.0
5944,921,12508,2003,1.0,,1.0,,5,1.0,en,0.0
4,67,1470,711,,,1.0,,0,,en,1.0
12391,3268,28927,1113,,,,-25200.0,17,1.0,en,0.0
0,17,23,295,1.0,,1.0,,0,,en,1.0
3,21,116,56,,,1.0,-25200.0,0,,en,0.0
196,346,676,456,1.0,,1.0,-18000.0,3,,en,0.0
1,13,836,612,,,1.0,-32400.0,0,,en,1.0
0,23,39,371,1.0,,1.0,,0,,en,1.0
0,13,28,332,1.0,,1.0,,0,,en,1.0
0,20,62,730,1.0,,1.0,,0,,en,1.0
0,6,0,631,1.0,,1.0,,0,,pt,1.0
2242,205,10449,90,,,1.0,28800.0,3,1.0,en,0.0
0,17,55,569,1.0,,1.0,,0,,en,1.0
248,150,1104,284,,,1.0,-18000.0,0,1.0,en,0.0
0,12,24,230,1.0,,1.0,,0,,en,1.0
0,24,1,634,,,1.0,3600.0,0,,en,1.0
120,2431,128568,1652,,,1.0,-18000.0,6,1.0,en,0.0
0,2,3,627,1.0,,1.0,,0,,en,1.0
4979,656,2844,386,1.0,,1.0,,1,,en,0.0
6822,1356,38617,591,,,1.0,-21600.0,6,1.0,en,0.0
0,10,15,197,1.0,,1.0,,0,,en,1.0
0,106,2249,142,,,1.0,25200.0,1,1.0,en,0.0
0,15,42,512,1.0,,1.0,,0,,en,1.0
171,96,956,266,1.0,,1.0,,1,1.0,en,0.0
1,82,194,220,1.0,,1.0,43200.0,0,1.0,en,0.0
1426,123,2042,320,,,1.0,,0,1.0,en,0.0
38,50,543,57,,,1.0,7200.0,3,,en,0.0
7254,153,57581,97,,,,-10800.0,8,,en,0.0
0,12,18,223,1.0,,1.0,,0,,en,1.0
1247,256,1437,516,1.0,,1.0,,0,1.0,en,0.0
0,9,2,622,1.0,,1.0,,0,,en,1.0
2463,545,15764,623,,,1.0,-14400.0,1,1.0,en,0.0
18,39,15587,15,1.0,,1.0,,4,,en,0.0
0,15,26,308,1.0,,1.0,,0,,en,1.0
2664,563,1380,1670,,,1.0,-18000.0,4,,en,0.0
348,235,5471,249,1.0,,1.0,,9,,en,0.0
0,7,15,199,1.0,,1.0,,0,,en,1.0
1618,316,3072,276,,,1.0,,0,1.0,en,0.0
165,321,1447,1605,,,1.0,19800.0,3,1.0,en,0.0
11,307,3014,218,,,,-25200.0,15,,en,0.0
0,21,48,549,1.0,,1.0,,0,,en,1.0
4363,668,27763,150,,,1.0,-21600.0,7,1.0,es,0.0
6949,222,3472,246,,,1.0,-18000.0,0,1.0,en,0.0
0,18,47,503,1.0,,1.0,,0,,en,1.0
0,16,32,239,1.0,,1.0,,0,,en,1.0
0,1,1,32,1.0,,1.0,,0,,en,1.0
17793,619,39813,613,,,1.0,7200.0,0,1.0,pt,0.0
0,6,10,130,1.0,,1.0,,0,,ko,1.0
0,15,58,475,1.0,,1.0,,0,,en,1.0
4341,140,7652,81,,,1.0,7200.0,2,1.0,es,0.0
5160,523,17418,172,,,1.0,,3,1.0,en,0.0
0,4,20,214,1.0,,1.0,,0,,en,1.0
29569,937,29467,314,,,1.0,-36000.0,2,1.0,en,0.0
0,6007,119,462,,,1.0,21600.0,0,1.0,en,0.0
0,10,1,537,1.0,,1.0,,0,,en,1.0
0,16,22,242,1.0,,1.0,,0,,en,1.0
0,12,484,601,,,1.0,,0,,tr,1.0
0,16,28,299,1.0,,1.0,,0,,en,1.0
1410,245,7918,49,,,1.0,19800.0,3,1.0,en,0.0
760,218,21434,327,,,1.0,7200.0,11,1.0,en,0.0
1,16,34,336,1.0,,1.0,,0,,en,1.0
0,21,37,294,1.0,,1.0,,0,,en,1.0
2,45,497,54,,,1.0,-25200.0,4,,en,0.0
23960,817,22794,132,,,1.0,-18000.0,4,,en,0.0
555,840,9129,75,,,1.0,43200.0,0,,en,0.0
0,34,55,574,1.0,,1.0,,0,,en,1.0
12030,154,4083,107,1.0,,1.0,,3,,en,0.0
29,344,19707,434,,,1.0,43200.0,12,1.0,en,0.0
851,304,173,1349,,,1.0,-25200.0,2,,en,0.0
0,7,25,194,1.0,,1.0,,0,,en,1.0
3125,1500,17358,464,,,1.0,,66,,en,0.0
0,11,0,581,,,1.0,,0,,es,1.0
806,317,14326,935,,,1.0,3600.0,1,1.0,en,0.0
0,10,18,230,1.0,,1.0,,0,,en,1.0
0,15,25,274,1.0,,1.0,,0,,en,1.0
0,18,68,606,1.0,,1.0,,0,,en,1.0
5632,614,24073,595,,,1.0,-39600.0,9,1.0,en,0.0
31,356,6356,818,1.0,,1.0,-25200.0,6,1.0,en,0.0
0,7,24,321,1.0,,1.0,,0,,en,1.0
0,10,24,205,1.0,,1.0,,0,,en,1.0
4008,305,4049,211,,,,-10800.0,7,1.0,en,0.0
529,399,20388,402,,,1.0,-10800.0,3,1.0,en,0.0
409,276,23508,152,,,1.0,28800.0,2,1.0,en,0.0
1787,249,4236,278,1.0,,1.0,,0,1.0,en,0.0
89,2912,2151,804,,,1.0,3600.0,83,1.0,en,0.0
0,10,14,237,1.0,,1.0,,0,,en,1.0
143,26,52,62,1.0,,1.0,,0,,en,0.0
0,12,35,301,1.0,,1.0,,0,,en,1.0
1,69,35,1069,,,1.0,,0,,es,1.0
0,6,1,558,,,1.0,-14400.0,0,1.0,es,1.0
137,884,8318,250,,,,-18000.0,10,,en,0.0
0,17,46,397,1.0,,1.0,,0,,en,1.0
598,611,3023,305,,,1.0,-14400.0,4,1.0,en,0.0
0,23,58,549,1.0,,1.0,,0,,en,1.0
133,93,2819,304,,,1.0,-14400.0,0,1.0,en,0.0
0,27,56,585,1.0,,1.0,,0,,en,1.0
3,26,27,872,1.0,,1.0,,0,1.0,es,1.0
0,16,33,323,1.0,,1.0,,0,,en,1.0
665,344,1379,572,1.0,,1.0,,1,1.0,en,0.0
1772,1524,3673,614,,,1.0,7200.0,7,1.0,es,0.0
784,200,18656,78,,,1.0,3600.0,0,1.0,en,0.0
0,16,32,251,1.0,,1.0,,0,,en,1.0
0,2,1,314,,,1.0,,0,,en,1.0
0,0,0,479,1.0,,1.0,,0,,en,1.0
0,14,20,263,1.0,,1.0,,0,,en,1.0
18744,1112,16599,2000,1.0,,1.0,36000.0,16,,en-gb,0.0
1748,287,3661,419,,,1.0,43200.0,8,1.0,en,0.0
0,20,59,618,1.0,,1.0,,0,,en,1.0
0,24,38,395,1.0,,1.0,,0,,en,1.0
0,10,11,191,1.0,,1.0,,0,,en,1.0
0,16,40,305,1.0,,1.0,,0,,en,1.0
12729,435,6939,296,,,1.0,-25200.0,2,1.0,en,0.0
8,67,438,935,,,1.0,-21600.0,1,1.0,es,1.0
0,7,23,205,1.0,,1.0,,0,,en,1.0
6997,293,24427,372,,,1.0,-18000.0,2,1.0,en,0.0
0,2,1,325,1.0,,1.0,,0,,ko,1.0
345,252,1890,889,,,1.0,-18000.0,3,,en,0.0
12,0,239,573,1.0,,1.0,,0,,fr,1.0
2660,295,6753,647,1.0,,1.0,-25200.0,2,1.0,en,0.0
9304,249,29910,185,,,,,4,,en,0.0
1031,4774,17511,3822,,,1.0,-18000.0,214,,en,0.0
0,14,17,212,1.0,,1.0,,0,,en,1.0
41,434,12740,54,,,,28800.0,0,1.0,id,0.0
3,28,54,577,1.0,,1.0,,0,,en,1.0
0,9,15,217,1.0,,1.0,,0,,en,1.0
0,2,1,304,,,1.0,,0,,es,1.0
0,24,58,706,1.0,,1.0,,0,,en,1.0
3562,484,6611,1388,,,1.0,43200.0,12,1.0,en,0.0
1,28,3114,32,,,,-14400.0,0,,en,0.0
189,24,166,22,,,1.0,36000.0,0,,en,0.0
4724,665,13635,1168,,,1.0,-18000.0,16,,en,0.0
0,11,25,265,1.0,,1.0,,0,,en,1.0
0,14,43,317,1.0,,1.0,,0,,en,1.0
1136,2498,2434,2468,1.0,,1.0,-25200.0,90,1.0,en,0.0
7786,633,14460,387,1.0,,1.0,-25200.0,1,1.0,en,0.0
0,17,24,305,1.0,,1.0,,0,,en,1.0
7,57,60,169,,,1.0,,2,1.0,en,0.0
0,27,83,801,1.0,,1.0,,0,,en,1.0
7008,1206,16677,49,1.0,,1.0,19800.0,6,1.0,en,0.0
78,32,412,33,,,1.0,,2,,en,0.0
0,9,19,231,1.0,,1.0,,0,,en,1.0
0,17,19,205,1.0,,1.0,,0,,en,1.0
7683,183,4918,514,,,1.0,19800.0,2,,en,0.0
16,8,544,529,,,1.0,-10800.0,0,1.0,en,1.0
5216,616,36769,564,,,1.0,-25200.0,2,1.0,es,0.0
3,67,570,783,,,1.0,-10800.0,0,1.0,pt,1.0
16216,1024,23942,562,,,1.0,-18000.0,0,1.0,en,0.0
0,14,15,207,1.0,,1.0,,0,,en,1.0
0,14,18,218,1.0,,1.0,,0,,en,1.0
1,13,29,437,,,1.0,-21600.0,0,,en,1.0
553,416,21036,67,,,1.0,-18000.0,8,,en,0.0
619,117,4824,247,,,1.0,-18000.0,1,1.0,en,0.0
0,45,7,568,1.0,,1.0,,0,,en,1.0
94,146,5101,300,1.0,,1.0,-14400.0,5,,en,0.0
12009,594,23145,731,,,1.0,-18000.0,26,,en,0.0
0,7,23,196,1.0,,1.0,,0,,en,1.0
648,612,8316,1613,,,1.0,28800.0,4,,en,0.0
3140,451,37989,268,,,1.0,-14400.0,9,1.0,en,0.0
1620,206,14544,356,1.0,,1.0,-25200.0,20,,en,0.0
16004,1020,73262,741,,,1.0,-14400.0,5,1.0,en,0.0
372,82,258,145,,,1.0,,0,1.0,en,0.0
0,8,19,212,1.0,,1.0,,0,,en,1.0
2472,304,2249,194,,,1.0,,1,1.0,en,0.0
0,18,29,324,1.0,,1.0,,0,,en,1.0
4934,466,2906,1997,,,1.0,,2,,en,0.0
11406,280,2289,327,1.0,,1.0,,6,1.0,en,0.0
708,121,2329,208,,,1.0,18000.0,1,1.0,en,0.0
21351,1478,152040,538,,,1.0,-10800.0,29,1.0,en,0.0
1330,136,3566,116,,,1.0,7200.0,0,1.0,en,0.0
0,17,35,360,1.0,,1.0,,0,,en,1.0
0,15,16,180,1.0,,1.0,,0,,en,1.0
566,973,15890,1994,,,1.0,-36000.0,12,1.0,en,0.0
0,11,12,201,1.0,,1.0,,0,,en,1.0
0,1,0,548,1.0,,1.0,,0,,es,1.0
1,14,16,179,1.0,,1.0,,0,,en,1.0
0,8,19,183,1.0,,1.0,,0,,en,1.0
2511,503,11570,493,1.0,,1.0,,5,,en,0.0
201,47,59,116,,,1.0,-14400.0,0,1.0,en,0.0
0,11,21,329,1.0,,1.0,,0,,en,1.0
0,13,62,515,1.0,,1.0,,0,,en,1.0
2603,253,9737,325,,,1.0,28800.0,0,1.0,en,0.0
0,19,67,624,1.0,,1.0,,0,,en,1.0
0,11,30,258,1.0,,1.0,,0,,en,1.0
11209,371,19086,86,,,1.0,28800.0,3,1.0,en,0.0
0,0,2,31,1.0,,1.0,,0,,en,1.0
0,15,23,260,1.0,,1.0,,0,,en,1.0
2421,337,15364,355,,,1.0,-14400.0,0,1.0,en,0.0
0,22,51,547,1.0,,1.0,,0,,en,1.0
0,15,23,240,1.0,,1.0,,0,,en,1.0
0,17,20,465,,,1.0,-10800.0,0,,es,1.0
0,10,24,237,1.0,,1.0,,0,,en,1.0
663,99,3559,105,,,1.0,19800.0,0,1.0,en,0.0
0,0,12,430,1.0,,1.0,,0,,en,1.0
3467,251,4652,331,,,1.0,,1,1.0,es,0.0
6,703,9405,223,,,1.0,-25200.0,9,1.0,en,0.0
0,14,25,239,1.0,,1.0,,0,,en,1.0
2076,1402,107299,958,,,1.0,-14400.0,11,,en,0.0
670,207,406,107,,,1.0,-14400.0,2,1.0,en,0.0
23,22,42,34,1.0,,1.0,,0,1.0,en,0.0
0,14,30,265,1.0,,1.0,,0,,en,1.0
1304,584,996,407,,,,,0,,en,0.0
984,620,3423,468,,,,,1,1.0,en,0.0
0,10,23,268,1.0,,1.0,,0,,en,1.0
0,9,23,198,1.0,,1.0,,0,,en,1.0
38,1216,36903,1146,,,,32400.0,23,,ja,0.0
1009,312,8528,879,,,,7200.0,1,1.0,es,0.0
0,7,23,214,1.0,,1.0,,0,,en,1.0
0,22,75,578,1.0,,1.0,,0,,en,1.0
0,20,63,630,1.0,,1.0,,0,,en,1.0
7351,592,12659,694,,,1.0,-14400.0,1,1.0,en,0.0
0,21,17,284,1.0,,1.0,,0,,en,1.0
0,5,23,241,1.0,,1.0,,0,,en,1.0
11441,160,463,221,,,1.0,19800.0,4,,en,0.0
10957,489,4629,102,,,1.0,-25200.0,0,1.0,en,0.0
0,23,54,512,1.0,,1.0,,0,,en,1.0
0,5,23,225,1.0,,1.0,,0,,en,1.0
27,13,27,49,1.0,,1.0,,0,,en,0.0
22500,323,16488,217,1.0,,1.0,,1,1.0,en,0.0
1053,1383,2763,387,,,,-25200.0,8,1.0,en,0.0
1558,423,19036,427,,,,43200.0,21,1.0,en,0.0
7842,364,1976,500,1.0,,1.0,,0,1.0,en,0.0
0,12,24,307,1.0,,1.0,,0,,en,1.0
1021,2134,137087,1594,,,1.0,-18000.0,16,1.0,en,0.0
0,13,37,404,1.0,,1.0,,0,,en,1.0
4690,476,12363,519,,,1.0,-18000.0,13,1.0,en,0.0
0,11,16,208,1.0,,1.0,,0,,en,1.0
22468,6219,61428,144,1.0,,1.0,-25200.0,69,1.0,en,0.0
0,9,23,206,1.0,,1.0,,0,,en,1.0
0,17,30,351,1.0,,1.0,,0,,en,1.0
0,3,17,616,,,1.0,,0,1.0,en,1.0
476,59,83,116,1.0,,1.0,,0,,en,0.0
0,16,0,422,,,1.0,-10800.0,0,1.0,es,1.0
0,11,19,191,1.0,,1.0,,0,,en,1.0
1258,960,12413,513,,,1.0,10800.0,6,1.0,es,0.0
55,314,10032,628,,,,-25200.0,3,1.0,en,0.0
235,92,625,105,,,,-10800.0,0,,en,0.0
0,11,24,245,1.0,,1.0,,0,,en,1.0
0,6,73,1011,1.0,,1.0,,0,,en,1.0
1275,114,2553,161,1.0,,1.0,,0,,en,0.0
1778,421,7098,785,1.0,,1.0,,0,1.0,en,0.0
15599,568,60463,387,,,1.0,28800.0,1,1.0,en,0.0
0,22,10,583,,,1.0,,0,,es,1.0
18965,552,8328,532,,,1.0,-18000.0,0,1.0,en,0.0
2997,1123,11845,1115,,,1.0,-14400.0,1,1.0,en,0.0
366,56,3160,232,1.0,,1.0,-18000.0,0,1.0,en,0.0
0,13,28,240,1.0,,1.0,,0,,en,1.0
7,35,207,570,,,1.0,-10800.0,0,1.0,es,1.0
0,3,18,225,1.0,,1.0,,0,,en,1.0
0,18,54,638,1.0,,1.0,,0,,en,1.0
4318,484,8431,475,,,1.0,28800.0,1,1.0,en,0.0
0,8,12,207,1.0,,1.0,,0,,en,1.0
0,1,2,18,1.0,,1.0,,0,,en,1.0
0,12,17,214,1.0,,1.0,,0,,en,1.0
1632,137,14412,177,,,,28800.0,0,,en,0.0
103,247,2633,603,,,1.0,19800.0,2,1.0,en,0.0
0,10,20,231,1.0,,1.0,,0,,en,1.0
434,93,3443,113,1.0,,1.0,-25200.0,0,,en,0.0
30,31,635,451,,,1.0,10800.0,2,1.0,en,1.0
3079,95,11656,92,,,1.0,-14400.0,0,,en,0.0
0,273,92,1239,,,1.0,,0,,pt,1.0
1348,289,6942,333,,,1.0,-18000.0,3,1.0,es,0.0
8720,330,16747,312,,,,-14400.0,0,1.0,en,0.0
0,22,50,530,1.0,,1.0,,0,,en,1.0
1429,151,6970,760,1.0,,1.0,-18000.0,1,1.0,en,0.0
2277,308,3233,276,,,,-25200.0,3,1.0,en,0.0
0,12,18,176,1.0,,1.0,,0,,en,1.0
12787,1824,48397,758,1.0,,1.0,-14400.0,8,,en,0.0
772,467,4948,266,,,1.0,-25200.0,23,1.0,en,0.0
943,148,2391,258,1.0,,1.0,-14400.0,0,,en,0.0
0,9,17,195,1.0,,1.0,,0,,en,1.0
15258,2169,13416,1042,,,1.0,-18000.0,21,1.0,en,0.0
0,17,26,278,1.0,,1.0,,0,,en,1.0
889,12,1491,145,1.0,,1.0,,1,,ja,0.0
988,299,11598,243,,,1.0,,6,1.0,en,0.0
1205,284,3954,218,,,1.0,-18000.0,6,1.0,en,0.0
0,7,20,205,1.0,,1.0,,0,,en,1.0
0,22,49,581,1.0,,1.0,,0,,en,1.0
630,275,3366,1260,,,,-25200.0,4,,en,0.0
3187,210,3879,262,,,1.0,-28800.0,2,1.0,en,0.0
2581,690,8184,1606,1.0,,1.0,-25200.0,4,,en,0.0
272,146,3494,300,,,1.0,-36000.0,11,1.0,en,0.0
0,4,17,229,1.0,,1.0,,0,,en,1.0
0,15,34,337,1.0,,1.0,,0,,en,1.0
0,18,36,330,1.0,,1.0,,0,,en,1.0
0,49,45,646,,,1.0,-7200.0,0,,pt,1.0
169,266,453,1413,1.0,,1.0,,0,,en,0.0
418,157,1107,171,,,,,0,,en,0.0
6284,315,4282,311,,,1.0,-25200.0,0,,en,0.0
1054,2951,10253,2145,,,1.0,-10800.0,26,1.0,en,0.0
43,341,3895,329,,,1.0,-18000.0,7,1.0,en,0.0
4580,530,4711,586,,,,,32,,en,0.0
0,24,25,270,1.0,,1.0,,0,,en,1.0
352,1876,28431,990,,,1.0,19800.0,78,1.0,en,0.0
0,3,0,585,1.0,,1.0,19800.0,0,,en,1.0
5807,1732,57117,1094,,,1.0,43200.0,110,,en,0.0
0,12,28,295,1.0,,1.0,,0,,en,1.0
4876,383,24839,269,1.0,,1.0,-18000.0,0,1.0,en,0.0
0,1,7,444,1.0,,1.0,,0,,en,1.0
14412,12466,61932,122,,,1.0,-14400.0,148,1.0,en,0.0
227,42,551,231,,,1.0,,1,,en,0.0
1010,1071,25584,379,,,1.0,-25200.0,4,1.0,en,0.0
144,919,27859,1003,,,,-18000.0,21,1.0,en-gb,0.0
0,17,32,310,1.0,,1.0,,0,,en,1.0
0,68,600,458,1.0,,1.0,28800.0,2,,en,1.0
0,15,17,220,1.0,,1.0,,0,,en,1.0
10524,588,17147,1646,1.0,,1.0,,1,1.0,en,0.0
398,538,2387,1724,,,1.0,20700.0,0,1.0,en,0.0
21226,3963,31954,3639,,,1.0,-14400.0,6,1.0,en,0.0
879,521,37891,605,,,1.0,28800.0,7,1.0,en,0.0
0,20,58,593,1.0,,1.0,,0,,en,1.0
1963,392,4877,283,,,1.0,32400.0,17,1.0,en,0.0
0,4,18,197,1.0,,1.0,,0,,en,1.0
791,160,7210,88,,,1.0,-28800.0,1,1.0,en,0.0
0,1,1,25,1.0,,1.0,,0,,en,1.0
5405,108,4333,368,,,1.0,,2,1.0,en,0.0
1,3,72,548,1.0,,1.0,,0,,ru,1.0
1223,352,21519,394,,,1.0,28800.0,1,1.0,en,0.0
13804,348,57768,389,,,1.0,,4,1.0,en,0.0
1975,252,7152,141,,,1.0,32400.0,0,,en,0.0
120,38,114,533,,,1.0,-36000.0,0,,tr,1.0
3908,666,3136,574,,,1.0,28800.0,3,,en,0.0
9805,1047,50446,365,,,1.0,-28800.0,1,1.0,en,0.0
0,2,6,570,,,1.0,-21600.0,0,,es,1.0
0,13,20,269,1.0,,1.0,,0,,en,1.0
705,429,2079,315,,,1.0,-21600.0,0,1.0,en,0.0
0,17,52,418,1.0,,1.0,,0,,en,1.0
0,31,52,583,1.0,,1.0,,0,,en,1.0
365,205,1026,529,1.0,,1.0,,0,,en,0.0
79,222,2496,237,,,1.0,,1,1.0,en,0.0
0,21,37,360,1.0,,1.0,,0,,en,1.0
0,12,23,587,1.0,,1.0,,0,,es,1.0
1,8,212,1058,1.0,,1.0,,0,,en,1.0
13064,887,7752,911,1.0,,1.0,,10,1.0,en,0.0
12133,18255,82541,17,,,1.0,19800.0,170,,en,0.0
0,4,7,575,1.0,,1.0,,0,,es,1.0
10,285,1305,286,1.0,,1.0,,9,,es,0.0
11,9,288,628,1.0,,1.0,,0,,en,1.0
0,16,27,318,1.0,,1.0,,0,,en,1.0
0,13,19,237,1.0,,1.0,,0,,en,1.0
0,4,0,530,1.0,,1.0,,0,,es,1.0
114,55,684,110,1.0,,1.0,,1,,en,0.0
3006,876,45234,410,,,1.0,10800.0,16,1.0,nl,0.0
0,7,14,212,1.0,,1.0,,0,,en,1.0
0,12,20,228,1.0,,1.0,,0,,en,1.0
98,67,26,150,1.0,,1.0,,0,,en,0.0
1112,220,2050,310,,,1.0,28800.0,1,,en,0.0
2584,441,6881,534,,,1.0,28800.0,0,1.0,en,0.0
0,6,28,541,,,1.0,,0,,es,1.0
0,19,31,370,1.0,,1.0,,0,,en,1.0
0,5,17,439,1.0,,1.0,,0,,es,1.0
95,344,16111,201,,,1.0,28800.0,2,1.0,en,0.0
0,24,64,638,1.0,,1.0,,0,,en,1.0
365,61,4202,185,,,1.0,-25200.0,6,1.0,en,0.0
3299,275,2218,297,1.0,,1.0,3600.0,1,1.0,en,0.0
6,279,367,196,,,1.0,36000.0,1,,en,0.0
39,141,3268,311,1.0,,1.0,-14400.0,2,,en,0.0
513,27,181,108,,,1.0,10800.0,0,,en-gb,0.0
0,0,2,33,1.0,,1.0,,0,,en,1.0
28,144,902,273,,,1.0,28800.0,5,1.0,en,0.0
0,16,40,284,1.0,,1.0,,0,,en,1.0
246,1127,40475,629,,,1.0,-25200.0,2,1.0,en,0.0
0,20,67,381,,,1.0,10800.0,1,,ar,1.0
26472,2866,59933,168,,,1.0,-25200.0,15,1.0,en,0.0
5852,2634,118750,147,,,,28800.0,54,,en,0.0
0,11,18,213,1.0,,1.0,,0,,en,1.0
10979,235,7588,112,1.0,,1.0,,0,1.0,en,0.0
3,29,189,109,1.0,,1.0,,0,,en,0.0
153,17,224,115,1.0,,1.0,,1,,en,0.0
0,21,26,294,1.0,,1.0,,0,,en,1.0
2625,339,4247,320,1.0,,1.0,-14400.0,0,1.0,en,0.0
2,31,244,597,1.0,,1.0,-21600.0,0,,es,1.0
0,11,15,227,1.0,,1.0,,0,,en,1.0
1744,346,8236,1235,,,1.0,-25200.0,10,1.0,en,0.0
1,6,30,559,,,1.0,-10800.0,0,,en,1.0
0,0,2,36,1.0,,1.0,,0,,en,1.0
5113,568,18521,449,1.0,,1.0,-18000.0,0,1.0,en,0.0
0,5,5,1015,1.0,,1.0,,0,,en,1.0
499,246,1335,164,,,1.0,-18000.0,7,1.0,en,0.0
104,248,676,855,,,1.0,,0,,en,0.0
73630,1109,96569,1977,,,1.0,,77,,en,0.0
1,18,6,388,1.0,,1.0,32400.0,0,,ko,1.0
4973,322,14998,263,,,1.0,-25200.0,1,1.0,en,0.0
28,16,92,107,1.0,,1.0,,0,,en,0.0
0,12,34,260,1.0,,1.0,,0,,en,1.0
0,13,20,210,1.0,,1.0,,0,,en,1.0
0,16,26,280,1.0,,1.0,,0,,en,1.0
2,23,7,377,,,1.0,3600.0,1,,es,1.0
8,3799,4910,3425,,,1.0,-25200.0,184,1.0,en,0.0
10497,871,10269,569,,,1.0,-18000.0,0,1.0,en,0.0
0,6,16,197,1.0,,1.0,,0,,en,1.0
0,4,21,616,1.0,,1.0,,0,,en,1.0
0,9,19,212,1.0,,1.0,,0,,en,1.0
2085,887,36045,628,,,1.0,-39600.0,12,1.0,en,0.0
0,9,15,213,1.0,,1.0,,0,,en,1.0
0,7,22,273,1.0,,1.0,,0,,en,1.0
26583,4158,10714,76,,,,-21600.0,4,,en,0.0
7,476,41094,308,,,1.0,-10800.0,4,,en,0.0
11,72,24,1295,,,1.0,-18000.0,0,1.0,es,1.0
0,23,48,543,1.0,,1.0,,0,,en,1.0
0,16,34,380,1.0,,1.0,,0,,en,1.0
667,374,4504,1032,,,1.0,-28800.0,3,1.0,en,0.0
8510,276,31154,365,,,1.0,18000.0,0,1.0,en,0.0
0,3,19,192,1.0,,1.0,,0,,en,1.0
379,196,776,134,1.0,,1.0,,0,1.0,en,0.0
114,295,4252,427,,,1.0,19800.0,22,1.0,en,0.0
0,15,39,395,1.0,,1.0,,0,,en,1.0
0,14,51,530,1.0,,1.0,,0,,en,1.0
5043,158,8158,347,1.0,,1.0,-10800.0,2,1.0,en,0.0
9447,901,14586,1685,,,1.0,,12,1.0,en,0.0
0,15,53,578,1.0,,1.0,,0,,en,1.0
582,278,8863,302,,,1.0,28800.0,2,1.0,en,0.0
95,272,5705,232,,,,-10800.0,2,,pt,0.0
0,23,33,408,1.0,,1.0,,0,,en,1.0
0,1,0,34,1.0,,1.0,,0,,en,1.0
3744,1237,6773,1189,1.0,,1.0,,0,1.0,en,0.0
2559,331,3830,622,,,1.0,-18000.0,0,1.0,en,0.0
6175,296,3524,239,,,1.0,-25200.0,0,,en,0.0
11,23,199,168,1.0,,1.0,3600.0,4,,en,0.0
28,193,227,153,1.0,,1.0,,1,1.0,en,0.0
856,193,3159,80,,,1.0,7200.0,2,1.0,fr,0.0
0,24,33,336,1.0,,1.0,,0,,en,1.0
0,12,25,242,1.0,,1.0,,0,,en,1.0
2,18,27,320,1.0,,1.0,,0,,en,1.0
0,15,0,866,1.0,,1.0,,0,,en,1.0
704,408,1920,421,,,1.0,-25200.0,0,1.0,en,0.0
128,196,567,298,,,1.0,-18000.0,4,1.0,en,0.0
3847,286,2846,432,1.0,,1.0,,2,1.0,en,0.0
392,308,1055,1006,1.0,,1.0,-18000.0,3,,en,0.0
1288,1549,16949,348,,,1.0,-25200.0,14,1.0,en,0.0
4542,216,4904,201,,,1.0,28800.0,1,1.0,en,0.0
4907,650,24986,348,1.0,,1.0,-25200.0,1,,en,0.0
365,139,404,172,1.0,,1.0,,0,,en,0.0
6868,484,6218,629,,,1.0,-25200.0,2,1.0,en,0.0
842,537,26645,286,1.0,,1.0,-14400.0,5,1.0,en,0.0
0,2,68,593,1.0,,1.0,,0,,ru,1.0
0,15,41,558,1.0,,1.0,,0,,en,1.0
2021,268,8200,173,,,1.0,28800.0,1,1.0,en,0.0
107,407,4996,416,,,1.0,-25200.0,7,1.0,en,0.0
1654,608,2843,466,1.0,,1.0,-14400.0,0,,en,0.0
8175,1962,129517,1334,,,1.0,18000.0,14,1.0,en,0.0
199,1570,32544,833,,,1.0,28800.0,22,1.0,en,0.0
21,26,96,30,1.0,,1.0,,0,1.0,en,0.0
659,241,383,345,,,1.0,18000.0,1,1.0,en,0.0
9,47,126,547,,,1.0,-14400.0,2,,es,1.0
0,9,24,205,1.0,,1.0,,0,,en,1.0
0,19,42,401,1.0,,1.0,,0,,en,1.0
1,8,25,218,1.0,,1.0,,0,,en,1.0
0,17,44,323,1.0,,1.0,,0,,en,1.0
0,14,19,219,1.0,,1.0,,0,,en,1.0
16169,314,44535,290,1.0,,1.0,,1,1.0,en,0.0
1493,864,7109,634,,,1.0,-18000.0,1,1.0,en,0.0
0,9,17,207,1.0,,1.0,,0,,en,1.0
179,126,3101,158,,,1.0,7200.0,1,,es,0.0
454,68,811,328,,,1.0,,2,1.0,en,0.0
1838,171,4265,129,1.0,,1.0,,0,1.0,en,0.0
0,10,18,202,1.0,,1.0,,0,,en,1.0
6643,261,7453,354,,,1.0,-25200.0,0,1.0,en,0.0
0,17,28,281,1.0,,1.0,,0,,en,1.0
0,11,18,193,1.0,,1.0,,0,,en,1.0
2111,1226,5840,1183,,,1.0,43200.0,48,1.0,en,0.0
182,110,1349,106,1.0,,1.0,,0,1.0,en,0.0
0,19,5,411,,,1.0,,0,,es,1.0
0,30,9,394,1.0,,1.0,,2,,es,1.0
0,6,20,198,1.0,,1.0,,0,,en,1.0
1484,428,905,1293,,,,-14400.0,10,,en,0.0
27,28,25,308,,,1.0,18000.0,0,,en,0.0
0,22,57,468,1.0,,1.0,,0,,en,1.0
0,4,21,181,1.0,,1.0,,0,,en,1.0
0,12,17,192,1.0,,1.0,,0,,en,1.0
0,2,0,583,1.0,,1.0,,0,,es,1.0
217,343,648,536,,,1.0,7200.0,16,1.0,en,0.0
2007,583,11864,407,,,1.0,-10800.0,0,1.0,es,0.0
407,82,1918,269,,,1.0,,0,1.0,en,0.0
0,8,17,202,1.0,,1.0,,0,,en,1.0
2103,837,65562,834,,,1.0,-14400.0,6,1.0,es,0.0
0,11,30,272,1.0,,1.0,,0,,en,1.0
0,18,23,214,1.0,,1.0,,0,,en,1.0
0,21,83,713,1.0,,1.0,,0,,en,1.0
165,726,72102,28,,,1.0,-14400.0,23,1.0,es,0.0
2921,460,2063,346,1.0,,1.0,,0,,en,0.0
41,36,36,229,1.0,,1.0,,0,,en,0.0
0,1,11,421,1.0,,1.0,,0,,en,1.0
1564,230,18506,125,1.0,,1.0,,1,1.0,en,0.0
0,8,21,568,,,1.0,-14400.0,1,,es,1.0
1228,548,27242,492,,,1.0,-18000.0,3,1.0,en,0.0
7,38,807,288,1.0,,1.0,19800.0,1,1.0,en,0.0
5621,110,2083,109,1.0,,1.0,,1,1.0,en,0.0
0,6,71,613,1.0,,1.0,,0,,es,1.0
0,8,5,590,1.0,,1.0,,0,,en,1.0
0,8,18,191,1.0,,1.0,,0,,en,1.0
0,3,1,559,,,1.0,,0,,en,1.0
0,7,26,215,1.0,,1.0,,0,,en,1.0
10570,335,24581,276,,,,-39600.0,4,,en,0.0
3678,414,8774,488,,,1.0,28800.0,6,1.0,zh-tw,0.0
0,17,64,624,1.0,,1.0,,0,,en,1.0
0,9,17,223,1.0,,1.0,,0,,en,1.0
2728,1347,29146,736,,,1.0,-28800.0,15,1.0,en,0.0
15626,618,70365,453,,,1.0,,3,1.0,en,0.0
3326,1273,7832,1898,,,1.0,28800.0,4,1.0,en,0.0
15,19,86,119,,,1.0,,0,,en,0.0
0,9,27,199,1.0,,1.0,,0,,en,1.0
0,8,20,201,1.0,,1.0,,0,,en,1.0
0,14,12,183,1.0,,1.0,,0,,en,1.0
23,23,157,102,1.0,,1.0,,0,,es,0.0
45,252,30812,234,,,1.0,-36000.0,7,1.0,en,0.0
184,1171,35448,182,,,1.0,-18000.0,2,1.0,en,0.0
23378,7474,30949,1181,,,1.0,-25200.0,5,1.0,en,0.0
0,13,17,221,1.0,,1.0,,0,,en,1.0
12721,664,4041,526,,,1.0,28800.0,4,,en,0.0
0,25,62,519,1.0,,1.0,,0,,en,1.0
773,6021,7130,5032,,,1.0,-25200.0,218,1.0,en,0.0
0,19,22,213,1.0,,1.0,,0,,en,1.0
6,6093,44785,92,,,1.0,-18000.0,195,1.0,en,0.0
4151,768,44603,1557,,,1.0,3600.0,7,,en,0.0
4154,445,4413,484,,,1.0,20700.0,1,,en,0.0
439,312,2662,709,,,1.0,,4,,en,0.0
0,5,15,193,1.0,,1.0,,0,,en,1.0
1,20,70,395,,,1.0,-14400.0,0,1.0,pt,1.0
0,6,0,612,1.0,,1.0,-21600.0,0,,en,1.0
8618,584,26826,424,1.0,,1.0,-25200.0,2,1.0,en,0.0
156,4964,46978,2288,,,1.0,-25200.0,23,1.0,en,0.0
0,9,18,223,1.0,,1.0,,0,,en,1.0
1214,157,4991,145,,,1.0,28800.0,0,,en,0.0
0,22,42,312,1.0,,1.0,,0,,en,1.0
2,9,15,196,1.0,,1.0,,0,,en,1.0
0,3,26,181,1.0,,1.0,,0,,en,1.0
0,25,78,752,1.0,,1.0,,0,,en,1.0
0,8,26,281,1.0,,1.0,,0,,en,1.0
3262,807,36913,907,,,1.0,43200.0,9,1.0,en,0.0
635,531,17737,393,,,1.0,-18000.0,2,,en,0.0
0,13,15,211,1.0,,1.0,,0,,en,1.0
0,30,0,427,,,1.0,,0,,es,1.0
0,11,9,454,,,1.0,7200.0,0,,es,1.0
867,150,1022,300,1.0,,1.0,,1,,en,0.0
0,1,0,17,1.0,,1.0,,0,,en,1.0
634,1577,11770,678,,,1.0,-25200.0,47,1.0,en,0.0
6703,424,27165,165,1.0,,1.0,,1,1.0,en,0.0
25,71,1895,173,,,1.0,19800.0,3,1.0,en,0.0
2715,4432,32704,2672,,,1.0,-18000.0,161,,en,0.0
0,3,4,31,1.0,,1.0,,0,,en,1.0
52,589,23261,396,,,1.0,-28800.0,0,,en,0.0
0,0,39,194,1.0,,1.0,,0,,fr,1.0
0,13,19,263,1.0,,1.0,,0,,en,1.0
0,5,6,957,1.0,,1.0,-36000.0,0,,en,1.0
1510,678,10485,550,,,1.0,32400.0,5,,en,0.0
20607,457,46557,599,,,1.0,19800.0,5,1.0,en,0.0
3565,145,1987,279,,,1.0,,2,,en,0.0
0,4,36,595,,,1.0,-14400.0,0,,pt,1.0
27,173,378,312,,,1.0,-25200.0,0,,en-gb,0.0
3,8,28,498,1.0,,1.0,,0,,en,1.0
1949,286,7997,199,1.0,,1.0,,0,,en,0.0
1832,458,4692,603,,,1.0,46800.0,9,1.0,en,0.0
5934,209,1735,438,,,1.0,-21600.0,2,,en,0.0
5545,341,6173,265,,,1.0,46800.0,1,1.0,en,0.0
1,26,1637,203,,,,,1,,en,0.0
878,274,8355,142,,,1.0,28800.0,0,,en,0.0
570,637,8793,915,,,1.0,32400.0,0,1.0,en,0.0
0,9,19,221,1.0,,1.0,,0,,en,1.0
1594,524,4738,397,1.0,,1.0,,1,,en,0.0
0,11,12,238,1.0,,1.0,,0,,en,1.0
6859,172,734,171,,,1.0,-14400.0,0,1.0,en,0.0
195,7,297,122,1.0,,1.0,,0,,en,0.0
7623,171,1810,183,1.0,,1.0,,0,1.0,es,0.0
0,18,33,264,1.0,,1.0,,0,,en,1.0
0,2,11,443,1.0,,1.0,-25200.0,0,,es,1.0
0,12,17,211,1.0,,1.0,,0,,en,1.0
0,8,29,342,1.0,,1.0,,0,,en,1.0
8413,561,13575,458,,,1.0,-10800.0,1,1.0,en,0.0
1,187,397,288,1.0,1.0,1.0,-25200.0,7,,en,0.0
33,227,1350,786,,,1.0,3600.0,3,1.0,en,0.0
23337,7921,103153,512,1.0,,1.0,-25200.0,19,1.0,en,0.0
0,2,1,554,1.0,,1.0,-18000.0,0,,en,1.0
3132,250,13768,188,1.0,,1.0,-25200.0,0,1.0,en,0.0
0,15,20,193,1.0,,1.0,,0,,en,1.0
2352,403,4547,383,,,1.0,-18000.0,0,1.0,en,0.0
0,0,0,0,1.0,,1.0,,0,,en,1.0
3839,279,14184,642,,,1.0,-25200.0,6,1.0,en,0.0
4823,507,14211,238,1.0,,1.0,,2,1.0,en,0.0
3538,1299,47956,2001,,,1.0,7200.0,37,1.0,en,0.0
0,22,69,617,1.0,,1.0,,0,,en,1.0
0,16,28,331,1.0,,1.0,,0,,en,1.0
149,136,966,348,,,,,0,1.0,en,0.0
89,172,2334,357,1.0,,1.0,19800.0,3,,en,0.0
0,15,64,601,1.0,,1.0,,0,,en,1.0
0,9,19,202,1.0,,1.0,,0,,en,1.0
0,18,56,614,1.0,,1.0,,0,,en,1.0
336,1415,7878,2036,,,1.0,-14400.0,125,1.0,en,0.0
6252,1436,29842,204,,,1.0,-18000.0,25,1.0,en,0.0
0,6,0,563,1.0,,1.0,,0,,en,1.0
0,16,22,248,1.0,,1.0,,0,,en,1.0
3672,79,1543,118,1.0,,1.0,,0,,en,0.0
13415,498,33479,304,,,1.0,28800.0,3,,en,0.0
0,22,27,275,1.0,,1.0,,0,,en,1.0
1650,123,6180,206,,,1.0,,2,1.0,en,0.0
0,0,0,0,1.0,,1.0,,0,,en,1.0
1255,1285,25362,586,,,,-18000.0,10,,en,0.0
0,29,61,476,1.0,,1.0,,0,,en,1.0
0,17,22,242,1.0,,1.0,,0,,en,1.0
1365,242,3440,191,1.0,,1.0,,0,,en,0.0
416,234,654,190,,,1.0,-25200.0,0,1.0,en,0.0
554,191,2622,189,,,1.0,-14400.0,0,,en,0.0
0,18,27,301,1.0,,1.0,,0,,en,1.0
421,125,2147,70,1.0,,1.0,,0,1.0,en,0.0
12105,498,20997,109,,,,-18000.0,5,,en,0.0
0,1,3,22,1.0,,1.0,,0,,en,1.0
40,26,103,189,1.0,,1.0,,1,,en,0.0
14265,4955,96566,4359,,,1.0,10800.0,48,,en,0.0
0,17,20,207,1.0,,1.0,,0,,en,1.0
0,3,1,585,1.0,,1.0,,0,,en,1.0
390,183,8024,120,,,1.0,28800.0,3,1.0,en,0.0
0,18,69,627,1.0,,1.0,,0,,en,1.0
17132,273,12987,116,1.0,,1.0,-18000.0,1,,en,0.0
26037,774,32549,698,,,1.0,-25200.0,0,1.0,en,0.0
7,690,4616,907,,,1.0,43200.0,9,,en,0.0
332,261,36730,305,,,1.0,-10800.0,2,1.0,en,0.0
0,12,20,236,1.0,,1.0,,0,,en,1.0
361,1620,18035,591,,,1.0,-14400.0,72,1.0,en,0.0
0,6,18,172,1.0,,1.0,,0,,en,1.0
2940,236,2439,223,,,,36000.0,2,,en,0.0
0,18,29,280,1.0,,1.0,,0,,en,1.0
0,14,33,365,1.0,,1.0,,0,,en,1.0
0,9,32,308,1.0,,1.0,,0,,en,1.0
0,10,44,394,1.0,,1.0,,0,,en,1.0
439,46,601,257,1.0,,1.0,,0,,en,0.0
2869,459,15970,198,,,,-25200.0,2,,en,0.0
7242,533,46932,421,,,1.0,-18000.0,1,1.0,en,0.0
2847,346,4706,490,,,1.0,-25200.0,0,1.0,en,0.0
0,9,23,218,1.0,,1.0,,0,,en,1.0
2484,355,5154,406,1.0,,1.0,,0,1.0,en,0.0
232,177,3299,641,1.0,,1.0,28800.0,7,1.0,en,0.0
0,1,5,36,1.0,,1.0,,0,,en,1.0
1530,234,6151,147,,,1.0,7200.0,2,,es,0.0
0,10,0,533,,,1.0,,0,,es,1.0
4116,462,23799,272,1.0,,1.0,,10,,en,0.0
21680,723,16755,446,,,1.0,-28800.0,5,1.0,en,0.0
21692,407,17113,376,1.0,,1.0,-18000.0,1,1.0,en,0.0
1161,1213,18375,1180,,,1.0,3600.0,7,1.0,en,0.0
1,18,17,738,1.0,,1.0,,0,,en,1.0
0,13,31,327,1.0,,1.0,,0,,en,1.0
1,8,13,525,,,1.0,0.0,0,,pt,1.0
13425,342,9284,334,1.0,,1.0,-18000.0,1,,en,0.0
20,670,3997,672,,,1.0,-18000.0,4,1.0,en,0.0
0,2,5,485,,,1.0,,0,,tr,1.0
215,379,15149,296,1.0,,1.0,,0,1.0,en,0.0
1,15,76,289,,,1.0,,0,1.0,es,1.0
0,1,2,24,1.0,,1.0,,0,,en,1.0
293,1368,7089,90,,,,-25200.0,76,,en,0.0
0,21,45,484,1.0,,1.0,,0,,en,1.0
0,2,2,372,1.0,,1.0,,0,,es,1.0
43,6473,99563,588,,,,-14400.0,26,1.0,en,0.0
7048,455,19140,336,,,1.0,-25200.0,0,1.0,en,0.0
0,8,31,259,1.0,,1.0,,0,,en,1.0
110,34,11551,0,,,1.0,-36000.0,3,,en,0.0
110,160,10189,143,,,,-14400.0,1,1.0,en,0.0
0,18,30,247,1.0,,1.0,,0,,en,1.0
125,175,146,219,1.0,,1.0,,1,1.0,en,0.0
2309,135,1157,108,1.0,,1.0,,0,,en,0.0
0,23,48,599,1.0,,1.0,,0,,en,1.0
723,564,13382,169,,,1.0,-18000.0,0,1.0,en,0.0
435,387,32217,948,,,1.0,28800.0,7,1.0,en,0.0
0,28,48,771,1.0,,1.0,,0,,en,1.0
1070,468,19586,155,,,1.0,-18000.0,5,1.0,en,0.0
224,1077,13816,940,,,,-18000.0,2,1.0,en,0.0
0,17,26,325,1.0,,1.0,,0,,en,1.0
230,2338,169631,973,1.0,,1.0,3600.0,79,1.0,en,0.0
960,242,3204,152,1.0,,1.0,,0,1.0,en,0.0
8125,1625,3176,1054,,,1.0,7200.0,4,1.0,es,0.0
1525,293,2413,157,1.0,,1.0,28800.0,1,,en,0.0
0,17,24,233,1.0,,1.0,,0,,en,1.0
6686,204,6900,1339,,,1.0,-10800.0,7,1.0,en,0.0
0,13,26,282,1.0,,1.0,,0,,en,1.0
2518,298,15121,276,1.0,,1.0,,2,1.0,en,0.0
0,2,1,578,1.0,,1.0,-18000.0,0,,en,1.0
1873,1962,80156,1094,,,1.0,-18000.0,7,1.0,en,0.0
0,19,65,808,1.0,,1.0,,0,,en,1.0
54926,7644,45750,359,,,1.0,-25200.0,46,1.0,en,0.0
337,384,22048,667,,,1.0,-14400.0,2,1.0,en,0.0
1,8,2,594,1.0,,1.0,-21600.0,0,,es,1.0
0,11,16,187,1.0,,1.0,,0,,en,1.0
0,12,27,283,1.0,,1.0,,0,,en,1.0
0,6,0,590,1.0,,1.0,,0,,en,1.0
587,189,2520,226,1.0,,1.0,,1,1.0,en,0.0
0,11,14,190,1.0,,1.0,,0,,en,1.0
0,16,37,297,1.0,,1.0,,0,,en,1.0
0,7,0,576,1.0,,1.0,7200.0,0,,fr,1.0
0,7,18,224,1.0,,1.0,,0,,en,1.0
35,49,410,117,1.0,,1.0,,5,,en,0.0
24244,688,25174,566,,,1.0,10800.0,4,1.0,en,0.0
6017,384,6623,131,1.0,,1.0,-18000.0,2,1.0,en-AU,0.0
0,7,4,555,1.0,,1.0,-14400.0,0,,es,1.0
0,8,12,193,1.0,,1.0,,0,,en,1.0
0,18,53,524,1.0,,1.0,,0,,en,1.0
887,1432,73940,592,,,1.0,-25200.0,71,1.0,en,0.0
0,15,24,263,1.0,,1.0,,0,,en,1.0
3196,246,15242,222,1.0,,1.0,,3,,en,0.0
2646,483,26709,539,,,1.0,19800.0,29,1.0,en,0.0
0,27,57,565,1.0,,1.0,,0,,en,1.0
0,17,27,311,1.0,,1.0,,0,,en,1.0
24,146,107,336,,,,,1,,en,0.0
0,12,29,239,1.0,,1.0,,0,,en,1.0
0,0,1,16,1.0,,1.0,,0,,en,1.0
533,160,472,723,1.0,,1.0,,1,,en,0.0
0,20,46,502,1.0,,1.0,,0,,en,1.0
0,3,56,390,,,1.0,-36000.0,0,,en,1.0
1,4,9,567,,,1.0,-21600.0,0,,es,1.0
1217,1030,8160,87,,,1.0,3600.0,8,,en,0.0
3192,369,10171,259,,,1.0,-21600.0,0,1.0,en,0.0
0,8,19,235,1.0,,1.0,,0,,en,1.0
882,1951,10043,750,,,,-14400.0,37,1.0,en,0.0
0,19,36,394,1.0,,1.0,,0,,en,1.0
4837,929,4278,726,1.0,,1.0,,1,,en,0.0
0,11,23,271,1.0,,1.0,,0,,en,1.0
181,174,145,536,,,1.0,,1,1.0,en,0.0
7058,702,11950,367,,,1.0,28800.0,1,1.0,en,0.0
843,951,44807,1011,1.0,,1.0,10800.0,55,,en,0.0
0,27,60,566,1.0,,1.0,,0,,en,1.0
0,16,52,493,1.0,,1.0,,0,,en,1.0
1,8,19,229,1.0,,1.0,,0,,en,1.0
0,7,32,413,1.0,,1.0,3600.0,0,,es,1.0
0,25,51,508,1.0,,1.0,,0,,en,1.0
0,11,28,274,1.0,,1.0,,0,,en,1.0
31856,10545,111434,168,,,,-25200.0,63,,en,0.0
4311,572,15449,481,1.0,,1.0,-18000.0,0,1.0,en,0.0
6043,1468,54850,313,,,1.0,7200.0,13,1.0,en,0.0
1,12,14,569,,,1.0,,0,,en,1.0
4419,597,36701,1202,1.0,,1.0,-18000.0,1,1.0,en,0.0
24675,180,22977,336,,,1.0,-28800.0,7,1.0,en,0.0
0,22,57,518,1.0,,1.0,,0,,en,1.0
46049,4016,82454,314,,,1.0,,44,1.0,en,0.0
857,2554,148445,2308,,,1.0,-25200.0,112,,en,0.0
0,6,2,45,1.0,,1.0,,0,,en,1.0
0,12,23,210,1.0,,1.0,,0,,en,1.0
10225,159,5343,273,1.0,,1.0,,1,1.0,zh-TW,0.0
1,309,188,2002,1.0,,1.0,-10800.0,1,,pt,1.0
1498,640,10740,533,,,1.0,-25200.0,1,1.0,en,0.0
23,3,280,597,1.0,,1.0,,0,,en,1.0
3501,71,10862,181,,,,-25200.0,4,,en,0.0
1,4,1,403,1.0,,1.0,,1,,en,1.0
8414,1469,13101,1152,,,1.0,-18000.0,78,1.0,en,0.0
0,21,42,609,1.0,,1.0,,0,,en,1.0
0,16,24,268,1.0,,1.0,,0,,en,1.0
0,17,27,499,1.0,,1.0,,0,,en,1.0
4043,777,19764,587,,,,-25200.0,1,1.0,en,0.0
2901,240,4834,175,,,1.0,-28800.0,1,1.0,en,0.0
4560,375,6931,298,1.0,,1.0,,0,1.0,en,0.0
454,67,881,53,1.0,,1.0,,1,1.0,en,0.0
717,1097,78449,632,,,1.0,-25200.0,87,,en,0.0
0,22,44,572,1.0,,1.0,,0,,en,1.0
7636,592,6747,254,,,1.0,3600.0,3,1.0,es,0.0
599,21,652,37,,,,,0,,da,0.0
3022,361,25245,349,,,1.0,-21600.0,6,1.0,en,0.0
0,12,22,235,1.0,,1.0,,0,,en,1.0
2426,147,2321,85,,,1.0,46800.0,0,,en,0.0
0,1,2,30,1.0,,1.0,,0,,en,1.0
336,139,2308,322,,,1.0,28800.0,0,1.0,en,0.0
1,1,17,404,1.0,,1.0,,0,1.0,en,1.0
0,20,21,240,1.0,,1.0,,0,,en,1.0
5834,342,5998,340,1.0,,1.0,-10800.0,0,,en,0.0
0,10,20,206,1.0,,1.0,,0,,en,1.0
16802,1232,26486,270,,,1.0,7200.0,14,1.0,en,0.0
94472,5203,57566,957,,,1.0,7200.0,175,,es,0.0
876,82,3496,64,1.0,,1.0,,0,1.0,en,0.0
1,146,9662,21,1.0,1.0,1.0,19800.0,0,,en,0.0
0,8,15,191,1.0,,1.0,,0,,en,1.0
0,6,21,189,1.0,,1.0,,0,,en,1.0
5781,146,18295,80,,,1.0,-25200.0,4,1.0,en,0.0
0,10,12,184,1.0,,1.0,,0,,en,1.0
19063,1370,53383,235,,,1.0,32400.0,48,1.0,en,0.0
0,15,55,498,1.0,,1.0,,0,,en,1.0
0,13,29,261,1.0,,1.0,,0,,en,1.0
0,13,40,706,1.0,,1.0,,0,1.0,en,1.0
3,183,904,474,,,,-7200.0,10,,en,0.0
0,80,224,1124,,,1.0,-18000.0,1,1.0,es,1.0
75,109,359,136,,,,14400.0,7,1.0,en,0.0
0,11,2,954,1.0,,1.0,,0,,en,1.0
1813,296,16780,408,,,1.0,-36000.0,5,,en,0.0
0,16,51,375,1.0,,1.0,,0,,en,1.0
0,11,14,205,1.0,,1.0,,0,,en,1.0
4208,324,9899,196,,,1.0,,2,1.0,en,0.0
0,13,18,206,1.0,,1.0,,0,,en,1.0
12887,12739,15753,12697,,,1.0,-18000.0,21,1.0,en,0.0
91,40,2216,53,1.0,,1.0,32400.0,2,1.0,ja,0.0
0,12,16,182,1.0,,1.0,,0,,en,1.0
0,16,20,176,1.0,,1.0,,0,,en,1.0
1993,227,6250,453,,,1.0,-21600.0,1,1.0,en,0.0
0,14,21,273,1.0,,1.0,,0,,en,1.0
5897,821,22496,552,,,1.0,-14400.0,29,,en,0.0
2978,2256,17099,447,,,1.0,10800.0,15,1.0,en,0.0
0,17,32,319,1.0,,1.0,,0,,en,1.0
212,101,1508,166,,,1.0,-10800.0,0,1.0,en,0.0
969,333,11242,379,,,1.0,-14400.0,9,1.0,en,0.0
1177,53,911,272,,,1.0,7200.0,1,,sv,0.0
0,23,32,352,1.0,,1.0,,0,,en,1.0
3994,888,30109,1813,,,,7200.0,11,,en,0.0
0,9,20,205,1.0,,1.0,,0,,en,1.0
0,4,25,215,1.0,,1.0,,0,,en,1.0
3766,1234,18357,442,,,1.0,28800.0,4,,en,0.0
0,1,2,335,1.0,,1.0,-14400.0,0,,es,1.0
0,26,52,398,1.0,,1.0,,0,,en,1.0
0,17,30,276,1.0,,1.0,,0,,en,1.0
0,21,93,345,,,1.0,,1,,en,1.0
2951,135,3833,327,,,,28800.0,2,,en,0.0
0,7,9,435,1.0,,1.0,,0,,en,1.0
109,290,5124,200,,,1.0,18000.0,2,,en,0.0
0,9,22,216,1.0,,1.0,,0,,en,1.0
4399,459,5077,389,1.0,,1.0,-14400.0,0,1.0,en,0.0
0,17,32,336,1.0,,1.0,,0,,en,1.0
0,103,86156,9,1.0,,1.0,,4,,en,0.0
4279,1087,9510,1096,1.0,,1.0,-21600.0,0,1.0,en,0.0
99,113,2111,329,1.0,,1.0,,3,,en,0.0
895,228,2491,406,,,1.0,-25200.0,0,,en,0.0
0,7,3,575,,,1.0,-10800.0,0,,en,1.0
3835,3342,29304,186,,,1.0,28800.0,46,,en,0.0
0,11,39,317,1.0,,1.0,,0,,en,1.0
414,275,1138,215,1.0,,1.0,,0,,en,0.0
0,16,18,191,1.0,,1.0,,0,,en,1.0
0,12,42,535,1.0,,1.0,,0,,en,1.0
0,12,19,190,1.0,,1.0,,0,,en,1.0
744,158,2323,152,,,,,3,1.0,en,0.0
95,298,5609,386,,,1.0,43200.0,23,1.0,en,0.0
0,17,61,610,1.0,,1.0,,0,,en,1.0
0,9,18,211,1.0,,1.0,,0,,en,1.0
0,4,5,476,,,1.0,,0,,en,1.0
0,18,50,333,1.0,,1.0,,0,,en,1.0
0,9,42,333,1.0,,1.0,,0,,en,1.0
869,184,3681,166,1.0,,1.0,,0,1.0,en,0.0
8,28,63,172,,,,,0,,en,0.0
4363,1753,22435,789,,,1.0,3600.0,8,1.0,en,0.0
607,3174,41690,772,,,1.0,20700.0,57,1.0,en,0.0
311,227,10665,691,,,1.0,,3,1.0,en,0.0
0,4,3,515,1.0,,1.0,,0,,en,1.0
463,124,774,176,,,,,1,,en,0.0
0,3,5,476,,,1.0,-18000.0,0,,es,1.0
1206,144,1186,193,,,1.0,28800.0,0,,en-gb,0.0
3,1948,10354,2096,,,1.0,-25200.0,88,,en,0.0
0,15,623,618,,,1.0,-18000.0,0,1.0,es,1.0
142,166,2698,346,,,1.0,14400.0,5,,en,0.0
22,16,438,126,,,1.0,-36000.0,3,,en,0.0
0,6,17,204,1.0,,1.0,,0,,en,1.0
0,7,21,213,1.0,,1.0,,0,,en,1.0
10127,586,25541,297,,,1.0,28800.0,0,1.0,en,0.0
7487,1069,14869,1009,,,,-7200.0,8,1.0,en,0.0
20,10,899,695,,,1.0,25200.0,0,1.0,id,1.0
9166,785,15674,550,,,1.0,-7200.0,8,1.0,en,0.0
0,172,691,874,1.0,,1.0,,2,,en,1.0
25,33,272,98,,,1.0,-18000.0,1,,en,0.0
1555,1204,25637,1711,,,1.0,-18000.0,71,1.0,en,0.0
0,124,98,100,1.0,,1.0,19800.0,1,1.0,en,0.0
348,808,30800,635,,,1.0,-18000.0,1,1.0,en,0.0
4376,1155,14018,809,,,1.0,28800.0,3,1.0,en,0.0
10,1,29,523,1.0,,1.0,,0,,en,1.0
9562,2844,73443,1861,,,1.0,-25200.0,71,1.0,en,0.0
1,15,201,589,1.0,,1.0,,0,,en,1.0
74,155,890,536,,,1.0,7200.0,4,,en,0.0
0,7,24,214,1.0,,1.0,,0,,en,1.0
3080,266,14197,687,,,1.0,-25200.0,0,,en,0.0
0,16,21,288,1.0,,1.0,,0,,en,1.0
932,1760,31077,30,,,1.0,21600.0,26,1.0,en,0.0
12957,273,16424,121,,,1.0,-25200.0,0,1.0,en,0.0
43,62,81,81,,,,,0,1.0,en,0.0
0,11,19,185,1.0,,1.0,,0,,en,1.0
360,225,1202,441,,,1.0,7200.0,1,1.0,es,0.0
0,1,1,21,1.0,,1.0,,0,,en,1.0
0,22,70,639,1.0,,1.0,,0,,en,1.0
0,20,57,636,1.0,,1.0,,0,,en,1.0
0,18,49,501,1.0,,1.0,,0,,en,1.0
0,14,548,410,1.0,,1.0,-25200.0,0,1.0,es,1.0
49185,1247,14046,740,,,,,2,1.0,en,0.0
27,3,80,50,,,1.0,10800.0,0,1.0,ru,0.0
168,506,12512,527,,,1.0,18000.0,27,1.0,en,0.0
15647,1495,43857,1019,,,1.0,-25200.0,5,1.0,en,0.0
1,27,41,650,1.0,,1.0,0.0,0,1.0,en,1.0
0,18,35,421,1.0,,1.0,,0,,en,1.0
0,19,20,630,,,1.0,,1,,pt,1.0
2239,243,3583,623,,,,-14400.0,1,1.0,en,0.0
0,9,29,197,1.0,,1.0,,0,,en,1.0
0,14,26,314,1.0,,1.0,,0,,en,1.0
1416,242,3856,233,1.0,,1.0,-28800.0,0,1.0,en,0.0
0,12,20,159,1.0,,1.0,,0,,en,1.0
2791,70,861,142,1.0,,1.0,,0,,en,0.0
0,25,44,400,1.0,,1.0,,0,,en,1.0
61,60,987,521,,,,10800.0,1,1.0,en,1.0
0,7,9,571,1.0,,1.0,3600.0,0,1.0,en,1.0
1143,520,1382,1302,1.0,,1.0,,1,,en,0.0
3299,243,14256,97,,,1.0,-18000.0,1,1.0,en,0.0
15,12,73,15,,,1.0,28800.0,1,,zh-tw,0.0
0,26,44,595,1.0,,1.0,,0,,en,1.0
0,8,0,522,1.0,,1.0,-21600.0,0,,en,1.0
179,38,71,28,1.0,,1.0,,0,1.0,en,0.0
14,571,784,1991,,,1.0,-21600.0,11,1.0,es,0.0
675,5273,53081,3059,,,1.0,-25200.0,7,1.0,en,0.0
0,2,11,478,1.0,,1.0,,0,,en,1.0
1206,557,46788,193,,,1.0,19800.0,21,1.0,en,0.0
0,4,15,205,1.0,,1.0,,0,,en,1.0
0,7,12,538,1.0,,1.0,,0,,en,1.0
1946,582,10292,575,,,1.0,28800.0,0,1.0,en,0.0
1064,1101,14140,1135,,,1.0,-18000.0,36,1.0,en,0.0
1385,180,18366,548,,,1.0,28800.0,6,1.0,en,0.0
0,6,24,459,,,1.0,,0,,en,1.0
0,26,58,648,1.0,,1.0,,0,,en,1.0
7,14,7,581,1.0,,1.0,,0,1.0,es,1.0
0,6,15,208,1.0,,1.0,,0,,en,1.0
0,26,114,1098,1.0,,1.0,,0,,en,1.0
644,88,1478,207,1.0,,1.0,-14400.0,1,1.0,en,0.0
0,24,41,431,1.0,,1.0,,0,,en,1.0
0,0,2,15,1.0,,1.0,,0,,en,1.0
3204,875,9996,563,1.0,,1.0,,0,,en,0.0
0,13,38,391,1.0,,1.0,,0,,en,1.0
888,222,2939,155,1.0,,1.0,,0,1.0,pt,0.0
0,17,24,288,1.0,,1.0,,0,,en,1.0
74,364,2216,376,1.0,,1.0,-36000.0,17,1.0,en,0.0
2,11,23,218,1.0,,1.0,,0,,en,1.0
0,7,25,528,1.0,,1.0,,0,,pt,1.0
28,188,25739,180,,,,28800.0,0,1.0,en,0.0
0,18,28,350,1.0,,1.0,,0,,en,1.0
3692,151,7409,150,,,1.0,-25200.0,1,,en,0.0
6801,951,13449,426,1.0,,1.0,,1,1.0,en,0.0
0,13,18,212,1.0,,1.0,,0,,en,1.0
302,78,1826,712,,,1.0,-28800.0,1,1.0,en,0.0
1,16,22,263,1.0,,1.0,,0,,en,1.0
0,15,50,508,1.0,,1.0,,0,,en,1.0
89,274,1506,482,,,1.0,7200.0,5,1.0,en,0.0
6879,169,10423,313,1.0,,1.0,7200.0,1,,es,0.0
0,9,23,222,1.0,,1.0,,0,,en,1.0
0,10,25,248,1.0,,1.0,,0,,en,1.0
0,3,199,598,,,1.0,14400.0,0,,ru,1.0
1276,1028,2521,97,1.0,,1.0,,10,,en,0.0
0,7,4,446,1.0,,1.0,,0,,es,1.0
7338,491,22317,226,,,1.0,-25200.0,6,1.0,en,0.0
3501,4217,10436,4200,,,1.0,10800.0,9,1.0,el,0.0
0,18,41,333,1.0,,1.0,,0,,en,1.0
0,12,12,256,1.0,,1.0,,0,,en,1.0
6348,179,3575,249,,,1.0,-25200.0,2,,en,0.0
0,13,34,237,1.0,,1.0,,0,,en,1.0
0,31,24,556,1.0,,1.0,,0,1.0,en,1.0
0,1,27,412,1.0,,1.0,-21600.0,0,1.0,en,1.0
0,16,17,229,1.0,,1.0,,0,,en,1.0
19,52287,62631,209,,,1.0,-18000.0,1342,,en,0.0
0,15,27,294,1.0,,1.0,,0,,en,1.0
0,8,24,199,1.0,,1.0,,0,,en,1.0
0,7,16,215,1.0,,1.0,,0,,en,1.0
2561,705,8153,580,,,1.0,-14400.0,3,1.0,en,0.0
97934,1017,9417,1904,1.0,,1.0,-14400.0,22,1.0,en,0.0
0,28,61,530,1.0,,1.0,,0,,en,1.0
0,3,4,425,1.0,,1.0,,0,,en,1.0
0,16,362,99,,,1.0,28800.0,0,,en,0.0
351,1201,11688,1191,,,1.0,43200.0,61,1.0,en,0.0
0,24,56,507,1.0,,1.0,,0,,en,1.0
7440,258,3914,564,,,1.0,,6,1.0,en,0.0
61,53,291,137,1.0,,1.0,,0,1.0,es,0.0
10,2,93,517,1.0,,1.0,,0,,es,1.0
66,87,1523,195,1.0,,1.0,,3,1.0,en,0.0
0,109,90,425,,,1.0,19800.0,0,1.0,en,1.0
0,11,25,242,1.0,,1.0,,0,,en,1.0
0,30,158,1221,1.0,,1.0,,0,,en,1.0
0,8,32,291,1.0,,1.0,,0,,en,1.0
2,12,19,192,1.0,,1.0,,0,,en,1.0
1518,9328,140056,5537,,,1.0,3600.0,109,1.0,en,0.0
3779,97,596,125,1.0,,1.0,,0,1.0,en,0.0
0,6,3,408,1.0,,1.0,,0,,es,1.0
0,16,23,199,1.0,,1.0,,0,,en,1.0
284,243,360,886,,,,-18000.0,2,,en,0.0
34,384,1156,262,1.0,,1.0,19800.0,14,1.0,en,0.0
0,13,19,278,1.0,,1.0,,0,,en,1.0
0,16,23,211,1.0,,1.0,,0,,en,1.0
0,7,20,188,1.0,,1.0,,0,,en,1.0
1749,442,3807,414,1.0,,1.0,,5,1.0,en,0.0
1050,137,409,242,1.0,,1.0,-18000.0,3,1.0,en,0.0
440,315,1277,253,1.0,,1.0,,1,1.0,en,0.0
5726,183,13186,222,,,,28800.0,2,,en,0.0
604,46,711,31,1.0,,1.0,,0,1.0,en,0.0
473,148,468,523,,,1.0,28800.0,0,1.0,en,0.0
0,3,0,584,1.0,,1.0,,0,,en,1.0
0,24,69,645,1.0,,1.0,,0,,en,1.0
0,0,2,31,1.0,,1.0,,0,,en,1.0
0,14,25,260,1.0,,1.0,,0,,en,1.0
0,13,24,283,1.0,,1.0,,0,,en,1.0
0,3,16,406,1.0,,1.0,-10800.0,0,,en,1.0
0,15,31,261,1.0,,1.0,,0,,en,1.0
4002,816,6095,643,1.0,,1.0,,3,1.0,en,0.0
0,26,54,629,1.0,,1.0,,0,,en,1.0
0,1,31,301,1.0,,1.0,,0,,en,1.0
6893,1307,54639,319,,,1.0,-18000.0,12,,en,0.0
0,7,21,196,1.0,,1.0,,0,,en,1.0
18322,864,29531,574,,,1.0,-14400.0,1,1.0,en,0.0
396,81,703,140,,,,,0,1.0,en,0.0
7,6,1,234,1.0,,1.0,,0,,es,1.0
0,2,1,19,1.0,,1.0,,0,,en,1.0
0,11,19,215,1.0,,1.0,,0,,en,1.0
0,15,18,258,1.0,,1.0,,0,,en,1.0
16,1102,6325,1,,,1.0,,16,,en,0.0
0,16,57,631,1.0,,1.0,,0,,en,1.0
0,20,89,850,1.0,,1.0,,0,,en,1.0
0,16,14,414,,,1.0,25200.0,0,1.0,en,1.0
0,9,0,595,1.0,,1.0,,0,,en,1.0
2976,205,5142,397,,,1.0,19800.0,0,1.0,en,0.0
0,9,16,240,1.0,,1.0,,0,,en,1.0
0,10,21,224,1.0,,1.0,,0,,en,1.0
0,7,18,219,1.0,,1.0,,0,,en,1.0
0,14,21,177,1.0,,1.0,,0,,en,1.0
2163,270,1518,264,1.0,,1.0,-28800.0,6,,en,0.0
8895,1800,28548,1950,1.0,,1.0,,14,1.0,en,0.0
0,8,21,205,1.0,,1.0,,0,,en,1.0
0,7,23,198,1.0,,1.0,,0,,en,1.0
1,19,3,567,,,1.0,-36000.0,0,,es,1.0
728,152,6715,339,,,1.0,14400.0,2,1.0,en,0.0
1553,1380,13001,1232,,,1.0,28800.0,2,1.0,en,0.0
1194,267,2467,342,1.0,,1.0,,0,,en,0.0
0,9,24,265,1.0,,1.0,,0,,en,1.0
1454,189,2287,187,1.0,,1.0,,0,,en,0.0
0,22,28,279,1.0,,1.0,,0,,en,1.0
740,143,7184,124,,,1.0,-18000.0,0,1.0,es,0.0
0,24,59,619,1.0,,1.0,,0,,en,1.0
10911,1158,16534,1999,,,1.0,-18000.0,25,,en,0.0
0,10,20,220,1.0,,1.0,,0,,en,1.0
0,19,51,511,1.0,,1.0,,0,,en,1.0
0,18,29,325,1.0,,1.0,,0,,en,1.0
1853,268,75414,530,,,1.0,28800.0,6,1.0,en,0.0
2749,572,28957,561,,,1.0,-14400.0,7,,en,0.0
0,8,17,190,1.0,,1.0,,0,,en,1.0
44,26,341,16,1.0,,1.0,-18000.0,0,,en,0.0
114,150,365,77,1.0,,1.0,-18000.0,1,,en,0.0
1607,1651,3547,1754,,,1.0,,4,1.0,en,0.0
0,58,13,814,,,1.0,-10800.0,0,,pt,1.0
4,4,3,500,1.0,,1.0,,0,,en,1.0
1038,545,1776,458,1.0,,1.0,,0,,en,0.0
0,8,31,252,1.0,,1.0,,0,,en,1.0
2461,252,856,271,1.0,,1.0,,0,,en,0.0
0,18,34,333,1.0,,1.0,,0,,en,1.0
0,865,14537,250,,,1.0,14400.0,20,1.0,ru,0.0
19271,863,7259,819,,,1.0,28800.0,5,,en,0.0
0,14,3,363,,,1.0,,0,,es,1.0
9428,6624,86520,234,,,1.0,25200.0,3,1.0,id,0.0
0,5,15,170,1.0,,1.0,,0,,en,1.0
17,31,57,117,,,1.0,-14400.0,0,,es,0.0
11363,622,57613,475,,,1.0,-25200.0,15,1.0,en,0.0
1662,66,1891,76,,,1.0,-25200.0,1,1.0,en,0.0
109,7,66,208,,,1.0,28800.0,0,1.0,en,0.0
179,138,8179,276,,,1.0,-28800.0,3,1.0,en,0.0
0,10,24,259,1.0,,1.0,,0,,en,1.0
10208,1972,91240,1122,,,1.0,-18000.0,51,1.0,en,0.0
2598,192,1089,521,1.0,,1.0,,0,,en,0.0
5209,351,6497,264,1.0,,1.0,,0,1.0,en,0.0
75,79,4130,264,,,1.0,18000.0,2,,en,0.0
5095,41,503,141,,,,-18000.0,0,,en,0.0
0,4,2,336,1.0,,1.0,,0,,en,1.0
168,392,8316,261,,,1.0,28800.0,2,1.0,en,0.0
0,0,2,16,1.0,,1.0,,0,,en,1.0
86,230,2648,501,,,1.0,19800.0,4,1.0,en,0.0
4088,285,9156,205,,,,,1,1.0,en,0.0
880,1059,78147,713,1.0,,1.0,3600.0,42,1.0,en,0.0
6059,806,4251,659,1.0,,1.0,,1,1.0,en,0.0
487,243,19061,241,1.0,,1.0,,22,,en,0.0
0,10,17,214,1.0,,1.0,,0,,en,1.0
676,1454,3505,1998,,,1.0,-25200.0,7,1.0,en,0.0
0,14,48,361,1.0,,1.0,,0,,en,1.0
0,2,1,22,1.0,,1.0,,0,,en,1.0
0,13,21,232,1.0,,1.0,,0,,en,1.0
0,17,20,304,1.0,,1.0,,0,,en,1.0
0,2,0,600,1.0,,1.0,,0,,en,1.0
0,525,110996,166,,,,32400.0,41,1.0,en,0.0
0,16,24,224,1.0,,1.0,,0,,en,1.0
0,13,28,223,1.0,,1.0,,0,,en,1.0
1638,23,453,147,1.0,,1.0,-25200.0,2,,en,0.0
1297,348,11859,317,,,1.0,-14400.0,0,,en,0.0
0,0,2,38,1.0,,1.0,,0,,en,1.0
2611,46,6758,157,,,1.0,28800.0,2,,en,0.0
0,13,33,341,1.0,,1.0,,0,,en,1.0
0,8,14,193,1.0,,1.0,,0,,en,1.0
4574,1580,14483,262,,,,-25200.0,7,,en,0.0
0,9,19,203,1.0,,1.0,,0,,en,1.0
1861,656,10964,575,,,1.0,,53,1.0,en,0.0
1596,535,8303,375,,,1.0,-25200.0,11,1.0,en,0.0
0,3,1,543,1.0,,1.0,-10800.0,0,,es,1.0
0,3,2,24,1.0,,1.0,,0,,en,1.0
0,24,59,582,1.0,,1.0,,0,,en,1.0
0,13,57,568,1.0,,1.0,,0,,en,1.0
100,178,1503,174,1.0,,1.0,19800.0,8,1.0,en,0.0
4,13,25,85,,,1.0,46800.0,0,,en,0.0
1048,151,2317,472,,,1.0,7200.0,5,,es,0.0
0,42,135,55,,,,,1,1.0,en,0.0
1137,51,843,42,1.0,,1.0,7200.0,0,1.0,en,0.0
306,267,14611,459,,,,43200.0,8,1.0,en,0.0
37,132,2755,174,,,1.0,-14400.0,3,1.0,en,0.0
7,142,195,391,,,,19800.0,4,,en,0.0
1,339,18306,124,,,,-7200.0,6,1.0,en,0.0
0,86,56,650,,,1.0,,0,1.0,en,1.0
6,32,4282,114,,,1.0,-14400.0,3,,en,0.0
483,541,8652,467,,,1.0,-25200.0,26,1.0,en,0.0
0,16,52,573,1.0,,1.0,,0,,en,1.0
241,118,1307,399,,,1.0,,1,1.0,en,0.0
0,3,0,527,1.0,,1.0,,0,,en,1.0
0,11,13,180,1.0,,1.0,,0,,en,1.0
3173,247,5194,177,,,1.0,-18000.0,0,1.0,en,0.0
0,7,13,168,1.0,,1.0,,0,,en,1.0
0,6,20,211,1.0,,1.0,,0,,en,1.0
3107,853,62378,875,,,1.0,-25200.0,16,1.0,en,0.0
38,139,1249,466,,,1.0,43200.0,0,1.0,en,0.0
0,16,30,308,1.0,,1.0,,0,,en,1.0
9,46,55,514,1.0,,1.0,,0,,es,1.0
0,13,24,229,1.0,,1.0,,0,,en,1.0
0,18,726,1005,1.0,,1.0,,0,,en,1.0
0,10,20,214,1.0,,1.0,,0,,en,1.0
0,27,29,361,1.0,,1.0,,0,,en,1.0
0,12,34,346,1.0,,1.0,,0,,en,1.0
1,2,97,11,1.0,,1.0,,0,1.0,en,0.0
0,11,3,613,1.0,,1.0,,0,,es,1.0
9321,1361,53749,1492,,,1.0,32400.0,80,1.0,en,0.0
1043,4910,1960,1675,,,1.0,-25200.0,22,1.0,en,0.0
379,551,549,811,1.0,,1.0,-25200.0,0,,en,0.0
28,41,89,284,,,,,1,1.0,en,0.0
567,141,947,50,,,,-36000.0,1,,en,0.0
0,7,18,212,1.0,,1.0,,0,,en,1.0
0,10,1,539,1.0,,1.0,-28800.0,0,,es,1.0
4139,2166,63388,1996,,,1.0,-18000.0,3,1.0,en,0.0
4828,151,13241,132,,,1.0,-18000.0,1,1.0,en,0.0
0,24,57,490,1.0,,1.0,,0,,en,1.0
0,9,21,234,1.0,,1.0,,0,,en,1.0
0,25,11,1470,,,1.0,,0,,en,1.0
1360,12,631,9,,1.0,,32400.0,0,,ja,0.0
2027,108,500,151,1.0,,1.0,,0,,en-GB,0.0
3786,108,1432,105,,,1.0,,5,1.0,en,0.0
22797,367,18570,632,,,1.0,-25200.0,3,1.0,en,0.0
0,25,39,511,1.0,,1.0,,0,,en,1.0
0,4,20,186,1.0,,1.0,,0,,en,1.0
0,21,34,316,1.0,,1.0,,0,,en,1.0
0,15,36,252,1.0,,1.0,,0,,en,1.0
2,10,49,19,,,,,0,,en,0.0
168011,2681,179448,2700,,,1.0,-14400.0,94,,en,0.0
280,80,1198,357,,,,28800.0,0,,en,0.0
35530,1103,156620,642,,,1.0,-25200.0,32,1.0,en,0.0
3417,3920,11901,468,1.0,,1.0,-21600.0,1,,en,0.0
500,369,20336,86,,,1.0,43200.0,1,,en,0.0
1380,46,1114,59,1.0,,1.0,-25200.0,1,,en,0.0
864,1581,4153,1000,,,1.0,43200.0,66,1.0,en,0.0
80,26,99,1548,1.0,1.0,1.0,-36000.0,0,,es,1.0
1653,455,2193,1678,,,1.0,,5,1.0,en,0.0
0,0,2,29,1.0,,1.0,,0,,en,1.0
0,5,16,212,1.0,,1.0,,0,,en,1.0
0,17,26,278,1.0,,1.0,,0,,en,1.0
443,50,877,161,,,,-18000.0,0,,en,0.0
0,21,28,464,1.0,,1.0,,0,,en,1.0
0,1,2,17,1.0,,1.0,,0,,en,1.0
3553,742,7849,462,,,1.0,,1,1.0,en,0.0
0,13,29,306,1.0,,1.0,,0,,en,1.0
0,15,60,540,1.0,,1.0,,0,,en,1.0
0,20,56,539,1.0,,1.0,,0,,en,1.0
803,22513,16010,15257,,,1.0,7200.0,28,1.0,en,0.0
3281,616,60715,604,,,1.0,-28800.0,6,1.0,en,0.0
88,105,3177,82,,,,28800.0,0,1.0,en,0.0
4,17,10,581,1.0,,1.0,-28800.0,0,1.0,en,1.0
0,2,1,407,1.0,,1.0,,0,,en,1.0
310,285,6319,295,,,1.0,-25200.0,3,1.0,en,0.0
0,13,25,326,1.0,,1.0,,0,,en,1.0
20,3863,4893,396,,,1.0,-16200.0,3,1.0,es,0.0
0,9,22,220,1.0,,1.0,,0,,en,1.0
0,7,18,208,1.0,,1.0,,0,,en,1.0
0,3,3,33,1.0,,1.0,,0,,en,1.0
89,55,305,51,,,1.0,-14400.0,0,1.0,en,0.0
29022,653,33605,303,,,1.0,28800.0,2,1.0,en,0.0
1,13,26,260,1.0,,1.0,,0,,en,1.0
8372,1639,24875,1997,,,1.0,-18000.0,39,,en,0.0
537,1280,80768,984,,,1.0,32400.0,13,1.0,en,0.0
26,126,410,876,,,1.0,-21600.0,6,1.0,en,0.0
0,21,57,577,1.0,,1.0,,0,,en,1.0
0,5,6,435,1.0,,1.0,,0,,en,1.0
4632,463,8493,675,,,1.0,-14400.0,2,,en,0.0
4510,206,3393,207,,,1.0,-25200.0,1,1.0,en,0.0
0,0,3,475,1.0,,1.0,,0,,fr,1.0
3724,674,26208,343,,,1.0,-25200.0,0,,en,0.0
340,67,316,59,1.0,,1.0,,0,1.0,en,0.0
0,22,36,346,1.0,,1.0,,0,,en,1.0
3261,296,10066,625,,,,19800.0,9,1.0,en,0.0
0,12,36,350,1.0,,1.0,,0,,en,1.0
4347,1179,13251,1211,,,1.0,-25200.0,46,1.0,en,0.0
226,426,521,991,,,1.0,-18000.0,6,1.0,en,0.0
1604,3153,13155,167,,,1.0,-25200.0,13,1.0,en,0.0
1743,919,3635,2001,,,1.0,-18000.0,17,1.0,en,0.0
0,15,68,521,1.0,,1.0,,0,,en,1.0
1086,322,11256,227,,,1.0,-25200.0,0,1.0,en,0.0
0,57,19,350,,,1.0,3600.0,2,1.0,es,1.0
30,5,1215,604,1.0,,1.0,,0,,ru,1.0
928,999,34655,908,,,1.0,-25200.0,4,1.0,en,0.0
0,18,38,364,1.0,,1.0,,0,,en,1.0
0,10,29,248,1.0,,1.0,,0,,en,1.0
287,157,2366,388,,,1.0,28800.0,3,,en,0.0
1892,1277,8512,1202,,,1.0,-14400.0,0,,en,0.0
227,60,1278,113,,,1.0,-25200.0,0,,en,0.0
5467,313,29074,177,,,1.0,-25200.0,3,,en,0.0
0,9,20,221,1.0,,1.0,,0,,en,1.0
0,1,0,505,,,1.0,-21600.0,0,,es,1.0
0,25,28,318,1.0,,1.0,,0,,en,1.0
34,115,297,311,1.0,,1.0,,0,1.0,es,0.0
1112,305,1183,312,1.0,,1.0,,0,1.0,en,0.0
0,20,56,643,1.0,,1.0,,0,,en,1.0
0,12,18,236,1.0,,1.0,,0,,en,1.0
8219,495,642,574,1.0,,1.0,-25200.0,2,1.0,en,0.0
3256,1327,3161,801,,,1.0,10800.0,3,1.0,en,0.0
29987,2164,21159,2081,1.0,,1.0,,28,1.0,en,0.0
7721,15171,41271,210,,,1.0,32400.0,174,,ja,0.0
4644,171,3765,283,,,1.0,-18000.0,5,1.0,en,0.0
13,102,103,60,,,,,3,1.0,en,0.0
1,8,22,214,1.0,,1.0,,0,,en,1.0
0,9,17,195,1.0,,1.0,,0,,en,1.0
0,16,33,330,1.0,,1.0,,0,,en,1.0
0,13,48,403,1.0,,1.0,,0,,en,1.0
0,13,37,310,1.0,,1.0,,0,,en,1.0
608,306,5109,679,,,1.0,7200.0,3,,en-gb,0.0
1585,466,10348,186,,,1.0,-18000.0,1,1.0,en,0.0
0,8,21,174,1.0,,1.0,,0,,en,1.0
1474,341,14258,748,,,1.0,-14400.0,3,1.0,es,0.0
0,12,36,334,1.0,,1.0,,0,,en,1.0
361,205,25400,176,,,1.0,-10800.0,4,1.0,en,0.0
0,13,28,282,1.0,,1.0,,0,,en,1.0
0,22,34,286,1.0,,1.0,,0,,en,1.0
0,10,18,222,1.0,,1.0,,0,,en,1.0
2758,224,16874,506,,,1.0,28800.0,1,1.0,en,0.0
872,836,61850,688,,,1.0,-18000.0,1,1.0,en,0.0
1085,183,1266,188,,,1.0,,2,1.0,en,0.0
1,24,1,480,1.0,,1.0,,0,,es,1.0
0,21,67,639,1.0,,1.0,,0,,en,1.0
0,9,19,200,1.0,,1.0,,0,,en,1.0
0,0,3,30,1.0,,1.0,,0,,en,1.0
2275,79,1648,185,1.0,,1.0,,0,1.0,en,0.0
654,298,5290,243,,,1.0,,3,,en,0.0
26,10,43,13,1.0,,1.0,,0,,en,0.0
0,12,31,305,1.0,,1.0,,0,,en,1.0
5586,255,9086,300,,,1.0,-14400.0,1,,en,0.0
173,129,1820,236,,,1.0,-10800.0,1,1.0,en,0.0
0,3,23,215,1.0,,1.0,,0,,en,1.0
477,89,493,320,1.0,,1.0,,1,,en,0.0
156,312,1143,491,,,1.0,-14400.0,5,1.0,en,0.0
3812,611,4303,404,,,1.0,-14400.0,0,1.0,en,0.0
0,4,0,387,,,1.0,-10800.0,0,,es,1.0
4,26,131,406,,,1.0,-28800.0,0,,en,1.0
0,101,871,501,1.0,,1.0,28800.0,3,1.0,en,1.0
254,633,74500,451,,,1.0,-14400.0,3,1.0,en,0.0
0,10,15,211,1.0,,1.0,,0,,en,1.0
0,20,34,280,1.0,,1.0,,0,,en,1.0
0,9,20,183,1.0,,1.0,,0,,en,1.0
0,12,23,269,1.0,,1.0,,0,,en,1.0
1538,92,324,171,,,1.0,32400.0,1,,ja,0.0
0,6,1,519,1.0,,1.0,,0,,en,1.0
3631,84,2330,57,1.0,,1.0,,1,1.0,en,0.0
10968,504,22993,43,1.0,,1.0,-18000.0,2,1.0,en,0.0
0,21,72,651,,,1.0,-10800.0,1,,en,1.0
14341,5169,249449,3418,,,1.0,3600.0,218,,en,0.0
0,12,18,218,1.0,,1.0,,0,,en,1.0
8,64,7,191,,,1.0,-25200.0,1,,en,0.0
12140,636,17213,552,1.0,,1.0,,1,,en,0.0
824,183,3647,170,,,1.0,3600.0,1,1.0,en,0.0
539,130,99,102,1.0,,1.0,,0,,en,0.0
52,390,98934,374,,,1.0,-18000.0,0,1.0,en,0.0
0,22,27105,9,1.0,,1.0,,0,,fr,0.0
1242,146,10549,519,,,1.0,19800.0,4,,en,0.0
20063,1536,30256,1208,,,1.0,-7200.0,7,1.0,en,0.0
2291,688,14070,971,,,1.0,-36000.0,0,1.0,en,0.0
0,11,20,201,1.0,,1.0,,0,,en,1.0
104,931,10253,441,,,1.0,,2,1.0,id,0.0
256,360,1801,369,1.0,,1.0,-25200.0,8,1.0,en,0.0
97,860,2394,228,,,,3600.0,52,,en,0.0
0,18,85,624,,,1.0,-10800.0,0,1.0,pt,1.0
684,88,1082,210,,,,,0,1.0,en,0.0
266,60,283,180,1.0,,1.0,18000.0,1,1.0,en,0.0
0,3,2,583,1.0,,1.0,,0,,en,1.0
0,7,11,192,1.0,,1.0,,0,,en,1.0
1,50,143,655,1.0,,1.0,,1,,en,1.0
0,14,20,185,1.0,,1.0,,0,,en,1.0
0,23,40,272,1.0,,1.0,,0,,en,1.0
0,0,3,29,1.0,,1.0,,0,,en,1.0
7511,1364,39039,1015,1.0,,1.0,,11,,en,0.0
73,29,89,69,1.0,,1.0,,0,1.0,en,0.0
829,316,11475,657,,,1.0,-14400.0,3,,en,0.0
0,21,75,592,1.0,,1.0,,0,,en,1.0
11564,881,24981,896,,,1.0,19800.0,34,,en,0.0
5714,491,14632,497,1.0,,1.0,10800.0,9,1.0,en,0.0
4470,535,7698,331,,,1.0,-25200.0,0,,en,0.0
0,43,98,379,,,1.0,3600.0,0,1.0,en,1.0
1,3,8,336,1.0,,1.0,-10800.0,0,,fr,1.0
1534,68,32572,68,,,1.0,7200.0,2,1.0,en,0.0
223,712,990,859,,,1.0,-18000.0,22,,en,0.0
0,20,40,548,1.0,,1.0,,0,,en,1.0
0,21,52,527,1.0,,1.0,,0,,en,1.0
81,224,6309,181,,,1.0,-18000.0,0,,en,0.0
216,25,388,66,1.0,,1.0,,3,,en,0.0
0,15,22,216,1.0,,1.0,,0,,en,1.0
11999,131,1682,407,1.0,,1.0,,1,1.0,en,0.0
0,15,39,546,1.0,,1.0,,0,,en,1.0
62249,1185,64920,96,1.0,,1.0,,14,1.0,en,0.0
0,12,32,321,1.0,,1.0,,0,,en,1.0
0,16,30,293,1.0,,1.0,,0,,en,1.0
0,16,29,262,1.0,,1.0,,0,,en,1.0
0,22,66,581,1.0,,1.0,,0,,en,1.0
2072,394,2173,1012,,,1.0,,5,1.0,en,0.0
2585,249,2775,271,1.0,,1.0,,1,,en,0.0
0,13,25,258,1.0,,1.0,,0,,en,1.0
6302,138,4073,385,,,1.0,-28800.0,0,,en,0.0
1335,218,44987,62,,,,-25200.0,5,1.0,en,0.0
0,16,38,429,1.0,,1.0,,0,,en,1.0
11,5,28,595,1.0,,1.0,7200.0,0,,ru,1.0
1,243,631,76,1.0,,1.0,19800.0,0,,en,0.0
8495,914,20230,405,,,,-21600.0,1,1.0,en,0.0
461,124,1977,304,1.0,,1.0,,2,1.0,en,0.0
0,6,6,428,1.0,,1.0,,0,,es,1.0
0,5,12,329,1.0,,1.0,,0,,en,1.0
403,304,21206,310,,,1.0,-28800.0,2,1.0,en,0.0
1,43,86,732,,,1.0,,0,,es,1.0
0,8,15,203,1.0,,1.0,,0,,en,1.0
13703,850,21397,399,,,1.0,-14400.0,0,1.0,en,0.0
95,223,504,223,,,,7200.0,7,1.0,en,0.0
3,16,2,344,1.0,,1.0,,1,,en,1.0
0,21,33,414,1.0,,1.0,,0,,en,1.0
0,22,61,560,1.0,,1.0,,0,,en,1.0
1,2,19,215,1.0,,1.0,,0,,en,1.0
3411,148,5937,203,,,1.0,,3,,en,0.0
9,24,5,34,1.0,,1.0,,0,1.0,en,0.0
19012,1042,13676,2000,1.0,,1.0,,7,1.0,en,0.0
0,15,19,198,1.0,,1.0,,0,,en,1.0
10,9,383,564,1.0,,1.0,-10800.0,0,,en,1.0
4,149,25583,317,1.0,,1.0,7200.0,25,,nl,0.0
0,5,1,542,1.0,,1.0,-18000.0,0,,es,1.0
0,22,62,505,1.0,,1.0,,0,,en,1.0
5073,490,6307,555,,,1.0,-18000.0,2,1.0,en,0.0
0,12,20,246,1.0,,1.0,,0,,en,1.0
52,108,2760,794,,,1.0,-14400.0,0,1.0,pt,1.0
324,243,1760,393,,,1.0,-14400.0,2,,en,0.0
2130,101,3626,125,,,1.0,21600.0,0,,en,0.0
54,300,1913,193,,,,43200.0,8,1.0,en,0.0
1,11,49,631,,,1.0,-10800.0,0,1.0,pt,1.0
9879,5650,36721,69,,,1.0,-14400.0,36,,en,0.0
0,11,26,290,1.0,,1.0,,0,,en,1.0
425,1533,52377,473,,,,10800.0,38,,en,0.0
0,18,4,550,1.0,,1.0,-10800.0,0,,pt,1.0
0,28,75,687,1.0,,1.0,,0,,en,1.0
0,16,30,273,1.0,,1.0,,0,,en,1.0
0,13,23,265,1.0,,1.0,,0,,en,1.0
0,1,2,19,1.0,,1.0,,0,,en,1.0
3,5,8,589,1.0,,1.0,,0,,en,1.0
191,164,783,22,1.0,,1.0,,1,,en,0.0
648,86,613,197,1.0,,1.0,,0,1.0,en,0.0
0,8,21,218,1.0,,1.0,,0,,en,1.0
0,10,21,192,1.0,,1.0,,0,,en,1.0
0,10,27,336,1.0,,1.0,,0,,en,1.0
4762,422,5244,359,,,1.0,-28800.0,2,1.0,en,0.0
0,8,16,210,1.0,,1.0,,0,,en,1.0
10824,604,16600,1996,1.0,,1.0,,38,,ja,0.0
0,11,19,234,1.0,,1.0,,0,,en,1.0
3895,134,9496,425,,,,-25200.0,1,,en,0.0
3013,225,3566,230,1.0,,1.0,,0,1.0,en,0.0
6568,6314,163168,6735,,,1.0,43200.0,367,1.0,en,0.0
708,156,11981,178,,,1.0,,8,,en,0.0
0,15,28,285,1.0,,1.0,,0,,en,1.0
0,4,28,612,1.0,,1.0,,0,,en,1.0
0,14,28,249,1.0,,1.0,,0,,en,1.0
270,395,7199,71,,,,28800.0,0,,en,0.0
38,82,1148,157,,,1.0,-25200.0,8,,en,0.0
62,14,1271,38,1.0,,1.0,,0,,en,0.0
240,24,406,28,1.0,,1.0,,0,,en,0.0
603,136,311,156,1.0,,1.0,,0,,en,0.0
1415,248,798,342,1.0,,1.0,,0,,en,0.0
139,120,27858,113,,,1.0,32400.0,5,1.0,en,0.0
1529,139,1816,320,1.0,,1.0,3600.0,0,,en-gb,0.0
0,7,7,603,1.0,,1.0,,0,1.0,es,1.0
0,23,64,603,1.0,,1.0,,0,,en,1.0
150,22,4952,301,,,1.0,-25200.0,0,1.0,en,0.0
0,9,25,221,1.0,,1.0,,0,,en,1.0
0,26,55,626,1.0,,1.0,,0,,en,1.0
0,10,11,217,1.0,,1.0,,0,,en,1.0
0,4,20,183,1.0,,1.0,,0,,en,1.0
0,32,24,265,1.0,,1.0,,0,,en,1.0
0,14,46,336,1.0,,1.0,,0,,en,1.0
25886,614,27233,551,,,1.0,-14400.0,2,1.0,en,0.0
0,12,16,214,1.0,,1.0,,0,,en,1.0
11266,563,14122,517,1.0,,1.0,,0,1.0,en,0.0
0,14,28,321,1.0,,1.0,,0,,en,1.0
0,25,65,639,1.0,,1.0,,0,,en,1.0
1675,185,3100,376,,,,-18000.0,1,1.0,en,0.0
11501,1218,28788,336,,,1.0,18000.0,17,,en,0.0
0,20,33,321,1.0,,1.0,,0,,en,1.0
121,317,315,629,,,1.0,,1,,en,0.0
5952,550,18001,129,,,1.0,,1,1.0,en,0.0
0,7,19,199,1.0,,1.0,,0,,en,1.0
0,16,47,328,1.0,,1.0,,0,,en,1.0
384,168,367,398,1.0,,1.0,,0,,en,0.0
0,19,39,377,1.0,,1.0,,0,,en,1.0
0,21,54,514,1.0,,1.0,,0,,en,1.0
0,24,317,148,1.0,,1.0,19800.0,0,,en,0.0
0,8,18,232,1.0,,1.0,,0,,en,1.0
5371,1007,11538,527,,,1.0,-25200.0,1,1.0,en,0.0
2386,449,22139,298,,,1.0,-10800.0,3,,es,0.0
0,7,15,200,1.0,,1.0,,0,,en,1.0
16174,1035,150680,84,,,1.0,-25200.0,5,,en,0.0
6,125,1333,268,,,1.0,,9,1.0,en,0.0
4639,2199,81091,465,,,1.0,-36000.0,44,,en,0.0
0,42,62,651,1.0,,1.0,,0,,en,1.0
1277,1466,10158,1321,,,1.0,,1,1.0,en,0.0
641,221,18458,321,,,1.0,28800.0,2,,en,0.0
0,12,18,204,1.0,,1.0,,0,,en,1.0
0,23,55,624,1.0,,1.0,,0,,en,1.0
0,2,3,48,1.0,,1.0,,0,,en,1.0
2,114,2471,965,1.0,,1.0,-14400.0,1,,es,1.0
0,0,36,2,1.0,,1.0,,0,,en,1.0
587,79,2766,196,,,1.0,-25200.0,0,,en,0.0
31,5456,52645,349,,,1.0,7200.0,27,,es,0.0
0,23,37,559,1.0,,1.0,,0,,en,1.0
272,41,626,87,1.0,,1.0,,0,1.0,en,0.0
0,11,22,204,1.0,,1.0,,0,,en,1.0
924,95,7553,112,1.0,,1.0,43200.0,1,,en,0.0
539,103,1989,97,1.0,,1.0,,0,,en,0.0
442,26,265,107,,,1.0,32400.0,0,1.0,ja,0.0
0,18,51,403,1.0,,1.0,,0,,en,1.0
8019,265,24797,214,,,1.0,10800.0,5,1.0,es,0.0
114,1877,35436,731,1.0,,1.0,-18000.0,35,1.0,en,0.0
0,13,16,206,1.0,,1.0,,0,,en,1.0
19,5,321,14,,,,28800.0,0,1.0,zh-tw,0.0
459,342,6901,146,,,1.0,-28800.0,1,1.0,en,0.0
143,47,783,70,1.0,,1.0,,0,,en-GB,0.0
486,257,1371,260,,,1.0,-25200.0,0,1.0,en,0.0
0,13,18,211,1.0,,1.0,,0,,en,1.0
0,10,1,646,1.0,,1.0,,0,,en,1.0
24,198,9648,228,,,1.0,10800.0,5,1.0,en,0.0
26589,806,5125,723,,,,43200.0,39,,en,0.0
900,222,2131,162,,,1.0,,15,1.0,en,0.0
0,169,141,735,1.0,,1.0,-14400.0,2,,en,1.0
2275,291,4364,295,,,1.0,-25200.0,1,1.0,en,0.0
0,6,1,547,,,1.0,,0,,es,1.0
26,76,372,36,,,1.0,-10800.0,6,1.0,en,0.0
0,7,19,208,1.0,,1.0,,0,,en,1.0
0,13,19,256,1.0,,1.0,,0,,en,1.0
639,274,5838,1150,,,1.0,-25200.0,7,1.0,en-gb,0.0
1264,12875,35987,392,,,1.0,-25200.0,202,,en,0.0
0,1,2,360,1.0,,1.0,-25200.0,0,,en,1.0
883,226,20502,116,,,1.0,-7200.0,2,1.0,en,0.0
0,91,30,527,1.0,,1.0,,0,,en,1.0
0,12,50,393,1.0,,1.0,,0,,en,1.0
4122,2924,814,1106,,,1.0,-14400.0,0,,en,0.0
459,79,670,261,,,1.0,-14400.0,3,,en,0.0
1,41,73,580,1.0,,1.0,,0,,es,1.0
4,27,128,535,,,1.0,-21600.0,0,,en,1.0
6,6,68,519,,,1.0,,0,,en,1.0
0,28,60,625,1.0,,1.0,,0,,en,1.0
1326,490,502,119,1.0,,1.0,-14400.0,0,1.0,en,0.0
0,8,22,194,1.0,,1.0,,0,,en,1.0
21,308,6923,326,,,1.0,-18000.0,10,,en,0.0
0,11,32,939,1.0,,1.0,19800.0,1,,en,1.0
678,127,1219,148,1.0,,1.0,,1,1.0,en,0.0
0,8,0,485,1.0,,1.0,,0,,en,1.0
6634,375,7165,368,,,1.0,-21600.0,0,1.0,en,0.0
0,6,17,202,1.0,,1.0,,0,,en,1.0
0,12,23,246,1.0,,1.0,,0,,en,1.0
3339,1526,5451,1011,,,,-25200.0,10,,en,0.0
0,5,2,325,1.0,,1.0,,0,,es,1.0
0,18,40,386,1.0,,1.0,,0,,en,1.0
28037,453,31040,672,,,,-14400.0,6,1.0,en,0.0
6774,1767,30259,120,1.0,,1.0,-25200.0,14,1.0,en,0.0
0,21,57,579,1.0,,1.0,,0,,en,1.0
0,32,36,496,1.0,,1.0,,0,,pt,1.0
41503,87,45091,74,,,1.0,32400.0,9,1.0,ja,0.0
0,22,55,511,1.0,,1.0,,0,,en,1.0
116,10,145,30,1.0,,1.0,,0,,en,0.0
7644,1321,34930,937,1.0,,1.0,,3,1.0,en,0.0
1,132,456,581,1.0,,1.0,-21600.0,1,1.0,es,1.0
0,25,50,489,1.0,,1.0,,0,,en,1.0
5937,418,3211,410,1.0,,1.0,,1,,en,0.0
16,4,24,588,,,1.0,,0,,en,1.0
23,88,310,198,,,1.0,-14400.0,0,1.0,en,0.0
2,17,38,288,1.0,,1.0,,0,,en,1.0
1,6,21,209,1.0,,1.0,,0,,en,1.0
0,18,29,263,1.0,,1.0,,0,,en,1.0
10270,439,4637,587,1.0,,1.0,,0,,en,0.0
7268,504,21080,489,1.0,,1.0,43200.0,0,,en,0.0
0,0,4,28,1.0,,1.0,,0,,en,1.0
0,5,7,154,,,1.0,,0,,es,1.0
0,15,36,322,1.0,,1.0,,0,,en,1.0
138,70,633,174,,,,28800.0,1,,en,0.0
9882,1542,3068,341,1.0,,1.0,,4,,en,0.0
229,2506,3098,1991,,,1.0,-18000.0,194,,en,0.0
718,154,498,335,,,1.0,,5,1.0,en,0.0
2871,231,1774,141,,,1.0,-28800.0,0,1.0,en,0.0
5120,212,2782,185,,,,-10800.0,4,,en,0.0
31,165,160,574,1.0,,1.0,,1,1.0,en,0.0
9247,337,6564,346,,,1.0,-14400.0,0,,en,0.0
0,22,30,303,1.0,,1.0,,0,,en,1.0
0,21,19,276,1.0,,1.0,,0,,en,1.0
325,588,22275,561,,,1.0,-14400.0,0,1.0,en,0.0
2649,1019,11843,1223,1.0,,1.0,,4,,en,0.0
23523,2717,19160,2095,,,1.0,-18000.0,10,1.0,en-gb,0.0
0,5,4,558,1.0,,1.0,14400.0,0,,ru,1.0
963,256,1325,313,,,1.0,28800.0,0,1.0,en,0.0
0,10,6,324,1.0,,1.0,,0,,it,1.0
845,77,476,75,1.0,,1.0,,0,,en,0.0
2777,1519,9505,462,,,1.0,25200.0,4,1.0,en,0.0
5340,312,9927,235,,,1.0,,5,1.0,en,0.0
8480,2011,17362,970,,,1.0,-18000.0,10,1.0,en,0.0
24,116,172,135,,,1.0,-25200.0,4,,en,0.0
244,202,2260,282,,,1.0,,6,1.0,en,0.0
57,286,57528,47,,,1.0,-18000.0,2,1.0,en,0.0
2688,202,5693,600,,,1.0,-18000.0,3,1.0,en,0.0
7,0,979,552,1.0,,1.0,,0,,ru,1.0
0,16,36,346,1.0,,1.0,,0,,en,1.0
0,5,16,230,1.0,,1.0,,0,,en,1.0
0,14,18,246,1.0,,1.0,,0,,en,1.0
1,18,20,483,1.0,,1.0,-10800.0,0,,en,1.0
0,21,4,125,1.0,,1.0,,0,,fr,1.0
0,6,0,599,1.0,,1.0,,0,,en,1.0
667,577,7959,215,,,,-14400.0,1,,en,0.0
9539,59178,328921,32791,,,1.0,32400.0,2083,,en,0.0
0,25,45,513,1.0,,1.0,,0,,en,1.0
75,83,382,226,,,1.0,28800.0,1,1.0,en,0.0
4,1547,13430,833,,,1.0,-21600.0,43,1.0,en,0.0
0,17,47,609,1.0,,1.0,,0,,en,1.0
0,10,32,645,,,1.0,,0,1.0,es,1.0
0,13,27,215,1.0,,1.0,,0,,en,1.0
2,4,31,455,,,1.0,-28800.0,0,1.0,id,1.0
11,4,50,561,1.0,,1.0,,0,,ru,1.0
5393,12478,9493,1131,,,1.0,,306,1.0,en,0.0
2628,60,8337,250,,,1.0,-18000.0,1,,en,0.0
0,11,38,262,1.0,,1.0,,0,,en,1.0
26920,1052,27764,1505,,,1.0,-25200.0,6,1.0,en,0.0
0,9,1,368,1.0,,1.0,-21600.0,0,,en,1.0
715,178,8860,493,,,1.0,,6,,en,0.0
0,9,18,225,1.0,,1.0,,0,,en,1.0
1141,349,8334,213,,,1.0,-25200.0,4,1.0,en,0.0
468,318,2448,506,,,1.0,-18000.0,2,1.0,en,0.0
0,23,50,539,1.0,,1.0,,0,,en,1.0
42,623,39158,529,,,1.0,32400.0,37,,en,0.0
140,187,14621,513,,,1.0,-36000.0,3,1.0,en,0.0
1042,85,1536,137,1.0,,1.0,,0,,en,0.0
9514,207,9266,262,1.0,,1.0,,0,,en,0.0
921,284,2297,1356,,,1.0,,3,1.0,en,0.0
0,20,34,370,1.0,,1.0,,0,,en,1.0
0,12,21,218,1.0,,1.0,,0,,en,1.0
0,21,60,552,1.0,,1.0,,0,,en,1.0
232,31,79,61,1.0,,1.0,,0,,en,0.0
0,13,19,207,1.0,,1.0,,0,,en,1.0
7325,670,42651,628,,,1.0,3600.0,12,1.0,en,0.0
75,299,718,166,1.0,,1.0,,0,,ja,0.0
14512,1029,14542,552,,,1.0,-18000.0,73,1.0,en,0.0
0,23,54,517,1.0,,1.0,,0,,en,1.0
539,1525,46809,1335,,,1.0,-21600.0,2,1.0,en,0.0
0,19,58,583,1.0,,1.0,,0,,en,1.0
0,58,12,483,1.0,,1.0,,0,,en,1.0
0,0,1,17,1.0,,1.0,,0,,en,1.0
595,315,5529,319,,,1.0,-14400.0,2,1.0,en,0.0
0,12,24,201,1.0,,1.0,,0,,en,1.0
2711,570,4712,1975,,,1.0,28800.0,14,1.0,en,0.0
1777,552,7573,1836,,,1.0,28800.0,1,1.0,en,0.0
2098,1081,21420,680,,,1.0,-18000.0,2,1.0,en,0.0
18,6721,4349,277,,,1.0,-14400.0,5,,en,0.0
729,123,3024,168,,,1.0,-25200.0,0,1.0,en,0.0
0,34,72,685,1.0,,1.0,,0,,en,1.0
0,15,58,616,1.0,,1.0,,0,,en,1.0
0,11,15,202,1.0,,1.0,,0,,en,1.0
362,1206,1922,909,,,1.0,19800.0,20,1.0,en,0.0
0,21,26,269,1.0,,1.0,,0,,en,1.0
0,10,25,213,1.0,,1.0,,0,,en,1.0
533,71,1096,187,1.0,,1.0,,0,,en,0.0
6605,574,17250,85,,,1.0,18000.0,6,1.0,en,0.0
196,527,1975,1778,,,1.0,-18000.0,15,,en,0.0
0,15,28,394,1.0,,1.0,,0,,en,1.0
441,321,3496,95,1.0,,1.0,-14400.0,0,,en,0.0
0,20,27,359,1.0,,1.0,,0,,en,1.0
0,3,18,218,1.0,,1.0,,0,,en,1.0
0,20,159,641,,,1.0,-21600.0,0,,es,1.0
0,17,30,318,1.0,,1.0,,0,,en,1.0
0,5,30,410,1.0,,1.0,-16200.0,1,1.0,es,1.0
20847,28726,232546,110,,,1.0,-18000.0,247,1.0,en-gb,0.0
0,6,9,225,1.0,,1.0,,0,,en,1.0
0,21,14,214,1.0,,1.0,,0,,en,1.0
0,11,20,226,1.0,,1.0,,0,,en,1.0
1,16,16,228,1.0,,1.0,,0,,en,1.0
0,12,21,211,1.0,,1.0,,0,,en,1.0
0,13,23,223,1.0,,1.0,,0,,en,1.0
0,14,16,249,1.0,,1.0,,0,,en,1.0
0,3,34,266,1.0,,1.0,,0,,en,1.0
272,139,1034,472,,,1.0,-18000.0,5,,en,0.0
0,10,16,194,1.0,,1.0,,0,,en,1.0
5593,10885,13578,1529,1.0,,1.0,-18000.0,622,1.0,en,0.0
0,10,18,220,1.0,,1.0,,0,,en,1.0
958,328,8017,330,,,1.0,-18000.0,1,,en,0.0
207,238,2064,247,,,1.0,-25200.0,0,1.0,en,0.0
0,8,16,262,1.0,,1.0,,0,,en,1.0
0,5,7,520,1.0,,1.0,,0,,en,1.0
0,15,17,312,1.0,,1.0,,0,,en,1.0
0,14,13,179,1.0,,1.0,,0,,en,1.0
1128,713,14197,932,1.0,,1.0,28800.0,9,,en,0.0
26,103,2499,460,,,1.0,43200.0,9,,en,0.0
4046,2008,6275,1462,,,1.0,28800.0,0,1.0,en,0.0
0,7,2,427,1.0,,1.0,0.0,0,1.0,es,1.0
17990,2565,12565,226,,,,10800.0,7,,en-gb,0.0
0,3,15,459,1.0,,1.0,-21600.0,0,1.0,en,1.0
0,13,0,633,,,1.0,-10800.0,0,,pt,1.0
0,4,1,25,1.0,,1.0,,0,,en,1.0
1092,1190,2418,355,,,1.0,28800.0,11,,en,0.0
4151,589,8467,517,,,1.0,28800.0,19,,en,0.0
0,33,80,852,1.0,,1.0,,0,,en,1.0
837,1050,10963,348,1.0,,1.0,-25200.0,4,1.0,en,0.0
4629,180,14086,152,1.0,,1.0,28800.0,2,1.0,en,0.0
20,17,63,105,,,,,2,,zh-tw,0.0
0,15,26,274,1.0,,1.0,,0,,en,1.0
0,20,40,498,1.0,,1.0,,0,,en,1.0
1405,236,4539,504,,,1.0,19800.0,3,1.0,en,0.0
0,17,5,609,1.0,,1.0,,0,,en,1.0
4319,245,5844,310,,,1.0,19800.0,13,,en,0.0
8,9,97,508,,,1.0,-18000.0,0,1.0,es,1.0
0,18,54,400,1.0,,1.0,,0,,en,1.0
0,27,18,556,1.0,,1.0,,0,,fr,1.0
1432,189,8054,619,,,1.0,19800.0,2,,en,0.0
0,8,35,262,1.0,,1.0,,0,,en,1.0
50,244,1629,142,,,1.0,19800.0,5,,en,0.0
305,1045,27337,106,,,1.0,-25200.0,19,,en,0.0
0,1,2,26,1.0,,1.0,,0,,en,1.0
0,22,22,258,1.0,,1.0,,0,,en,1.0
1844,803,14577,483,,,,3600.0,9,1.0,en-gb,0.0
0,23,58,603,1.0,,1.0,,0,,en,1.0
9,6,69,525,1.0,,1.0,,0,,en,1.0
270,31,342,119,1.0,,1.0,,0,1.0,en,0.0
0,11,24,200,1.0,,1.0,,0,,en,1.0
0,17,15,601,,,1.0,-18000.0,0,,es,1.0
0,9,21,228,1.0,,1.0,,0,,en,1.0
4,12,58,681,,,1.0,28800.0,0,,en,1.0
1011,608,19643,483,,,1.0,-18000.0,18,1.0,en,0.0
0,12,32,308,1.0,,1.0,,0,,en,1.0
0,1,4,24,1.0,,1.0,,0,,en,1.0
4,148,183,338,,,1.0,32400.0,4,,ja,0.0
864,1527,25007,1901,,,1.0,-25200.0,24,,en,0.0
0,5,0,653,1.0,,1.0,-21600.0,0,,es,1.0
1192,15,2883,14,1.0,,1.0,,0,,en,0.0
40,22,204,146,1.0,,1.0,,0,1.0,en,0.0
11741,5730,6793,4331,,,1.0,-14400.0,33,,en,0.0
0,12,25,245,1.0,,1.0,,0,,en,1.0
0,11,7,353,1.0,,1.0,,0,,es,1.0
0,11,15,213,1.0,,1.0,,0,,en,1.0
0,26,39,360,1.0,,1.0,,0,,en,1.0
2612,66,9067,94,,,1.0,,0,,en,0.0
1,41,381,570,,,1.0,-16200.0,1,,es,1.0
42,2834,5352,2003,,,1.0,-14400.0,56,1.0,en,0.0
0,2,0,449,,,1.0,,0,,es,1.0
9286,723,8263,836,,,1.0,-18000.0,0,,en,0.0
656,34,811,351,1.0,,1.0,,0,,en,0.0
10351,1986,147109,1064,,,1.0,-18000.0,5,1.0,en,0.0
14198,557,10215,998,,,1.0,18000.0,14,1.0,en,0.0
1420,376,8684,233,,,,-25200.0,2,1.0,en,0.0
10172,1458,13579,1548,,,1.0,-28800.0,70,,en,0.0
3394,302,3737,223,1.0,,1.0,-14400.0,0,1.0,en,0.0
0,17,53,452,1.0,,1.0,,0,,en,1.0
0,15,76,651,1.0,,1.0,,0,,en,1.0
0,23,51,584,1.0,,1.0,,0,,en,1.0
4234,264,5697,120,,,1.0,,0,1.0,en,0.0
0,13,20,228,1.0,,1.0,,0,,en,1.0
0,13,21,226,1.0,,1.0,,0,,en,1.0
0,12,20,465,,,1.0,-18000.0,0,,es,1.0
0,23,32,284,1.0,,1.0,,0,,en,1.0
0,22,57,623,1.0,,1.0,,0,,en,1.0
416,45,1329,56,,,1.0,,0,,en,0.0
1697,81,944,92,1.0,,1.0,,0,,en,0.0
0,131,2188,791,,,1.0,-10800.0,1,1.0,en,1.0
7452,1136,44367,382,,,1.0,-25200.0,2,1.0,en,0.0
2222,91,2205,187,1.0,,1.0,,0,1.0,en,0.0
1466,132,1468,221,,,1.0,-14400.0,0,,en,0.0
0,18,51,535,1.0,,1.0,,0,,en,1.0
0,8,27,219,1.0,,1.0,,0,,en,1.0
0,12,18,173,1.0,,1.0,,0,,en,1.0
56683,717,54336,638,,,1.0,-25200.0,0,,en,0.0
43723,1813,46768,320,1.0,,1.0,,5,1.0,en,0.0
2439,315,19221,285,,,1.0,-18000.0,2,1.0,en,0.0
0,11,19,221,1.0,,1.0,,0,,en,1.0
0,14,2,445,1.0,,1.0,,0,,es,1.0
28953,1653,4025,1879,1.0,,1.0,,2,1.0,en,0.0
0,7,4,583,1.0,,1.0,,0,,pt,1.0
1951,447,8582,426,,,1.0,-18000.0,2,1.0,en,0.0
0,9,12,197,1.0,,1.0,,0,,en,1.0
0,12,15,212,1.0,,1.0,,0,,en,1.0
16146,646,35972,604,,,1.0,-10800.0,4,1.0,en,0.0
0,20,24,250,1.0,,1.0,,0,,en,1.0
82,34,950,73,1.0,,1.0,,1,1.0,en,0.0
365,218,716,236,1.0,,1.0,,0,,en,0.0
5258,697,13634,103,,,1.0,19800.0,30,1.0,en,0.0
671,310,58,1927,,,1.0,3600.0,3,1.0,es,1.0
0,133,224,1258,,,1.0,-10800.0,1,,pt,1.0
0,9,14,186,1.0,,1.0,,0,,en,1.0
4558,1712,78397,1009,,,,-28800.0,10,1.0,en,0.0
0,9,4,564,1.0,,1.0,,0,,pt,1.0
4683,2551,6070,1294,,,1.0,-25200.0,6,1.0,en,0.0
1631,151,3398,102,1.0,,1.0,,0,,en,0.0
55,331,9084,774,1.0,,1.0,,2,,en,0.0
2957,177,31522,127,,,1.0,-14400.0,3,1.0,en,0.0
0,11,29,293,1.0,,1.0,,0,,en,1.0
0,20,33,348,1.0,,1.0,,0,,en,1.0
0,9,9,450,,,1.0,-14400.0,0,,pt,1.0
218,141,5458,209,,,1.0,-36000.0,11,1.0,en,0.0
0,3,2,616,1.0,,1.0,-36000.0,0,,es,1.0
269,226,333,227,,,,,0,,en,0.0
0,2,0,334,1.0,,1.0,0.0,1,1.0,en,1.0
1076,669,2572,648,1.0,,1.0,,1,1.0,en,0.0
0,11,16,266,1.0,,1.0,,0,,en,1.0
5322,104,3565,136,,,1.0,-21600.0,8,,en,0.0
0,6,5,365,,,1.0,-10800.0,0,,es,1.0
5263,351,1429,360,1.0,,1.0,,4,,en,0.0
1187,439,9209,564,,,1.0,-25200.0,23,1.0,en,0.0
73,37,791,54,1.0,,1.0,,0,,en,0.0
1908,177,9734,77,1.0,,1.0,32400.0,8,1.0,en,0.0
0,17,14,366,1.0,,1.0,-14400.0,0,,pt,1.0
1,9,5,556,1.0,,1.0,,0,,en,1.0
2,53,1183,546,,,1.0,-10800.0,13,,en,1.0
0,12,23,264,1.0,,1.0,,0,,en,1.0
0,7,19,213,1.0,,1.0,,0,,en,1.0
287,129,449,163,1.0,,1.0,,0,1.0,en,0.0
3712,495,19236,516,,,1.0,-18000.0,10,1.0,en,0.0
313,39,256,75,,,1.0,10800.0,0,1.0,en,0.0
103,393,4893,1287,1.0,,1.0,7200.0,1,,en,1.0
0,10,25,469,1.0,,1.0,,0,,en,1.0
0,9,17,247,1.0,,1.0,,0,,en,1.0
8751,1228,21570,132,,,1.0,-18000.0,14,1.0,en,0.0
0,11,0,620,,,1.0,,0,,es,1.0
0,10,13,179,1.0,,1.0,,0,,en,1.0
0,13,22,212,1.0,,1.0,,0,,en,1.0
610,672,8058,717,1.0,,1.0,-18000.0,4,1.0,en,0.0
1,11,7,429,1.0,,1.0,10800.0,0,,en,1.0
186,177,443,167,1.0,,1.0,,0,1.0,en,0.0
10042,344,11711,383,1.0,,1.0,-14400.0,4,1.0,en,0.0
0,19,20,257,1.0,,1.0,,0,,en,1.0
112,66,96,1024,,1.0,1.0,-25200.0,1,,en,0.0
0,7,18,229,1.0,,1.0,,0,,en,1.0
9220,1575,84124,1601,,,,-10800.0,21,,en,0.0
0,23,0,531,1.0,,1.0,,0,,pt,1.0
3908,156,3551,200,1.0,,1.0,,0,1.0,en,0.0
25,120,523,137,,,1.0,19800.0,2,1.0,en,0.0
0,8,18,218,1.0,,1.0,,0,,en,1.0
0,22,58,585,1.0,,1.0,,0,,en,1.0
0,14,20,201,1.0,,1.0,,0,,en,1.0
318,557,32334,349,,,1.0,19800.0,14,1.0,en,0.0
60,82,3796,88,1.0,,1.0,28800.0,1,,en,0.0
0,24,54,672,1.0,,1.0,,0,,en,1.0
3590,1667,7739,1508,,,,7200.0,40,1.0,es,0.0
2634,253,10467,110,,,1.0,-18000.0,2,1.0,en-gb,0.0
51,131,227,322,1.0,,1.0,,0,,en,0.0
319,1846,1849,776,,,,-36000.0,65,1.0,en,0.0
0,12,18,209,1.0,,1.0,,0,,en,1.0
0,19,56,599,1.0,,1.0,,0,,en,1.0
0,16,49,559,1.0,,1.0,,0,,en,1.0
0,21,37,336,1.0,,1.0,,0,,en,1.0
0,17,32,315,1.0,,1.0,,0,,en,1.0
0,23,29,306,1.0,,1.0,,0,,en,1.0
122,70,477,100,,,1.0,,1,,en,0.0
0,36,336,520,,,1.0,-14400.0,0,,pt,1.0
0,14,0,1008,1.0,,1.0,,0,,en,1.0
0,8,13,168,1.0,,1.0,,0,,en,1.0
0,6,17,203,1.0,,1.0,,0,,en,1.0
121,81,2824,228,,,,18000.0,1,,en,0.0
17,11,607,8,1.0,,1.0,,0,,en,0.0
19,68,486,728,1.0,,1.0,43200.0,1,1.0,en,1.0
10832,361,3361,670,1.0,,1.0,-25200.0,1,1.0,en,0.0
0,8,23,198,1.0,,1.0,,0,,en,1.0
1,11,22,239,1.0,,1.0,,0,,en,1.0
0,7,16,217,1.0,,1.0,,0,,en,1.0
1,20,58,607,1.0,,1.0,,0,,en,1.0
1,14,36,303,1.0,,1.0,,0,,en,1.0
0,12,25,260,1.0,,1.0,,0,,en,1.0
714,2810,21794,199,,,1.0,-25200.0,1,1.0,en,0.0
971,140,1784,159,,,1.0,-14400.0,0,1.0,en,0.0
9,5,292,554,1.0,,1.0,,0,,en,1.0
256,7816,4840,1749,1.0,,1.0,32400.0,290,,en,0.0
0,11,21,218,1.0,,1.0,,0,,en,1.0
23829,413,3150,412,1.0,,1.0,-14400.0,3,1.0,en,0.0
63837,1034,10122,869,,,1.0,-25200.0,1,1.0,en,0.0
0,14,10,638,,,1.0,-14400.0,0,,es,1.0
0,4,553,573,,,1.0,14400.0,0,1.0,en,1.0
0,19,44,404,1.0,,1.0,,0,,en,1.0
3681,213,15921,212,,,1.0,28800.0,1,1.0,en,0.0
0,17,29,252,1.0,,1.0,,0,,en,1.0
0,16,31,338,1.0,,1.0,,0,,en,1.0
9211,249,3858,289,1.0,,1.0,-25200.0,0,1.0,en,0.0
489,442,7201,177,,,1.0,36000.0,37,,en,0.0
0,0,1,11,1.0,,1.0,,0,,en,1.0
0,27,53,625,1.0,,1.0,,0,,en,1.0
56,151,3651,550,1.0,,1.0,-18000.0,2,,en,0.0
0,13,12,212,1.0,,1.0,,0,,en,1.0
0,19,29,313,1.0,,1.0,,0,,en,1.0
0,16,38,515,1.0,,1.0,,0,,en,1.0
0,0,5,41,1.0,,1.0,,0,,en,1.0
0,13,23,227,1.0,,1.0,,0,,en,1.0
0,0,1,34,1.0,,1.0,,0,,en,1.0
45,32,8165,7,1.0,,1.0,,2,,en,0.0
0,13,27,275,1.0,,1.0,,0,,en,1.0
0,2,4,43,1.0,,1.0,,0,,en,1.0
0,4,2,375,,,1.0,-28800.0,0,,en,1.0
3730,581,4605,316,,,,-18000.0,0,1.0,en,0.0
0,6,15,197,1.0,,1.0,,0,,en,1.0
259,66,4032,162,,,1.0,28800.0,0,1.0,en,0.0
785,162,26220,258,,,1.0,7200.0,3,1.0,de,0.0
0,6,10,573,1.0,,1.0,,0,,en,1.0
0,6,13,393,1.0,,1.0,-10800.0,0,,es,1.0
0,20,53,518,1.0,,1.0,,0,,en,1.0
618,75,6365,142,,,,28800.0,5,1.0,en,0.0
1012,341,6705,185,,,,-14400.0,4,,en,0.0
25542,7841,36869,89,,,1.0,19800.0,9,,en,0.0
0,12,21,258,1.0,,1.0,,0,,en,1.0
7654,458,5814,241,,,1.0,-14400.0,0,1.0,en,0.0
536,250,2108,422,,,,36000.0,1,1.0,en,0.0
0,9,30,264,1.0,,1.0,,0,,en,1.0
320,187,6601,164,,,1.0,-14400.0,4,,en,0.0
0,3,2,36,1.0,,1.0,,0,,en,1.0
2975,552,26478,427,,,1.0,-28800.0,0,1.0,en,0.0
199,67,2599,157,1.0,,1.0,,0,1.0,en,0.0
0,19,42,473,1.0,,1.0,,0,,en,1.0
756,293,2590,818,,,1.0,,1,1.0,en,0.0
70,168,781,490,,,1.0,10800.0,0,1.0,en,0.0
0,21,22,279,1.0,,1.0,,0,,en,1.0
0,16,28,288,1.0,,1.0,,0,,en,1.0
4497,1030,9545,1258,1.0,,1.0,,0,1.0,en,0.0
1,16,739,542,,,1.0,14400.0,0,1.0,en,1.0
2581,1239,85783,338,,,1.0,-28800.0,6,1.0,en,0.0
12821,199,20326,67,,,,7200.0,1,1.0,de,0.0
0,5,9,218,1.0,,1.0,,0,,en,1.0
2650,253,7469,541,,,1.0,-25200.0,4,1.0,en,0.0
0,10,2,416,,,1.0,-21600.0,1,,es,1.0
1929,352,1127,994,1.0,,1.0,,2,,en,0.0
0,22,64,624,1.0,,1.0,,0,,en,1.0
0,5,18,208,1.0,,1.0,,0,,en,1.0
14152,450,72357,137,,,1.0,28800.0,6,1.0,en,0.0
0,13,14,195,1.0,,1.0,,0,,en,1.0
0,11,28,187,1.0,,1.0,,0,,en,1.0
0,6,14,224,1.0,,1.0,,0,,en,1.0
0,9,29,221,1.0,,1.0,,0,,en,1.0
0,42,42,923,,,1.0,-32400.0,1,,en,1.0
0,14,23,259,1.0,,1.0,,0,,en,1.0
0,7,14,188,1.0,,1.0,,0,,en,1.0
0,12,26,253,1.0,,1.0,,0,,en,1.0
2657,647,51977,631,,,,28800.0,9,1.0,en,0.0
18399,351,32124,941,1.0,,1.0,,18,1.0,en,0.0
0,28,60,579,1.0,,1.0,,0,,en,1.0
3,10,8,577,1.0,,1.0,,0,,es,1.0
0,12,19,228,1.0,,1.0,,0,,en,1.0
0,10,23,230,1.0,,1.0,,0,,en,1.0
0,12,23,214,1.0,,1.0,,0,,en,1.0
3499,2880,106773,1049,,,1.0,-25200.0,19,1.0,en,0.0
185,114,251,164,,,1.0,46800.0,0,1.0,en,0.0
295,683,21651,97,,,1.0,10800.0,55,1.0,en,0.0
147,116,4905,275,,,1.0,28800.0,0,1.0,en,0.0
16,7,56,553,,,1.0,,0,,ru,1.0
3576,1234,11816,532,,,1.0,-18000.0,95,,en,0.0
32113,6050,41550,2914,,,1.0,-25200.0,93,1.0,en,0.0
4376,196,5400,333,1.0,,1.0,,1,1.0,en,0.0
0,9,20,213,1.0,,1.0,,0,,en,1.0
1915,247,6877,838,,,,-14400.0,3,,en,0.0
1277,808,11007,661,1.0,,1.0,,1,1.0,en,0.0
0,11,17,224,1.0,,1.0,,0,,en,1.0
0,7,22,192,1.0,,1.0,,0,,en,1.0
0,11,17,205,1.0,,1.0,,0,,en,1.0
466,242,17282,139,,,1.0,7200.0,16,1.0,en,0.0
0,7,25,209,1.0,,1.0,,0,,en,1.0
3870,2042,9095,1733,,,1.0,-18000.0,65,1.0,en,0.0
142,58,2285,138,,,1.0,-25200.0,4,1.0,en,0.0
0,2,1,26,1.0,,1.0,,0,,en,1.0
79,67,1550,88,,,1.0,28800.0,0,,en,0.0
27,4,159,565,,,1.0,,0,,pt,1.0
4740,134,4264,240,1.0,,1.0,,0,1.0,en,0.0
0,6,28,190,1.0,,1.0,,0,,en,1.0
4476,478,11662,469,,,1.0,-25200.0,8,1.0,en,0.0
2,18,67,216,1.0,,1.0,-36000.0,0,1.0,en,0.0
0,31,54,599,1.0,,1.0,,0,,en,1.0
6529,211,22837,700,,,1.0,-14400.0,8,1.0,es,0.0
1,10,9,188,1.0,,1.0,,0,,en,1.0
1387,259,19172,420,,,1.0,,51,1.0,en,0.0
7795,458,15656,414,,,1.0,-25200.0,1,1.0,en,0.0
34,493,25819,595,,,1.0,-18000.0,10,1.0,es,0.0
2722,220,3087,214,,,1.0,-36000.0,5,1.0,es,0.0
34966,8304,95364,100,,,1.0,-10800.0,146,,en,0.0
124,10,57,21,,,,43200.0,0,,Select Language...,0.0
44,572,2187,398,1.0,,1.0,7200.0,28,,en,0.0
6411,1368,26290,1433,,,1.0,28800.0,4,1.0,en,0.0
29,404,17879,396,1.0,,1.0,,1,,en,0.0
1412,175,2505,58,,,1.0,-18000.0,4,1.0,es,0.0
0,9,21,199,1.0,,1.0,,0,,en,1.0
844,334,7773,238,,,1.0,-14400.0,0,1.0,en,0.0
0,8,6,975,1.0,,1.0,,0,,en,1.0
5599,1243,32704,917,,,1.0,10800.0,59,1.0,en,0.0
0,0,1,17,1.0,,1.0,,0,,en,1.0
928,457,9407,232,,,1.0,-36000.0,3,1.0,en,0.0
0,10,23,263,1.0,,1.0,,0,,en,1.0
0,20,58,524,1.0,,1.0,,0,,en,1.0
0,16,35,334,1.0,,1.0,,0,,en,1.0
0,9,19,176,1.0,,1.0,,0,,en,1.0
0,15,22,219,1.0,,1.0,,0,,en,1.0
523,358,4809,315,,,1.0,-25200.0,22,,en,0.0
0,21,14,160,1.0,,1.0,28800.0,0,,en,1.0
2,112,116,618,,,1.0,-18000.0,0,,en,1.0
4165,171,6089,169,,,1.0,-25200.0,0,1.0,en,0.0
0,4,0,228,1.0,,1.0,,0,,ar,1.0
914,78,3492,102,1.0,,1.0,,2,1.0,en,0.0
35,69,6882,35,,,1.0,28800.0,3,,en,0.0
0,7,19,210,1.0,,1.0,,0,,en,1.0
597,57,656,693,1.0,,1.0,,0,,en,1.0
373,939,4306,1983,,,1.0,7200.0,51,1.0,es,0.0
0,22,66,637,1.0,,1.0,,0,,en,1.0
3239,644,54130,273,,,1.0,7200.0,11,1.0,en,0.0
560,229,1618,295,,,1.0,-25200.0,0,1.0,en,0.0
2,15,18,216,1.0,,1.0,,0,,en,1.0
0,11,15,236,1.0,,1.0,,0,,en,1.0
0,2,1,522,1.0,,1.0,,0,,en,1.0
192,405,1430,584,1.0,,1.0,28800.0,6,,en,0.0
11034,816,55738,638,,,1.0,-28800.0,4,1.0,en,0.0
0,7,22,217,1.0,,1.0,,0,,en,1.0
1230,33,1184,82,,,,,6,1.0,en,0.0
0,8,17,172,1.0,,1.0,,0,,en,1.0
0,25,56,522,1.0,,1.0,,0,,en,1.0
0,21,63,782,1.0,,1.0,,0,,en,1.0
74,284,4350,707,,,1.0,-25200.0,4,1.0,en,0.0
1,8,22,238,1.0,,1.0,,0,,en,1.0
777,1745,1952,1997,1.0,,1.0,,30,1.0,en,0.0
0,68,48,582,,,1.0,-28800.0,0,,en,1.0
10006,2143,21801,666,,,1.0,-39600.0,3,1.0,en,0.0
13544,699,25167,359,,,1.0,-25200.0,36,1.0,en,0.0
0,8,23,236,1.0,,1.0,,0,,en,1.0
63,1331,5297,1943,,,1.0,-21600.0,44,1.0,en,0.0
0,8,6,528,1.0,,1.0,,0,,en,1.0
0,12,18,192,1.0,,1.0,,0,,en,1.0
1037,132,10161,621,,,1.0,-18000.0,1,1.0,en,0.0
13916,347,7654,67,,,1.0,10800.0,0,,tr,0.0
841,318,2102,523,,,1.0,-28800.0,1,1.0,en,0.0
32,820,708,491,,,1.0,-14400.0,39,,en,0.0
0,13,29,246,1.0,,1.0,,0,,en,1.0
0,11,24,225,1.0,,1.0,,0,,en,1.0
16,236,626,300,,,1.0,7200.0,4,,en,0.0
0,11,24,257,1.0,,1.0,,0,,en,1.0
0,16,112,420,1.0,,1.0,,0,,en,1.0
0,25,37,323,1.0,,1.0,,0,,en,1.0
11,4,33,531,1.0,,1.0,,0,,en,1.0
2722,116,3438,126,,,1.0,-7200.0,2,,es,0.0
16018,585,40078,262,,,1.0,-14400.0,1,1.0,en,0.0
0,20,32,287,1.0,,1.0,,0,,en,1.0
185,19,331,104,,,1.0,19800.0,4,1.0,en,0.0
204,605,3157,94,,,1.0,28800.0,1,1.0,en,0.0
0,22,48,568,1.0,,1.0,,0,,en,1.0
780,26,1396,300,1.0,,1.0,,0,,en,0.0
1185,136,363,921,1.0,,1.0,-25200.0,1,1.0,en,0.0
91458,1357,94113,520,,,1.0,-18000.0,17,1.0,en,0.0
0,9,23,285,1.0,,1.0,,0,,en,1.0
0,22,50,453,1.0,,1.0,,0,,en,1.0
12075,422,36093,326,,,1.0,7200.0,7,,es,0.0
0,8,22,185,1.0,,1.0,,0,,en,1.0
4730,980,33023,491,,,1.0,-21600.0,6,,en,0.0
13651,578,10924,185,,,1.0,,13,,en,0.0
111,844,1410,1416,,,1.0,-25200.0,24,,en,0.0
0,9,18,208,1.0,,1.0,,0,,en,1.0
353,78,2426,268,1.0,,1.0,-18000.0,3,1.0,en,0.0
849,2031,35710,576,,,1.0,7200.0,277,1.0,en,0.0
3,141,286,1075,1.0,,1.0,-16200.0,0,1.0,es,1.0
1613,178,6585,564,,,1.0,7200.0,7,1.0,en-gb,0.0
0,22,39,595,1.0,,1.0,,0,,en,1.0
0,4,3,589,1.0,,1.0,,0,,es,1.0
0,8,1,550,1.0,,1.0,,0,,en,1.0
0,19,12,600,,,1.0,-28800.0,0,,en,1.0
0,10,10,425,,,1.0,,0,,en,1.0
0,17,32,325,1.0,,1.0,,0,,en,1.0
257,49,1116,80,,,1.0,10800.0,0,1.0,es,0.0
0,22,35,372,1.0,,1.0,,0,,en,1.0
35,85,9040,144,,,1.0,-25200.0,5,,en,0.0
525,331,1126,647,,,1.0,28800.0,0,1.0,en,0.0
0,10,1,539,1.0,,1.0,,0,,pt,1.0
0,10,19,210,1.0,,1.0,,0,,en,1.0
0,18,31,270,1.0,,1.0,,0,,en,1.0
4232,2488,9011,82,1.0,,1.0,43200.0,22,,en,0.0
14448,361,14449,278,,,1.0,-25200.0,0,1.0,en,0.0
8443,406,2581,401,1.0,,1.0,,0,1.0,en,0.0
35829,11043,73477,8067,,,1.0,-25200.0,105,,en,0.0
0,23,39,373,1.0,,1.0,,0,,en,1.0
809,11,386,112,,,,,0,1.0,zh-tw,0.0
136,182,1203,117,,,1.0,28800.0,0,1.0,en,0.0
0,25,41,367,1.0,,1.0,,0,,en,1.0
1283,35,1444,390,,,1.0,,0,,en,1.0
339,232,5090,492,,,1.0,,2,1.0,en,0.0
5199,1671,16838,1668,,,1.0,-18000.0,49,,en,0.0
2447,2044,36161,1740,,,1.0,19800.0,56,1.0,en,0.0
225,162,936,153,1.0,,1.0,,0,,en,0.0
0,14,22,231,1.0,,1.0,,0,,en,1.0
1,8,15,478,,,1.0,,0,,en,1.0
1065,113,493,81,,,1.0,-25200.0,0,1.0,en,0.0
0,13,21,225,1.0,,1.0,,0,,en,1.0
0,10,19,238,1.0,,1.0,,0,,en,1.0
16766,628,20732,376,1.0,,1.0,,0,,en,0.0
10578,238,3371,712,,,,28800.0,0,1.0,en,0.0
4,19,1,446,1.0,,1.0,,0,,en,1.0
0,8,24,215,1.0,,1.0,,0,,en,1.0
0,49,58,593,,,1.0,-10800.0,0,,pt,1.0
3769,645,7936,224,1.0,,1.0,-25200.0,0,1.0,en,0.0
0,20,30,313,1.0,,1.0,,0,,en,1.0
0,16,352,396,,,1.0,0.0,0,,en,1.0
70,128,1243,345,1.0,,1.0,-18000.0,3,1.0,en,0.0
14,2,51,585,,,1.0,,0,,ru,1.0
6157,349,20758,1487,1.0,,1.0,-25200.0,8,,en,0.0
4636,254,15740,250,,,1.0,-25200.0,1,1.0,en,0.0
408,631,21207,213,,,1.0,19800.0,12,1.0,en,0.0
2313,592,49648,392,,,1.0,-18000.0,2,1.0,en,0.0
6643,877,46114,655,,,1.0,-18000.0,5,1.0,en,0.0
5434,1339,24109,483,,,1.0,-21600.0,0,1.0,en,0.0
0,10,35,293,1.0,,1.0,,0,,en,1.0
0,21,32,289,1.0,,1.0,,0,,en,1.0
0,19,26,323,1.0,,1.0,,0,,en,1.0
720,197,11984,303,,,1.0,28800.0,4,1.0,en,0.0
0,15,32,256,1.0,,1.0,,0,,en,1.0
404,308,9890,555,1.0,,1.0,28800.0,3,1.0,en,0.0
330,1878,87311,1882,,,1.0,25200.0,17,1.0,en,0.0
0,1,17,144,1.0,,1.0,-10800.0,0,,fr,1.0
910,33,771,59,,,1.0,18000.0,1,,en,0.0
0,21,60,635,1.0,,1.0,,0,,en,1.0
2,5,19,223,1.0,,1.0,,0,,en,1.0
7,21,30,556,1.0,,1.0,,0,,en,1.0
224,242,3048,817,,,1.0,-21600.0,0,1.0,es,1.0
4304,561,5852,1433,1.0,,1.0,43200.0,4,1.0,en,0.0
0,1,2,20,1.0,,1.0,,0,,en,1.0
5576,582,9846,64,,,1.0,18000.0,1,,en,0.0
0,16,63,637,1.0,,1.0,,0,,en,1.0
0,10,22,268,1.0,,1.0,,0,,en,1.0
14,16,151,601,1.0,,1.0,,0,,en,1.0
0,20,35,309,1.0,,1.0,,0,,en,1.0
0,0,4,40,1.0,,1.0,,0,,en,1.0
2584,218,5121,522,1.0,,1.0,,2,,en,0.0
16625,639,85215,38,,,1.0,-25200.0,6,1.0,en,0.0
9190,1164,22878,1906,,,1.0,,8,1.0,en,0.0
0,12,24,285,1.0,,1.0,,0,,en,1.0
1789,300,9181,459,1.0,,1.0,,0,1.0,ja,0.0
59,350,4438,411,1.0,,1.0,,3,,en,0.0
0,22,2,412,,,1.0,-10800.0,1,1.0,es,1.0
0,10,9,434,,,1.0,,0,,en,1.0
370,212,977,400,1.0,,1.0,,0,1.0,en,0.0
2,14,21,183,1.0,,1.0,,0,,en,1.0
0,22,51,672,1.0,,1.0,,0,,en,1.0
1613,284,2313,282,,,1.0,28800.0,0,1.0,en,0.0
196,113,7511,97,,,1.0,-25200.0,6,,en,0.0
7269,237,2754,439,,,,-25200.0,1,1.0,en,0.0
0,8,14,178,1.0,,1.0,,0,,en,1.0
36,274,7198,481,1.0,,1.0,28800.0,10,1.0,en,0.0
8327,367,13009,245,,,1.0,-10800.0,13,,en,0.0
14,10,54,91,1.0,,1.0,,0,,en,0.0
0,20,71,528,1.0,,1.0,,0,,en,1.0
10964,480,35802,369,,,1.0,,3,,en,0.0
1,8,28,268,1.0,,1.0,,0,,en,1.0
2675,1582,4242,1500,,,1.0,28800.0,2,1.0,en,0.0
415,243,5471,304,,,1.0,-25200.0,4,1.0,en,0.0
0,9,16,221,1.0,,1.0,,0,,en,1.0
0,10,23,191,1.0,,1.0,,0,,en,1.0
390,479,2308,652,,,1.0,19800.0,21,1.0,en,0.0
1077,398,2235,319,,,1.0,-18000.0,10,1.0,en,0.0
57,82,1797,579,,,1.0,-18000.0,2,,en,0.0
275,27,277,154,1.0,,1.0,,2,,en,0.0
869,599,1127,901,,,1.0,-18000.0,5,,en,0.0
5203,2223,53939,69,,,,,9,,en,0.0
76,1894,1302,2012,,,1.0,-25200.0,101,,en,0.0
0,4,20,199,1.0,,1.0,,0,,en,1.0
448,763,1043,2004,1.0,,1.0,,1,,en,0.0
1416,566,3683,542,,,1.0,-18000.0,0,,en,0.0
819,267,2770,583,,,1.0,18000.0,1,1.0,en,0.0
517,258,905,206,1.0,,1.0,,0,1.0,en,0.0
107,3577,41598,774,,,1.0,-14400.0,19,1.0,en,0.0
0,13,23,220,1.0,,1.0,,0,,en,1.0
0,15,3,413,1.0,,1.0,,0,1.0,es,1.0
0,18,23,284,1.0,,1.0,,0,,en,1.0
5806,428,9625,394,1.0,,1.0,,0,1.0,en,0.0
111,236,6890,331,,,1.0,-25200.0,1,,en,0.0
0,14,34,319,1.0,,1.0,,0,,en,1.0
7282,2418,32407,2465,,,1.0,-18000.0,90,1.0,en,0.0
19715,214,7629,101,,,1.0,28800.0,9,,zh-tw,0.0
0,10,16,211,1.0,,1.0,,0,,en,1.0
147,221,1814,78,1.0,,1.0,,2,1.0,en,0.0
7344,982,9601,1026,,,1.0,28800.0,1,1.0,en,0.0
210,139,560,278,,,1.0,,4,1.0,en,0.0
24587,10960,107153,2638,,,1.0,28800.0,101,1.0,en,0.0
2451,552,7836,373,1.0,,1.0,-14400.0,0,,en,0.0
0,1,3,38,1.0,,1.0,,0,,en,1.0
2587,323,19549,204,1.0,,1.0,-28800.0,4,,en,0.0
1312,513,6497,968,,,1.0,-14400.0,0,1.0,en,0.0
0,8,19,208,1.0,,1.0,,0,,en,1.0
0,1,1,32,1.0,,1.0,,0,,en,1.0
402,124,2416,161,,,,-25200.0,0,,en,0.0
6313,384,9747,489,,,1.0,-25200.0,2,1.0,en,0.0
0,16,26,277,1.0,,1.0,,0,,en,1.0
455,15936,16600,2786,,,1.0,-18000.0,2,1.0,en,0.0
0,37,61,726,1.0,,1.0,,0,,en,1.0
0,15,20,253,1.0,,1.0,,0,,en,1.0
55,227,563,129,,,1.0,-18000.0,10,,en,0.0
2169,679,28920,319,,,1.0,7200.0,3,1.0,en,0.0
0,15,28,270,1.0,,1.0,,0,,en,1.0
0,16,61,688,1.0,,1.0,,0,,en,1.0
65,497,11834,825,,,1.0,-18000.0,6,,en,0.0
278,42,116,173,,,1.0,28800.0,0,1.0,en,0.0
0,23,80,589,1.0,,1.0,,0,,en,1.0
0,9,19,205,1.0,,1.0,,0,,en,1.0
0,0,3,35,1.0,,1.0,,0,,en,1.0
1,14,17,558,,,1.0,36000.0,0,,en,1.0
0,12,22,226,1.0,,1.0,,0,,en,1.0
302,38,410,64,,,1.0,-25200.0,1,,en,0.0
0,15,40,338,1.0,,1.0,,0,,en,1.0
7840,112,7447,99,,,1.0,-25200.0,3,1.0,en,0.0
0,23,66,650,1.0,,1.0,,0,,en,1.0
2193,525,4321,561,,,1.0,-18000.0,3,,en,0.0
13,1,245,519,1.0,,1.0,,0,,ru,1.0
4271,1027,19176,446,,,1.0,43200.0,32,1.0,en,0.0
0,12,30,224,1.0,,1.0,,0,,en,1.0
0,17,24,316,1.0,,1.0,,0,,en,1.0
1389,3029,3395,1569,1.0,,1.0,,2,1.0,en,0.0
0,7,22,230,1.0,,1.0,,0,,en,1.0
0,17,22,234,1.0,,1.0,,0,,en,1.0
0,14,20,202,1.0,,1.0,,0,,en,1.0
0,14,72,287,1.0,,1.0,,0,,es,1.0
7090,257,3849,240,1.0,,1.0,,0,,en,0.0
4751,484,5862,839,,,1.0,28800.0,1,1.0,en,0.0
13755,3837,32096,952,,,1.0,-18000.0,13,1.0,en,0.0
0,5,26,233,1.0,,1.0,,0,,en,1.0
326,132,11978,375,,,1.0,-18000.0,3,1.0,en,0.0
0,8,21,212,1.0,,1.0,,0,,en,1.0
9874,580,33724,677,,,1.0,-14400.0,0,1.0,en,0.0
18519,947,4529,806,1.0,,1.0,,0,1.0,en,0.0
214,102,6622,325,,,1.0,-14400.0,9,1.0,en,0.0
634,857,1473,803,,,1.0,28800.0,26,,en,0.0
36,370,462,548,1.0,,1.0,,1,1.0,nl,0.0
24,36,64,452,1.0,,1.0,,0,1.0,en,0.0
0,8,62,385,,,1.0,28800.0,0,,zh-cn,1.0
8603,354,9019,216,,,1.0,-18000.0,0,1.0,en,0.0
0,0,3,24,1.0,,1.0,,0,,en,1.0
2852,1276,11079,337,,,,-25200.0,53,,en,0.0
997,387,1728,1217,1.0,,1.0,19800.0,3,,en,0.0
0,6,0,560,1.0,,1.0,,0,,en,1.0
272,119,1599,145,,,1.0,-14400.0,4,1.0,en,0.0
4673,168,3979,364,,,1.0,-25200.0,4,1.0,en,0.0
0,7,21,246,1.0,,1.0,,0,,en,1.0
9746,411,21351,375,,,1.0,-18000.0,3,1.0,en,0.0
0,11,23,239,1.0,,1.0,,0,,en,1.0
239,910,101806,127,,,1.0,-10800.0,6,1.0,pt,0.0
0,15,17,205,1.0,,1.0,,0,,en,1.0
10609,455,2208,393,,,1.0,-25200.0,1,1.0,en,0.0
1,4,10,356,,,1.0,25200.0,0,,en,1.0
6212,791,11310,194,,,1.0,-14400.0,4,,en,0.0
5048,212,31247,143,,,1.0,-18000.0,4,1.0,en,0.0
0,9,17,183,1.0,,1.0,,0,,en,1.0
0,4,16,550,1.0,,1.0,0.0,0,,en,1.0
0,10,21,231,1.0,,1.0,,0,,en,1.0
0,19,58,499,1.0,,1.0,,0,,en,1.0
74767,4337,134254,471,,,1.0,-14400.0,27,1.0,en,0.0
0,20,38,365,1.0,,1.0,,0,,en,1.0
731,196,6074,369,,,1.0,3600.0,3,,en,0.0
9449,274,6961,203,,,1.0,-18000.0,2,1.0,en,0.0
9614,1723,17460,750,,,1.0,-18000.0,7,1.0,en,0.0
0,8,21,196,1.0,,1.0,,0,,en,1.0
350,2638,36754,459,,,1.0,10800.0,38,1.0,en,0.0
0,4,18,179,1.0,,1.0,,0,,en,1.0
0,6,22,215,1.0,,1.0,,0,,en,1.0
2,5,17,206,1.0,,1.0,,0,,en,1.0
107,152,16761,91,1.0,,1.0,,4,1.0,en,0.0
51,147,1316,151,1.0,,1.0,,0,,en,0.0
33353,2621,50832,1105,,,,43200.0,69,1.0,en,0.0
0,4,10,549,,,1.0,-14400.0,0,1.0,pt,1.0
0,27,61,782,1.0,,1.0,,0,,en,1.0
185467,11781,172402,12621,,,1.0,3600.0,135,1.0,en-gb,0.0
250,3226,51359,284,,,1.0,19800.0,51,1.0,en,0.0
9697,237,16899,198,,,1.0,-18000.0,0,1.0,en,0.0
0,18,35,314,1.0,,1.0,,0,,en,1.0
0,9,28,224,1.0,,1.0,,0,,en,1.0
0,16,45,438,1.0,,1.0,,0,,en,1.0
707,244,5279,275,1.0,,1.0,-18000.0,1,1.0,en,0.0
185,110,1474,98,,,1.0,3600.0,0,1.0,en,0.0
437,134,3239,288,,,1.0,-10800.0,0,1.0,en,0.0
2741,228,3409,342,1.0,,1.0,-18000.0,0,,en,0.0
0,12,19,201,1.0,,1.0,,0,,en,1.0
0,13,24,215,1.0,,1.0,,0,,en,1.0
9247,359,19289,229,,,1.0,-25200.0,0,1.0,en,0.0
9,2,61,20,1.0,1.0,1.0,,0,,en,0.0
11121,214,13741,374,,,1.0,-18000.0,3,1.0,en,0.0
471,221,6073,308,,,1.0,-18000.0,1,,en,0.0
19629,1808,129650,858,,,1.0,-14400.0,45,1.0,en,0.0
0,11,21,174,1.0,,1.0,,0,,en,1.0
3080,165,16007,142,,,,-25200.0,0,1.0,en,0.0
0,17,15,177,1.0,,1.0,,0,,en,1.0
6305,658,53506,82,,,1.0,10800.0,5,,en,0.0
0,8,16,190,1.0,,1.0,,0,,en,1.0
0,22,60,528,1.0,,1.0,,0,,en,1.0
8353,938,6478,878,,,1.0,28800.0,3,1.0,en,0.0
63,27,101,79,,,1.0,10800.0,0,,en,0.0
26323,1187,25639,434,,,1.0,-25200.0,4,1.0,en,0.0
0,14,26,305,1.0,,1.0,,0,,en,1.0
4334,1135,6389,1763,1.0,,1.0,-14400.0,1,1.0,en,0.0
310,149,8353,211,,,1.0,-25200.0,4,,en,0.0
0,2,3,29,1.0,,1.0,,0,,en,1.0
978,434,3338,448,,,1.0,-18000.0,0,1.0,en-gb,0.0
4,18,18,574,,,1.0,,0,1.0,en,1.0
2110,198,19960,288,,,1.0,18000.0,6,1.0,en,0.0
1381,73,2208,228,1.0,,1.0,,1,,en,0.0
533,89,633,330,1.0,,1.0,,0,,en,0.0
10431,6692,42079,4497,,,1.0,28800.0,75,1.0,en,0.0
7274,1978,55052,197,1.0,,1.0,-28800.0,7,1.0,en,0.0
0,35,58,665,1.0,,1.0,,0,,en,1.0
0,5,1,369,1.0,,1.0,,0,,en,1.0
0,13,24,219,1.0,,1.0,,0,,en,1.0
1530,592,246,41,1.0,,1.0,,6,1.0,en,0.0
0,7,20,197,1.0,,1.0,,0,,en,1.0
0,4,23,224,1.0,,1.0,,0,,en,1.0
0,19,37,337,1.0,,1.0,,0,,en,1.0
0,2,2,564,1.0,,1.0,,0,,es,1.0
2,68,66,623,,,1.0,3600.0,0,1.0,es,1.0
0,17,97,592,,,1.0,,0,,ru,1.0
0,15,17,394,,,1.0,-14400.0,0,,en,1.0
0,14,19,266,1.0,,1.0,,0,,en,1.0
0,6,0,368,1.0,,1.0,,0,,en,1.0
0,20,31,288,1.0,,1.0,,0,,en,1.0
638,897,6964,633,,,1.0,-18000.0,30,1.0,en,0.0
0,10,22,236,1.0,,1.0,,0,,en,1.0
0,22,24,280,1.0,,1.0,,0,,en,1.0
0,19,39,336,1.0,,1.0,,0,,en,1.0
0,11,14,240,1.0,,1.0,,0,,en,1.0
867,73,882,87,1.0,,1.0,3600.0,0,,pt,0.0
12051,1885,2857,2064,1.0,,1.0,,5,1.0,en,0.0
0,13,53,299,1.0,,1.0,,0,,en,1.0
1071,296,125,435,,,1.0,,0,1.0,en,0.0
0,14,23,206,1.0,,1.0,,0,,en,1.0
7458,249,20500,219,1.0,,1.0,,0,,en,0.0
5473,858,15542,638,,,1.0,,6,1.0,en,0.0
0,11,27,233,1.0,,1.0,,0,,en,1.0
0,26,15,460,,,1.0,,0,,en,1.0
0,14,27,283,1.0,,1.0,,0,,en,1.0
15813,254,12228,333,1.0,,1.0,,2,1.0,en,0.0
10096,729,33110,823,,,1.0,,2,1.0,es,0.0
0,1,1,17,1.0,,1.0,,0,,en,1.0
0,9,21,219,1.0,,1.0,,0,,en,1.0
0,2,0,575,1.0,,1.0,,0,,en,1.0
0,11,53,586,1.0,,1.0,,0,,en,1.0
13364,257,17190,222,,,1.0,,4,1.0,en,0.0
0,24,53,646,1.0,,1.0,,0,,en,1.0
0,20,25,388,1.0,,1.0,,0,,en,1.0
9465,815,5085,576,1.0,,1.0,,1,1.0,en,0.0
19,45,3188,24,,,1.0,19800.0,0,,en,0.0
0,6,20,206,1.0,,1.0,,0,,en,1.0
0,18,28,390,1.0,,1.0,,0,,en,1.0
1497,1175,21101,899,,,,-14400.0,35,1.0,en,0.0
0,14,18,244,1.0,,1.0,,0,,en,1.0
1885,563,28150,590,,,1.0,,25,1.0,en,0.0
6619,1238,40985,1108,1.0,,1.0,,3,,en,0.0
22533,273,11318,110,,,1.0,-25200.0,0,1.0,en,0.0
155,31,889,45,,,1.0,-14400.0,0,,en,0.0
0,1,2,8,1.0,,1.0,,0,,en,1.0
507,143,2304,569,,,1.0,10800.0,1,,en,0.0
0,19,55,551,1.0,,1.0,,0,,en,1.0
4037,601,3741,986,1.0,,1.0,,2,1.0,en,0.0
0,9,20,207,1.0,,1.0,,0,,en,1.0
0,14,44,398,1.0,,1.0,,0,,en,1.0
97,1233,6127,1166,,,1.0,-14400.0,10,,en,0.0
109,15,294,85,,,1.0,3600.0,0,,en,0.0
196,13,77,18,1.0,,1.0,28800.0,0,,zh-tw,0.0
983,1532,15840,517,,,1.0,,9,,en,0.0
0,14,25,348,1.0,,1.0,,0,,en,1.0
110,117,193,129,1.0,,1.0,36000.0,0,,en,0.0
0,24,39,390,1.0,,1.0,,0,,en,1.0
147,228,1238,378,,,1.0,3600.0,1,1.0,en,0.0
0,13,14,222,1.0,,1.0,,0,,en,1.0
0,4,17,191,1.0,,1.0,,0,,en,1.0
6175,477,8531,354,1.0,,1.0,-18000.0,1,1.0,en,0.0
0,5,0,527,,,1.0,-21600.0,0,,es,1.0
0,7,16,205,1.0,,1.0,,0,,en,1.0
577,107,3134,640,,,,19800.0,5,1.0,en,0.0
0,6,23,216,1.0,,1.0,,0,,en,1.0
596,121,1660,105,,,,,1,,en,0.0
0,20,162,572,,,1.0,,0,,pt,1.0
0,14,803,480,,,1.0,,0,1.0,en,1.0
3920,603,14280,432,,,1.0,-25200.0,1,1.0,en,0.0
0,8,15,188,1.0,,1.0,,0,,en,1.0
807,567,15101,251,,,1.0,-14400.0,2,1.0,en,0.0
0,60,118,368,,,1.0,3600.0,3,,fr,1.0
2,21,24,386,1.0,,1.0,,0,,es,1.0
0,14,19,239,1.0,,1.0,,0,,en,1.0
123,45,83,668,1.0,,1.0,-21600.0,1,1.0,es,1.0
141,341,6782,322,,,1.0,10800.0,2,1.0,en,0.0
919,345,7530,514,,,1.0,28800.0,4,,en,0.0
2730,566,23209,419,,,1.0,-25200.0,2,1.0,en,0.0
8172,14613,37732,11076,,,1.0,-28800.0,79,1.0,en,0.0
0,8,11,215,1.0,,1.0,,0,,en,1.0
0,17,30,295,1.0,,1.0,,0,,en,1.0
0,10,20,168,1.0,,1.0,,0,,en,1.0
0,8,25,203,1.0,,1.0,,0,,en,1.0
0,2,2,38,1.0,,1.0,,0,,en,1.0
5978,202,7918,146,,,1.0,28800.0,0,1.0,en,0.0
881,267,9961,73,,,1.0,10800.0,3,1.0,en,0.0
0,16,39,451,1.0,,1.0,,0,,en,1.0
18,205,1263,400,,,1.0,,0,1.0,en,0.0
0,11,21,326,1.0,,1.0,,0,,en,1.0
0,20,65,610,1.0,,1.0,,0,,en,1.0
5443,701,23324,468,,,1.0,-18000.0,1,,en,0.0
241,2134,23875,654,1.0,,1.0,-14400.0,8,,es,0.0
58,173,633,277,,,1.0,-18000.0,0,,en,0.0
102,46,1890,165,1.0,,1.0,,0,1.0,en,0.0
2047,302,10139,232,,,1.0,-25200.0,5,,en,0.0
0,11,25,261,1.0,,1.0,,0,,en,1.0
594,237,1790,330,1.0,,1.0,,0,,en,0.0
0,12,22,215,1.0,,1.0,,0,,en,1.0
0,2,2,445,1.0,,1.0,,0,,en,1.0
0,10,22,247,1.0,,1.0,,0,,en,1.0
168,72,530,81,,,1.0,-28800.0,0,1.0,en,0.0
0,8,19,211,1.0,,1.0,,0,,en,1.0
1180,113,4477,173,,,1.0,-25200.0,3,1.0,en,0.0
4477,1234,5459,1996,,,1.0,-18000.0,26,1.0,en,0.0
0,2,1,15,1.0,,1.0,,0,,en,1.0
5385,244,7811,242,,,,3600.0,3,1.0,en,0.0
3337,631,9692,621,,,1.0,-18000.0,0,1.0,en,0.0
0,16,36,290,1.0,,1.0,,0,,en,1.0
104,236,704,445,,,1.0,-25200.0,14,1.0,en,0.0
18,14,853,30,1.0,,1.0,-18000.0,0,,en,0.0
10498,211,21667,183,,,1.0,-28800.0,1,1.0,en,0.0
9902,589,6679,613,1.0,,1.0,,2,1.0,en,0.0
4218,147,748,321,,,1.0,-25200.0,0,1.0,en,0.0
1860,567,23564,478,,,1.0,-28800.0,5,,en,0.0
0,331,17172,234,,,,32400.0,5,,en,0.0
0,8,22,213,1.0,,1.0,,0,,en,1.0
55350,12802,202416,13173,,,1.0,32400.0,88,,ja,0.0
0,19,42,434,1.0,,1.0,,0,,en,1.0
18,144,398,387,,,1.0,-25200.0,9,1.0,en,0.0
200,160,1855,278,1.0,,1.0,3600.0,7,1.0,en,0.0
0,7,23,203,1.0,,1.0,,0,,en,1.0
0,26,64,585,1.0,,1.0,,0,,en,1.0
0,12,0,1054,1.0,,1.0,,0,,de,1.0
0,23,51,351,1.0,,1.0,,0,,en,1.0
0,14,35,273,1.0,,1.0,,0,,en,1.0
6749,4326,23443,231,,,1.0,28800.0,24,1.0,en,0.0
363,56,3076,537,,,1.0,28800.0,0,1.0,en,0.0
123,47,1121,125,,,,,2,,en,0.0
3,2,8,621,1.0,,1.0,,0,,ru,1.0
0,10,20,235,1.0,,1.0,,0,,en,1.0
0,13,21,227,1.0,,1.0,,0,,en,1.0
617,3298,29628,2808,,,1.0,-25200.0,31,,en,0.0
2820,397,2671,496,1.0,,1.0,,0,,en,0.0
0,10,30,292,1.0,,1.0,,0,,en,1.0
1512,194,58602,136,,,,28800.0,4,,en,0.0
0,5,23,202,1.0,,1.0,,0,,en,1.0
10,3,288,570,1.0,,1.0,,0,,ru,1.0
463,1004,72088,509,,,1.0,28800.0,8,1.0,en,0.0
0,20,38,332,1.0,,1.0,,0,,en,1.0
0,0,4,582,1.0,,1.0,,0,,en,1.0
60,241,1503,856,,,1.0,-36000.0,2,1.0,en,0.0
97,64,2795,221,1.0,,1.0,,1,1.0,en,0.0
775,51,893,152,1.0,,1.0,,2,1.0,en,0.0
0,27,52,620,1.0,,1.0,,0,,en,1.0
13,80,329,198,,,1.0,7200.0,1,1.0,en,0.0
734,1936,27844,1920,,,1.0,,29,1.0,en,0.0
0,22,54,517,1.0,,1.0,,0,,en,1.0
2,78,192,878,1.0,,1.0,-21600.0,0,,es,1.0
0,6,14,185,1.0,,1.0,,0,,en,1.0
0,12,22,231,1.0,,1.0,,0,,en,1.0
123,42,538,144,1.0,,1.0,,0,,en,0.0
357,974,22763,856,,,,32400.0,81,1.0,en,0.0
21157,1137,36738,282,,,1.0,,0,1.0,en,0.0
7295,400,3049,363,1.0,,1.0,,0,,en,0.0
0,14,18,246,1.0,,1.0,,0,,en,1.0
0,5,17,202,1.0,,1.0,,0,,en,1.0
27024,23717,63739,189,,,,-36000.0,107,,en,0.0
0,17,59,566,1.0,,1.0,,0,,en,1.0
2809,29139,44646,906,,,1.0,16200.0,1277,1.0,en,0.0
0,1,2,22,1.0,,1.0,,0,,en,1.0
0,8,24,236,1.0,,1.0,,0,,en,1.0
0,19,29,298,1.0,,1.0,,0,,en,1.0
0,22,38,302,1.0,,1.0,,0,,en,1.0
0,25,60,561,1.0,,1.0,,0,,en,1.0
3634,1781,166628,1858,,,,,32,,en,0.0
1603,314,1479,188,1.0,,1.0,,3,1.0,en,0.0
5972,338,33917,254,,,1.0,-18000.0,2,1.0,en,0.0
0,14,28,281,1.0,,1.0,,0,,en,1.0
5585,118,42719,202,,,1.0,-18000.0,1,,en,0.0
16293,2910,71086,158,,,1.0,-14400.0,68,,en,0.0
0,14,27,285,1.0,,1.0,,0,,en,1.0
0,14,39,379,1.0,,1.0,,0,,en,1.0
3942,420,21937,293,,,,28800.0,5,1.0,en,0.0
836,62,1193,43,1.0,,1.0,-10800.0,0,,en,0.0
121,41,2609,263,,,1.0,7200.0,0,,en,0.0
46158,371,17093,238,,,1.0,-18000.0,17,1.0,en,0.0
4,168,236,360,,,,-25200.0,5,,en,0.0
0,23,66,583,1.0,,1.0,,0,,en,1.0
0,32,32,326,1.0,,1.0,,0,,en,1.0
510,296,8199,285,,,1.0,-25200.0,1,1.0,en,0.0
4980,400,17126,192,,,,-28800.0,1,1.0,en,0.0
11,106,802,203,,,1.0,3600.0,3,,en,0.0
0,5,0,960,1.0,,1.0,,0,,en,1.0
155,66,601,104,1.0,,1.0,18000.0,8,1.0,en,0.0
1764,289,5301,1368,,,,19800.0,10,1.0,en,0.0
474,828,36166,289,,,,3600.0,57,1.0,en,0.0
8329,7842,10839,7836,,,1.0,43200.0,34,1.0,en,0.0
1185,121,8648,110,,,,,0,,en,0.0
0,8,19,218,1.0,,1.0,,0,,en,1.0
1,11,20,187,1.0,,1.0,,0,,en,1.0
559,536,1286,988,,,1.0,,11,1.0,en,0.0
9,24,210,456,1.0,,1.0,,0,,en,1.0
0,16,44,485,1.0,,1.0,,0,,en,1.0
12,93,826,81,1.0,,1.0,,0,1.0,en,0.0
0,4,2,448,1.0,,1.0,,0,,en,1.0
23,540,1826,1549,,,1.0,,8,1.0,en,0.0
70,932,4273,589,,,1.0,-10800.0,1,1.0,tr,1.0
0,16,21,170,1.0,,1.0,,0,,en,1.0
6072,102,11567,123,,,1.0,-14400.0,0,,en,0.0
5231,716,32547,610,,,1.0,-25200.0,1,1.0,en,0.0
0,19,83,699,1.0,,1.0,,0,,en,1.0
29,174,3427,47,,,1.0,-18000.0,5,,es,0.0
0,31,63,507,1.0,,1.0,,0,,en,1.0
0,16,22,222,1.0,,1.0,,0,,en,1.0
0,8,25,258,1.0,,1.0,,0,,en,1.0
0,1,2,600,1.0,,1.0,,0,,en,1.0
1453,767,2855,175,,,1.0,-25200.0,9,,en,0.0
14472,269,10126,183,,,,-18000.0,30,,en,0.0
0,8,0,547,1.0,,1.0,-18000.0,0,,es,1.0
3175,190,3416,285,1.0,,1.0,,1,,en,0.0
0,13,25,256,1.0,,1.0,,0,,en,1.0
4019,480,14690,442,1.0,,1.0,-25200.0,0,1.0,en,0.0
689,1068,28275,1883,,,1.0,-18000.0,29,1.0,en,0.0
158,127,6176,166,,,1.0,7200.0,3,,es,0.0
0,9,20,211,1.0,,1.0,,0,,en,1.0
0,8,15,234,1.0,,1.0,,0,,en,1.0
0,13,18,193,1.0,,1.0,,0,,en,1.0
0,6,1,549,1.0,,1.0,,0,,es,1.0
10222,699,42332,473,,,1.0,28800.0,0,,en,0.0
2609,372,39940,289,,,1.0,28800.0,3,1.0,en,0.0
0,11,20,207,1.0,,1.0,,0,,en,1.0
1403,310,50738,409,,,,,7,1.0,en,0.0
65,77,1473,111,,,1.0,-18000.0,1,,en,0.0
53960,1003,69057,760,,,1.0,-25200.0,33,1.0,en,0.0
0,3,0,418,1.0,,1.0,,0,,es,1.0
8089,285,13825,100,1.0,,1.0,-10800.0,1,,en,0.0
7690,3261,17384,68,,,,-10800.0,21,1.0,en,0.0
0,11,16,216,1.0,,1.0,,0,,en,1.0
1,8,76,481,1.0,,1.0,,0,,es,1.0
0,10,16,210,1.0,,1.0,,0,,en,1.0
0,10,16,217,1.0,,1.0,,0,,en,1.0
0,6,0,569,1.0,,1.0,-14400.0,0,,es,1.0
0,20,61,537,1.0,,1.0,,0,,en,1.0
342,57,5561,185,,,1.0,-10800.0,1,1.0,en,0.0
4642,933,24475,1972,,,1.0,19800.0,40,1.0,en,0.0
0,6,15,208,1.0,,1.0,,0,,en,1.0
0,7,20,212,1.0,,1.0,,0,,en,1.0
49956,543,105025,327,,,1.0,-25200.0,1,1.0,en,0.0
4380,1373,24570,495,,,1.0,28800.0,2,,en,0.0
118,128,2630,60,,,1.0,14400.0,0,,en,0.0
0,10,22,199,1.0,,1.0,,0,,en,1.0
9,61,4628,42,,,1.0,19800.0,5,1.0,en,0.0
24541,358,22011,198,1.0,,1.0,,7,1.0,en,0.0
0,3,20,229,1.0,,1.0,,0,,en,1.0
1045,15617,2328,582,,,1.0,7200.0,214,,es,0.0
26616,2629,72773,319,,,1.0,10800.0,40,1.0,en,0.0
132,1086,1041,256,,,1.0,-14400.0,4,1.0,en,0.0
0,3,13,147,,,1.0,,0,,es,1.0
823,139,1765,300,1.0,,1.0,,0,,en,0.0
7720,252,7824,712,1.0,,1.0,,1,1.0,en,0.0
135,10,37,35,1.0,,1.0,,0,,en,0.0
0,17,33,326,1.0,,1.0,,0,,en,1.0
793,62,1372,467,,,,,0,1.0,en,0.0
265,1201,24586,1679,1.0,,1.0,36000.0,24,1.0,en,0.0
562,271,3530,253,,,1.0,-25200.0,2,,en,0.0
0,13,0,586,1.0,,1.0,,0,,en,1.0
0,11,24,228,1.0,,1.0,,0,,en,1.0
0,23,59,543,1.0,,1.0,,0,,en,1.0
162,5819,15148,5899,,,1.0,-25200.0,190,,en,0.0
0,7,21,211,1.0,,1.0,,0,,en,1.0
4624,245,2895,95,,,,-25200.0,0,,en,0.0
0,20,25,313,1.0,,1.0,,0,,en,1.0
0,3,3,593,1.0,,1.0,,0,,es,1.0
18043,219,17269,332,,,1.0,-10800.0,5,1.0,en,0.0
0,18,28,606,,,1.0,-21600.0,0,,es,1.0
43,55,894,65,,,1.0,,1,,en-gb,0.0
147,1297,123707,518,,,1.0,43200.0,57,,en,0.0
7,45,93,442,1.0,,1.0,,0,,tr,1.0
2,9,19,215,1.0,,1.0,,0,,en,1.0
9557,1013,17732,693,,,1.0,,1,1.0,en,0.0
0,27,115,962,1.0,,1.0,,0,,en,1.0
223,28,1197,98,1.0,,1.0,,0,,en,0.0
1,13,1,466,1.0,,1.0,,0,,en,1.0
0,19,52,735,1.0,,1.0,,0,,en,1.0
0,22,45,509,1.0,,1.0,,0,,en,1.0
765,248,33128,348,,,1.0,32400.0,5,1.0,ko,1.0
18265,642,8213,675,,,1.0,-10800.0,5,1.0,en,0.0
4307,372,2875,279,1.0,,1.0,,0,1.0,en,0.0
37,17,261,13,1.0,,1.0,19800.0,0,,en,0.0
2364,224,5445,102,1.0,,1.0,,8,1.0,en-gb,0.0
60,109,451,91,1.0,,1.0,,2,1.0,en-gb,0.0
0,12,33,302,1.0,,1.0,,0,,en,1.0
0,17,30,355,1.0,,1.0,,0,,en,1.0
3731,236,5901,298,,,1.0,-25200.0,2,1.0,en,0.0
57,79,1287,219,,,1.0,28800.0,0,1.0,en,0.0
1,29,16,181,,,1.0,-32400.0,0,,en,1.0
0,18,36,373,1.0,,1.0,,0,,en,1.0
4704,731,19286,426,,,1.0,-14400.0,0,1.0,en,0.0
0,15,25,289,1.0,,1.0,,0,,en,1.0
3697,423,3956,524,,,1.0,,0,1.0,en,0.0
0,17,26,300,1.0,,1.0,,0,,en,1.0
0,13,22,263,1.0,,1.0,,0,,en,1.0
0,14,1,617,1.0,,1.0,-18000.0,1,,es,1.0
28547,478,12502,353,1.0,,1.0,,0,1.0,en,0.0
7561,628,25574,364,,,1.0,-18000.0,0,1.0,en,0.0
1064,100,1521,103,,,1.0,,3,1.0,en,0.0
0,12,31,290,1.0,,1.0,,0,,en,1.0
9428,2162,44839,792,,,,-18000.0,93,1.0,en,0.0
0,4,4,36,1.0,,1.0,,0,,en,1.0
336,151,558,434,1.0,,1.0,-14400.0,0,,en,0.0
219,64,296,119,,,,,0,1.0,en,0.0
3744,452,4772,389,1.0,,1.0,,1,1.0,en,0.0
9795,293,8154,254,,,1.0,-25200.0,2,1.0,en,0.0
8860,938,19081,524,,,1.0,36000.0,6,1.0,en,0.0
1756,289,7679,320,1.0,,1.0,-25200.0,1,1.0,en,0.0
16435,2313,34430,77,,,1.0,7200.0,48,1.0,es,0.0
954,152,3602,92,,,1.0,7200.0,7,1.0,en,0.0
53,1112,23704,1549,,,1.0,-25200.0,25,,en,0.0
4,756,275,1885,,,,,9,,en,0.0
0,15,15,207,1.0,,1.0,,0,,en,1.0
8468,166,2440,118,1.0,,1.0,,0,1.0,en,0.0
0,2,2,554,1.0,,1.0,,0,,en,1.0
3171,76,5405,103,,,1.0,7200.0,3,1.0,en,0.0
10,19,151,118,1.0,,1.0,,1,1.0,en,0.0
337,241,5171,193,,,1.0,-25200.0,5,1.0,en,0.0
429,1375,9596,1079,,,1.0,7200.0,98,1.0,en,0.0
0,16,44,385,1.0,,1.0,,0,,en,1.0
0,7,15,593,,,1.0,,0,,es,1.0
0,7,9,28,,,1.0,,0,,en,0.0
2,9,23,181,1.0,,1.0,,0,,en,1.0
1808,72,1992,142,,,1.0,-25200.0,0,,en,0.0
814,546,39113,266,,,1.0,-25200.0,7,1.0,en,0.0
2905,359,24064,248,1.0,,1.0,-25200.0,0,,en,0.0
21788,740,69272,626,1.0,,1.0,,23,,en,0.0
0,22,33,319,1.0,,1.0,,0,,en,1.0
0,9,15,222,1.0,,1.0,,0,,en,1.0
914,765,5024,961,1.0,,1.0,-25200.0,1,,en,0.0
0,17,23,287,1.0,,1.0,,0,,en,1.0
97,86,190,224,,,,,1,,es,0.0
14,2,37,581,1.0,,1.0,,0,,ru,1.0
1262,73,1333,1998,,,1.0,19800.0,1,1.0,en,1.0
675,212,1300,524,1.0,,1.0,,0,1.0,en,0.0
2085,86,1649,210,1.0,,1.0,,4,,en,0.0
0,10,12,213,1.0,,1.0,,0,,en,1.0
432,495,25279,628,,,1.0,43200.0,16,1.0,en,0.0
0,12,19,217,1.0,,1.0,,0,,en,1.0
12535,562,8209,217,,,1.0,,1,,en,0.0
0,17,21,217,1.0,,1.0,,0,,en,1.0
0,3,0,564,1.0,,1.0,,0,,es,1.0
3,49,381,189,1.0,,1.0,-18000.0,1,,en,0.0
1893,312,4287,628,,,1.0,-18000.0,2,1.0,en,0.0
0,17,29,283,1.0,,1.0,,0,,en,1.0
1887,249,2997,740,,,1.0,-14400.0,6,1.0,en,0.0
0,10,17,187,1.0,,1.0,,0,,en,1.0
2352,347,4073,185,,,1.0,-25200.0,0,1.0,en,0.0
880,307,10155,395,,,1.0,,1,1.0,en,0.0
1977,200,2338,509,,,1.0,7200.0,6,1.0,es,0.0
0,658,48108,941,,,1.0,-25200.0,3,,en,0.0
0,15,18,236,1.0,,1.0,,0,,en,1.0
4641,436,8594,320,,,1.0,-21600.0,0,,en,0.0
11,4,257,591,1.0,,1.0,28800.0,0,1.0,en,1.0
0,5,15,186,1.0,,1.0,,0,,en,1.0
5629,372,2314,508,1.0,,1.0,-25200.0,0,,en,0.0
0,0,3,32,1.0,,1.0,,0,,en,1.0
0,23,45,204,1.0,,1.0,,0,,en,1.0
0,13,20,193,1.0,,1.0,,0,,en,1.0
3282,230,4685,209,1.0,,1.0,7200.0,7,,en,0.0
5458,527,3557,389,1.0,,1.0,-25200.0,0,,en,0.0
0,7,20,227,1.0,,1.0,,0,,en,1.0
39633,10273,62597,98,,,1.0,28800.0,77,1.0,en,0.0
328,13,285,101,1.0,,1.0,-14400.0,0,,en,0.0
0,17,26,215,1.0,,1.0,,0,,en,1.0
1066,171,1471,212,,,1.0,3600.0,1,1.0,en,0.0
0,2,1,21,1.0,,1.0,,0,,en,1.0
0,7,28,205,1.0,,1.0,,0,,en,1.0
1003,97,4121,172,,,1.0,43200.0,2,,en,0.0
0,0,2,15,1.0,,1.0,,0,,en,1.0
0,18,30,264,1.0,,1.0,,0,,en,1.0
0,25,25,250,1.0,,1.0,,0,,en,1.0
0,18,42,381,1.0,,1.0,,0,,en,1.0
5,21,82,79,1.0,,1.0,,0,,en,0.0
6,70,484,456,,,1.0,19800.0,4,1.0,en,0.0
2284,191,6876,267,,,1.0,,1,1.0,en,0.0
0,21,26,259,1.0,,1.0,,0,,en,1.0
3,19,28,463,1.0,,1.0,,0,,en,1.0
13755,549,15793,307,,,1.0,-18000.0,2,,en,0.0
0,6,16,199,1.0,,1.0,,0,,en,1.0
98,113,813,252,,,1.0,-25200.0,16,1.0,en,0.0
0,15,30,264,1.0,,1.0,,0,,en,1.0
0,7,0,589,,,1.0,,0,,es,1.0
12734,864,23381,1122,,,,3600.0,14,,en,0.0
8486,398,20225,301,,,1.0,-25200.0,21,,en,0.0
9745,680,48369,611,,,1.0,-18000.0,5,1.0,en,0.0
0,3,5,416,,,1.0,25200.0,0,1.0,en,1.0
2,12,21,231,1.0,,1.0,,0,,en,1.0
445,553,6227,754,,,1.0,-25200.0,1,,en,0.0
861,89,1428,66,1.0,,1.0,,0,1.0,en,0.0
1962,2474,26577,224,,,1.0,-14400.0,77,,en,0.0
2189,609,3201,1493,1.0,,1.0,-10800.0,11,1.0,en,0.0
469,161,50655,236,,,1.0,32400.0,8,,ja,0.0
0,33,43,651,1.0,,1.0,,0,,en,1.0
0,15,50,372,1.0,,1.0,,0,,en,1.0
12514,2042,19263,508,,,,7200.0,11,1.0,es,0.0
66,37,215,112,,,1.0,-25200.0,1,,en,0.0
7145,1025,27816,873,,,1.0,28800.0,3,1.0,en,0.0
0,6,21,205,1.0,,1.0,,0,,en,1.0
0,15,22,250,1.0,,1.0,,0,,en,1.0
0,32,111,954,1.0,,1.0,,0,,en,1.0
2687,249,2758,196,1.0,,1.0,-25200.0,0,1.0,en,0.0
0,13,24,213,1.0,,1.0,,0,,en,1.0
0,9,23,236,1.0,,1.0,,0,,en,1.0
0,8,22,218,1.0,,1.0,,0,,en,1.0
15353,481,185456,188,,,1.0,7200.0,23,,en,0.0
2570,490,13595,140,,,1.0,-18000.0,0,1.0,en,0.0
438,401,9735,165,,,1.0,,6,1.0,en,0.0
2446,463,8513,433,,,1.0,28800.0,0,1.0,en,0.0
52,887,2831,1598,,,1.0,-18000.0,5,1.0,en,0.0
0,8,19,226,1.0,,1.0,,0,,en,1.0
7,39,304,491,1.0,,1.0,-10800.0,1,,es,1.0
3765,57179,39610,762,,,1.0,,291,,en,0.0
5,66,3940,352,,,1.0,-10800.0,2,1.0,fr,1.0
2140,2068,22530,1420,,,1.0,14400.0,29,,en,0.0
5849,2594,51304,473,,,1.0,-25200.0,43,1.0,en,0.0
73,104,3396,386,,,1.0,-18000.0,3,1.0,en,0.0
1678,641,5210,426,,,1.0,-18000.0,1,1.0,en,0.0
131,17,21,26,1.0,,1.0,,0,,en,0.0
0,8,17,225,1.0,,1.0,,0,,en,1.0
3503,237,6962,100,,,1.0,-18000.0,1,1.0,en,0.0
361,1884,11644,337,,,,-18000.0,41,1.0,es,0.0
0,9,16,216,1.0,,1.0,,0,,en,1.0
0,27,64,557,1.0,,1.0,,0,,en,1.0
0,27,24,613,,,1.0,-10800.0,1,1.0,pt,1.0
7,164,603,1153,,,1.0,0.0,0,1.0,en,1.0
6761,1439,36430,1591,,,1.0,,91,1.0,en,0.0
1529,200,141,659,,,1.0,-25200.0,4,1.0,en,0.0
24,301,1362,500,1.0,,1.0,,4,,en,0.0
0,7,20,191,1.0,,1.0,,0,,en,1.0
485,128,5991,115,,,1.0,,0,1.0,en,0.0
0,7,1,942,1.0,,1.0,,0,,en,1.0
0,24,38,404,1.0,,1.0,,0,,en,1.0
1846,39,633,71,,,1.0,-25200.0,2,,en,0.0
0,6,18,218,1.0,,1.0,,0,,en,1.0
0,0,1,18,1.0,,1.0,,0,,en,1.0
0,3,1,420,1.0,,1.0,,0,,en,1.0
0,4,16,184,1.0,,1.0,,0,,en,1.0
0,14,23,263,1.0,,1.0,,0,,en,1.0
0,8,1,1002,1.0,,1.0,,0,,en,1.0
0,30,56,614,1.0,,1.0,,0,,en,1.0
39704,4941,77869,420,,,1.0,,34,1.0,en,0.0
0,16,62,630,1.0,,1.0,,0,,en,1.0
831,138,3516,416,,,1.0,43200.0,7,,en,0.0
1781,252,701,376,1.0,,1.0,,0,1.0,en,0.0
0,0,5,31,1.0,,1.0,,0,,en,1.0
105,599,4059,585,,,1.0,7200.0,8,,en,0.0
2472,609,21694,403,,,,28800.0,1,1.0,en,0.0
0,19,22,247,1.0,,1.0,,0,,en,1.0
5,120,2064,969,,,1.0,-18000.0,2,,en,0.0
20,8,170,324,1.0,,1.0,,0,,en,1.0
0,6,16,202,1.0,,1.0,,0,,en,1.0
357,766,84759,1099,,,1.0,-18000.0,23,,en,0.0
815,3,177,32,,,,3600.0,0,,en,0.0
3568,13095,28583,7672,,,,-25200.0,664,,en,0.0
0,12,24,233,1.0,,1.0,,0,,en,1.0
1,13,24,269,1.0,,1.0,,0,,en,1.0
617,54,1178,156,1.0,,1.0,,2,,en,0.0
7841,1471,6641,1977,,,1.0,-25200.0,52,1.0,en,0.0
555,79,3446,116,,,1.0,-25200.0,0,,en,0.0
0,5,12,191,1.0,,1.0,,0,,en,1.0
43,380,23657,333,,,1.0,-14400.0,1,1.0,en,0.0
0,13,24,206,1.0,,1.0,,0,,en,1.0
0,11,23,231,1.0,,1.0,,0,,en,1.0
0,18,24,243,1.0,,1.0,,0,,en,1.0
30,183,16975,300,1.0,,1.0,14400.0,1,1.0,en,0.0
0,16,27,310,1.0,,1.0,,0,,en,1.0
1451,341,1926,294,1.0,,1.0,,0,1.0,en,0.0
0,17,26,313,1.0,,1.0,,0,,en,1.0
0,13,28,241,1.0,,1.0,,0,,en,1.0
1,54,136,674,,,1.0,0.0,0,,pt,1.0
2,492,1513,2004,,,1.0,-18000.0,0,,en,1.0
0,12,31,201,1.0,,1.0,,0,,en,1.0
18896,992,28337,1064,,,1.0,-14400.0,1,1.0,en,0.0
0,17,43,523,1.0,,1.0,,0,,en,1.0
0,0,3,39,1.0,,1.0,,0,,en,1.0
1,13,19,267,1.0,,1.0,,0,,en,1.0
0,13,32,374,1.0,,1.0,,0,,en,1.0
0,5,0,569,1.0,,1.0,,0,,en,1.0
2791,282,16484,306,,,1.0,28800.0,2,1.0,en,0.0
0,4,24,406,1.0,,1.0,,0,,en,1.0
129,15,66,49,1.0,,1.0,,0,1.0,en,0.0
5,101,612,208,,,1.0,28800.0,0,1.0,en,0.0
81,72,471,229,1.0,,1.0,,0,,en,0.0
1203,168,2007,133,,,,3600.0,0,1.0,en,0.0
18862,11066,50769,879,1.0,,1.0,-14400.0,45,1.0,en,0.0
0,20,72,702,1.0,,1.0,,0,,en,1.0
5131,324,7410,292,,,,,1,1.0,en,0.0
3930,321,5191,226,,,1.0,3600.0,0,1.0,en,0.0
0,8,22,199,1.0,,1.0,,0,,en,1.0
361,112,1157,106,1.0,,1.0,,0,1.0,en,0.0
0,16,24,221,1.0,,1.0,,0,,en,1.0
1555,259,3449,147,,,1.0,28800.0,10,,en,0.0
873,123,1889,340,,,,3600.0,0,1.0,en,0.0
7889,2970,25636,251,1.0,,1.0,-25200.0,4,1.0,en,0.0
333,41,562,128,,,,-10800.0,0,,en,0.0
1828,3138,21918,1247,,,1.0,-25200.0,19,,en,0.0
0,9,22,225,1.0,,1.0,,0,,en,1.0
0,8,17,199,1.0,,1.0,,0,,en,1.0
0,8,20,209,1.0,,1.0,,0,,en,1.0
0,17,31,322,1.0,,1.0,,0,,en,1.0
14178,879,16666,779,1.0,,1.0,,2,1.0,en,0.0
2734,217,3849,2001,1.0,,1.0,,9,,en,0.0
804,388,16557,177,,,1.0,-25200.0,15,,en,0.0
0,23,60,501,1.0,,1.0,,0,,en,1.0
0,7,19,164,1.0,,1.0,,0,,en,1.0
538,7665,20641,2576,,,1.0,-18000.0,23,,es,0.0
0,3,0,407,1.0,,1.0,-25200.0,0,,es,1.0
0,11,30,216,1.0,,1.0,,0,,en,1.0
0,19,23,310,1.0,,1.0,,0,,en,1.0
0,19,28,224,1.0,,1.0,,0,,en,1.0
4688,385,15809,353,,,1.0,,5,1.0,fr,0.0
990,1470,9258,1901,,,1.0,,0,1.0,en,0.0
0,21,43,535,1.0,,1.0,,0,,en,1.0
0,9,19,235,1.0,,1.0,,0,,en,1.0
12004,720,106335,530,,,1.0,32400.0,65,1.0,en,0.0
0,8,22,200,1.0,,1.0,,0,,en,1.0
748,156,16430,248,,,1.0,28800.0,0,1.0,en,0.0
0,7,23,204,1.0,,1.0,,0,,en,1.0
1086,285,2156,225,1.0,,1.0,,13,1.0,en,0.0
1962,120,1114,177,,,,,0,1.0,en,0.0
0,0,3,48,1.0,,1.0,,0,,en,1.0
4432,792,18819,678,1.0,,1.0,,3,1.0,en,0.0
0,10,23,213,1.0,,1.0,,0,,en,1.0
6631,482,2187,240,1.0,,1.0,,0,,en,0.0
0,25,34,328,1.0,,1.0,,0,,en,1.0
0,6,19,227,1.0,,1.0,,0,,en,1.0
41,34,231,219,,,1.0,,0,,fr,0.0
1862,332,59052,833,,,1.0,43200.0,45,,en,0.0
1287,133,1703,215,,,,32400.0,0,1.0,en,0.0
182,794,15926,645,,,1.0,-36000.0,5,1.0,en,0.0
147,195,487,863,,,1.0,-18000.0,1,1.0,en,0.0
0,9,21,278,1.0,,1.0,,0,,en,1.0
3,71,409,66,1.0,,1.0,7200.0,4,,en,0.0
814,10011,12042,1812,,,1.0,-25200.0,10,1.0,en,0.0
146,72,133,460,1.0,,1.0,,0,,en,0.0
14566,3975,84919,1803,,,1.0,-25200.0,153,1.0,en,0.0
0,4,16,181,1.0,,1.0,,0,,en,1.0
0,13,24,270,1.0,,1.0,,0,,en,1.0
23322,344,38417,335,,,1.0,-25200.0,4,1.0,en,0.0
827,1867,8147,456,1.0,,1.0,19800.0,24,1.0,en,0.0
0,3,111,699,1.0,,1.0,,1,,en,1.0
0,9,100,564,,,1.0,-14400.0,0,,pt,1.0
0,2,3,44,1.0,,1.0,,0,,en,1.0
696,7184,13900,1649,,,1.0,,314,1.0,en,0.0
0,6,6,591,1.0,,1.0,,0,,es,1.0
0,25,64,626,1.0,,1.0,,0,,en,1.0
3334,268,5918,160,1.0,,1.0,,0,1.0,en,0.0
0,6,19,216,1.0,,1.0,,0,,en,1.0
0,7,18,202,1.0,,1.0,,0,,en,1.0
1746,256,3940,206,,,1.0,28800.0,0,,en,0.0
25143,1340,44397,1725,,,1.0,-25200.0,26,1.0,en,0.0
0,15,29,270,1.0,,1.0,,0,,en,1.0
59,204,13837,467,,,1.0,,6,,en,0.0
0,19,6,551,1.0,,1.0,,0,,en,1.0
0,12,18,255,1.0,,1.0,,0,,en,1.0
0,7,5,406,1.0,,1.0,,0,,es,1.0
28,15,8485,9,1.0,,1.0,-25200.0,2,,en,0.0
4435,263,4535,91,1.0,,1.0,,1,,en,0.0
0,7,29,524,1.0,,1.0,,0,,en,1.0
57,47,274,51,1.0,,1.0,,0,,en,0.0
3,57,390,285,,,1.0,-10800.0,4,,en,1.0
7213,1227,18273,871,,,1.0,,40,1.0,en,0.0
1015,120,327,124,1.0,,1.0,,0,,en,0.0
9556,647,9346,672,1.0,,1.0,,0,,en,0.0
7793,340,20275,301,1.0,,1.0,,1,1.0,en,0.0
0,1,3,28,1.0,,1.0,,0,,en,1.0
0,18,39,305,1.0,,1.0,,0,,en,1.0
287,231,81721,92,,,1.0,25200.0,1,1.0,en,0.0
6,140,21,755,1.0,,1.0,0.0,0,1.0,en,1.0
66,54,934,154,,,1.0,-25200.0,6,,en,0.0
585,201,1491,385,,,1.0,-18000.0,0,1.0,en,0.0
0,5,17,268,1.0,,1.0,,0,,en,1.0
2,8,22,186,1.0,,1.0,,0,,en,1.0
686,304,8254,304,,,1.0,-28800.0,2,1.0,en,0.0
1042,272,13138,283,,,1.0,-25200.0,0,1.0,en,0.0
157,44,810,70,,,1.0,32400.0,3,,en,0.0
1278,139,2177,133,1.0,,1.0,,0,,en,0.0
0,490,334636,262,1.0,,1.0,32400.0,9,,ja,0.0
0,6,18,198,1.0,,1.0,,0,,en,1.0
0,5,20,204,1.0,,1.0,,0,,en,1.0
18436,1540,21182,674,,,1.0,-25200.0,6,1.0,en,0.0
1,8,4,568,1.0,,1.0,,1,,en,1.0
0,19,23,319,1.0,,1.0,,0,,en,1.0
0,22,31,285,1.0,,1.0,,0,,en,1.0
934,1330,53800,729,,,1.0,-25200.0,6,,en,0.0
0,7,20,204,1.0,,1.0,,0,,en,1.0
3617,216,641,389,,,1.0,-25200.0,0,1.0,en,0.0
0,17,50,519,1.0,,1.0,,0,,en,1.0
0,10,18,195,1.0,,1.0,,0,,en,1.0
111,127,10370,209,,,1.0,-28800.0,4,1.0,en,0.0
0,15,56,28,,,1.0,43200.0,0,1.0,en,0.0
94,696,12778,2000,,,1.0,32400.0,5,1.0,ja,0.0
0,8,108,441,1.0,,1.0,-10800.0,0,,es,1.0
1668,223,2582,495,1.0,,1.0,-16200.0,3,,es,0.0
12,2,56,554,1.0,,1.0,,0,,ru,1.0
17380,1285,41561,715,,,1.0,28800.0,1,1.0,en,0.0
0,11,22,257,1.0,,1.0,,0,,en,1.0
1300,212,1087,219,1.0,,1.0,-25200.0,0,,en,0.0
0,6,19,206,1.0,,1.0,,0,,en,1.0
0,27,66,653,1.0,,1.0,,0,,en,1.0
996,338,9374,149,,,1.0,32400.0,1,1.0,en,0.0
0,12,21,211,1.0,,1.0,,0,,en,1.0
3910,2213,159099,828,,,1.0,-18000.0,7,1.0,en,0.0
1012,382,2111,645,,,1.0,-18000.0,3,1.0,en,0.0
6524,1334,19446,1188,,,,-14400.0,11,1.0,en,0.0
646,336,6900,334,,,1.0,-18000.0,5,1.0,en,0.0
236,73,460,473,,,1.0,3600.0,2,1.0,en,0.0
2027,139,4605,138,1.0,,1.0,,3,1.0,en,0.0
0,15,17,258,1.0,,1.0,,0,,en,1.0
1566,1151,5529,1125,,,1.0,-25200.0,25,,en,0.0
0,10,21,206,1.0,,1.0,,0,,en,1.0
0,7,22,182,1.0,,1.0,,0,,en,1.0
652,146,4836,137,1.0,,1.0,-18000.0,0,1.0,en,0.0
371,474,3588,255,,,1.0,7200.0,9,1.0,es,0.0
0,13,20,186,1.0,,1.0,,0,,en,1.0
16715,1953,17447,1199,,,1.0,-25200.0,15,1.0,en,0.0
0,21,26,281,1.0,,1.0,,0,,en,1.0
897,172,2060,155,,,1.0,,0,1.0,en-gb,0.0
5055,266,1727,386,,,1.0,-25200.0,2,1.0,en,0.0
750,847,56379,932,,,,-14400.0,9,1.0,en,0.0
0,14,34,251,1.0,,1.0,,0,,en,1.0
0,17,26,333,1.0,,1.0,,0,,en,1.0
1,22,10,397,1.0,,1.0,,2,,es,1.0
0,11,12,191,1.0,,1.0,,0,,en,1.0
1993,54,15934,48,1.0,,1.0,-25200.0,2,,en,0.0
5456,389,11452,297,1.0,,1.0,,0,1.0,en,0.0
0,11,20,209,1.0,,1.0,,0,,en,1.0
60,2546,74334,1224,,,1.0,28800.0,67,1.0,en,0.0
0,9,25,255,1.0,,1.0,,0,,en,1.0
1,37,617,259,1.0,,1.0,,0,1.0,en,0.0
64,13,144,13,1.0,,1.0,,0,1.0,en,0.0
1595,26510,8922,581,,,1.0,-36000.0,26,,en,0.0
1034,5248,41152,1780,,,1.0,28800.0,27,1.0,en,0.0
7538,1145,15871,897,,,1.0,7200.0,7,1.0,en,0.0
0,12,17,256,1.0,,1.0,,0,,en,1.0
3804,7065,45825,1822,,,,-14400.0,596,,en,0.0
15361,467,15613,338,,,1.0,,0,,en,0.0
10413,566,32685,358,,,,-28800.0,2,1.0,en,0.0
294,1734,4871,511,,,1.0,,38,,en,0.0
2,5,38,441,,,1.0,,1,,es,1.0
0,21,44,557,1.0,,1.0,,0,,en,1.0
8251,313,9053,175,1.0,,1.0,-25200.0,0,1.0,en,0.0
0,19,64,556,1.0,,1.0,,0,,en,1.0
2095,88,5589,131,,,1.0,-25200.0,0,,en,0.0
0,0,3,15,1.0,,1.0,,0,,en,1.0
0,10,33,266,1.0,,1.0,,0,,en,1.0
0,24,39,526,1.0,,1.0,,0,,en,1.0
2747,400,11604,288,,,1.0,,2,1.0,en,0.0
24,15,24,49,1.0,,1.0,,0,,en,0.0
0,14,25,246,1.0,,1.0,,0,,en,1.0
0,11,22,205,1.0,,1.0,,0,,en,1.0
946,214,220719,186,,,,-14400.0,2,1.0,en,0.0
0,16,52,699,1.0,,1.0,,0,,en,1.0
0,8,0,590,1.0,,1.0,,0,,fr,1.0
0,11,20,225,1.0,,1.0,,0,,en,1.0
6298,58,1063,92,,,1.0,,0,,en,0.0
0,33,155,718,,,1.0,-14400.0,0,,es,1.0
0,20,63,572,1.0,,1.0,,0,,en,1.0
0,12,23,213,1.0,,1.0,,0,,en,1.0
0,8,16,198,1.0,,1.0,,0,,en,1.0
1812,314,13853,247,1.0,,1.0,,1,1.0,en,0.0
0,21,77,581,1.0,,1.0,,0,,en,1.0
0,14,17,201,1.0,,1.0,,0,,en,1.0
0,23,43,492,1.0,,1.0,,0,,en,1.0
0,21,23,253,1.0,,1.0,,0,,en,1.0
0,9,21,210,1.0,,1.0,,0,,en,1.0
0,24,69,712,1.0,,1.0,,0,,en,1.0
10556,1423,81000,1360,,,1.0,-18000.0,9,1.0,en,0.0
1643,382,1128,393,1.0,,1.0,,4,,en,0.0
1557,758,19247,461,,,,10800.0,3,1.0,fr,0.0
89,4520,416,230,,,1.0,3600.0,0,1.0,en,0.0
45,187,20276,180,,,1.0,7200.0,7,1.0,fr,0.0
2047,219,5179,275,,,,3600.0,8,,en,0.0
0,8,22,242,1.0,,1.0,,0,,en,1.0
1062,78,2911,13,,1.0,,3600.0,4,,en,0.0
18190,705,7733,577,1.0,,1.0,-25200.0,0,1.0,en,0.0
2,10,25,212,1.0,,1.0,,0,,en,1.0
0,18,57,513,1.0,,1.0,,0,,en,1.0
0,9,15,194,1.0,,1.0,,0,,en,1.0
4336,2301,94383,2196,1.0,,1.0,-18000.0,8,1.0,en,0.0
0,1,2,14,1.0,,1.0,,0,,en,1.0
6552,794,4459,1463,,,1.0,,0,,fil,0.0
4525,583,5258,367,,,1.0,,6,1.0,en,0.0
0,3,0,627,1.0,,1.0,,0,,es,1.0
0,17,62,610,1.0,,1.0,,0,,en,1.0
0,13,26,216,1.0,,1.0,,0,,en,1.0
572,2850,9565,1777,,,,-25200.0,2,1.0,en,0.0
0,2,5,571,1.0,,1.0,,0,,en,1.0
1,16,20,242,1.0,,1.0,,0,,en,1.0
3754,1061,36119,666,,,1.0,3600.0,3,1.0,en,0.0
0,1,13,325,,,1.0,32400.0,0,,ko,1.0
0,18,22,244,1.0,,1.0,,0,,en,1.0
0,13,16,240,1.0,,1.0,,0,,en,1.0
0,11,26,230,1.0,,1.0,,0,,en,1.0
0,14,29,280,1.0,,1.0,,0,,en,1.0
0,8,20,241,1.0,,1.0,,0,,en,1.0
0,5,23,211,1.0,,1.0,,0,,en,1.0
2,5,98,73,1.0,,1.0,,0,,en,0.0
1,14,21,239,1.0,,1.0,,0,,en,1.0
0,8,19,205,1.0,,1.0,,0,,en,1.0
552,71,319,41,1.0,,1.0,,0,1.0,en,0.0
615,166,1318,233,1.0,,1.0,-18000.0,0,,en,0.0
0,16,26,244,1.0,,1.0,,0,,en,1.0
0,20,30,407,1.0,,1.0,,0,,en,1.0
9,1,178,610,1.0,,1.0,,0,,ru,1.0
2423,394,7463,170,1.0,,1.0,,1,1.0,en,0.0
0,19,29,340,1.0,,1.0,,0,,en,1.0
0,6,1,561,,,1.0,,0,,es,1.0
0,2,1,456,1.0,,1.0,,0,,it,1.0
0,8,20,268,1.0,,1.0,,0,,en,1.0
0,3,15,399,,,1.0,-21600.0,0,1.0,es,1.0
49,87,242,241,1.0,,1.0,,0,1.0,en,0.0
920,154,605,270,1.0,,1.0,,0,1.0,en,0.0
0,13,23,196,1.0,,1.0,,0,,en,1.0
1,22,19,508,,,1.0,,0,1.0,es,1.0
1,17,19,345,,,1.0,32400.0,0,1.0,ko,1.0
0,5,28,378,1.0,,1.0,,0,1.0,en,1.0
0,15,46,542,1.0,,1.0,,0,,en,1.0
1253,205,4317,42,1.0,,1.0,28800.0,1,1.0,en,0.0
0,10,19,228,1.0,,1.0,,0,,en,1.0
0,12,18,207,1.0,,1.0,,0,,en,1.0
7978,780,24494,175,,,1.0,,0,,en,0.0
0,11,20,246,1.0,,1.0,,0,,en,1.0
0,7,2,576,1.0,,1.0,-28800.0,0,,en,1.0
813,156,20405,144,,,1.0,32400.0,10,1.0,en,0.0
8134,5821,194518,5133,,,,-25200.0,234,1.0,en,0.0
8749,287,16008,276,,,1.0,,1,1.0,en,0.0
6,102,3786,316,1.0,,1.0,,1,,en,0.0
0,1,1,536,1.0,,1.0,,0,,ru,1.0
1388,220,1182,1040,1.0,,1.0,43200.0,7,,en,0.0
2939,293,2161,408,,,1.0,,0,,en,0.0
0,9,28,249,1.0,,1.0,,0,,en,1.0
26039,515,40034,312,,,1.0,-28800.0,0,1.0,en,0.0
0,4,4,40,1.0,1.0,1.0,,0,,en,0.0
0,13,30,307,1.0,,1.0,,0,,en,1.0
0,9,20,201,1.0,,1.0,,0,,en,1.0
4842,195,6160,228,,,1.0,,0,1.0,en,0.0
0,7,21,268,1.0,,1.0,,0,,en,1.0
0,10,15,176,1.0,,1.0,,0,,en,1.0
0,8,23,234,1.0,,1.0,,0,,en,1.0
0,8,16,197,1.0,,1.0,,0,,en,1.0
0,7,23,440,,,1.0,-10800.0,1,1.0,es,1.0
0,24,59,626,1.0,,1.0,,0,,en,1.0
0,12,16,205,1.0,,1.0,,0,,en,1.0
178,326,9585,216,,,1.0,-18000.0,2,,en,0.0
3221,9642,54834,2447,,,,43200.0,29,1.0,en,0.0
0,20,68,664,1.0,,1.0,,0,,en,1.0
0,23,71,666,1.0,,1.0,,0,,en,1.0
319,215,5639,251,1.0,,1.0,28800.0,0,1.0,en,0.0
0,3,2,555,1.0,,1.0,,0,,en,1.0
0,13,55,740,1.0,,1.0,,0,,en,1.0
0,6,18,194,1.0,,1.0,,0,,en,1.0
0,11,66,615,1.0,,1.0,,0,,en,1.0
0,8,23,216,1.0,,1.0,,0,,en,1.0
454,146,5372,150,,,1.0,,2,1.0,pt,0.0
3,5,8,447,,,1.0,,0,,pt,1.0
0,18,52,608,1.0,,1.0,,0,,en,1.0
0,14,20,220,1.0,,1.0,,0,,en,1.0
0,10,19,253,1.0,,1.0,,0,,en,1.0
0,10,16,203,1.0,,1.0,,0,,en,1.0
713,108,1778,127,,,,,1,,en,0.0
6,33,169,615,,,1.0,-18000.0,0,1.0,es,1.0
2397,1029,46335,765,,,,-18000.0,1,,en,0.0
0,12,35,242,1.0,,1.0,,0,,en,1.0
536,515,38916,494,,,1.0,-18000.0,9,1.0,en,0.0
0,7,27,244,1.0,,1.0,,0,,en,1.0
130,1261,14281,1147,,,1.0,-18000.0,18,1.0,en,0.0
4396,315,6509,317,,,1.0,-25200.0,3,1.0,en,0.0
0,6,26,263,1.0,,1.0,,0,,en,1.0
15,72,231,334,1.0,,1.0,,1,1.0,en,0.0
0,16,26,211,1.0,,1.0,,0,,en,1.0
4908,1373,12309,2001,,,1.0,-18000.0,41,1.0,en,0.0
0,20,48,590,1.0,,1.0,,0,,en,1.0
0,20,48,330,1.0,,1.0,,0,,en,1.0
685,135,455,383,,,1.0,21600.0,0,1.0,en,0.0
0,4,14,200,1.0,,1.0,,0,,en,1.0
2865,428,3184,467,,,1.0,,0,,en,0.0
0,15,20,223,1.0,,1.0,,0,,en,1.0
7638,475,23606,68,,,1.0,-25200.0,3,,en,0.0
52,1243,5340,777,,,1.0,-25200.0,3,1.0,en,0.0
1484,145,1304,109,,,1.0,,0,1.0,en,0.0
0,8,15,196,1.0,,1.0,,0,,en,1.0
0,14,16,185,1.0,,1.0,,0,,en,1.0
12583,1605,69809,969,,,1.0,-18000.0,2,1.0,en,0.0
0,13,31,255,1.0,,1.0,,0,,en,1.0
0,11,19,206,1.0,,1.0,,0,,en,1.0
0,4,8,409,1.0,,1.0,-18000.0,0,,en,1.0
0,2,16,197,1.0,,1.0,,0,,en,1.0
309,4825,48449,4572,,,1.0,0.0,30,,en,0.0
2045,2104,27538,972,,,1.0,28800.0,8,1.0,en,0.0
0,19,36,384,1.0,,1.0,,0,,en,1.0
0,23,18,245,1.0,,1.0,,0,,en,1.0
15779,649,27114,389,,,1.0,,1,1.0,en,0.0
0,13,515,632,1.0,,1.0,,0,,en,1.0
0,13,41,453,,,1.0,-28800.0,0,1.0,en,1.0
10444,514,30078,468,,,1.0,-28800.0,1,1.0,en,0.0
0,6,18,196,1.0,,1.0,,0,,en,1.0
1315,109,2450,106,,,1.0,16200.0,0,,en,0.0
0,15,22,260,1.0,,1.0,,0,,en,1.0
5333,224,526,303,,,1.0,-25200.0,2,1.0,en,0.0
883,151,5705,143,,,1.0,-25200.0,2,,en,0.0
0,20,5,41,1.0,,1.0,,0,,en,0.0
0,8,24,251,1.0,,1.0,,0,,en,1.0
0,28,11,545,,,1.0,-28800.0,0,,es,1.0
0,15,23,323,1.0,,1.0,,0,,en,1.0
389,123,1272,473,,,1.0,,4,1.0,en,0.0
0,8,18,237,1.0,,1.0,,0,,en,1.0
1291,93,3192,227,,,1.0,3600.0,0,,en,0.0
0,10,23,256,1.0,,1.0,,0,,en,1.0
842,87,6423,55,,,1.0,-14400.0,0,1.0,en,0.0
0,1,0,21,1.0,,1.0,,0,,en,1.0
658,174,2466,184,1.0,,1.0,,0,1.0,en,0.0
226,1400,36373,402,1.0,,1.0,3600.0,15,,en,0.0
0,23,34,354,1.0,,1.0,,0,,en,1.0
578,1116,3191,2000,,,1.0,10800.0,4,,en,0.0
0,15,18,207,1.0,,1.0,,0,,en,1.0
411,224,11000,195,,,1.0,-36000.0,0,,en,0.0
0,8,19,203,1.0,,1.0,,0,,en,1.0
54,13,400,68,1.0,,1.0,32400.0,0,,en-gb,0.0
1819,269,13740,98,,,1.0,-14400.0,6,1.0,en,0.0
0,10,13,197,1.0,,1.0,,0,,en,1.0
347,169,1311,342,1.0,,1.0,,1,,en,0.0
1765,822,18542,314,,,1.0,28800.0,6,,en,0.0
2683,82,25013,249,,,1.0,-25200.0,2,,en,0.0
1457,171,745,100,,,,,0,1.0,en,0.0
0,10,20,210,1.0,,1.0,,0,,en,1.0
5519,1494,58095,468,,,1.0,-18000.0,4,,en,0.0
735,2355,65927,1904,,,1.0,19800.0,14,1.0,en,0.0
0,23,32,353,1.0,,1.0,,0,,en,1.0
29751,2245,24130,65,,,1.0,-25200.0,27,1.0,en,0.0
0,18,25,319,1.0,,1.0,,0,,en,1.0
2069,1154,40639,664,,,,19800.0,21,1.0,en,0.0
31826,574,32143,631,,,,,2,,en,0.0
0,18,67,636,1.0,,1.0,,0,,en,1.0
3690,1125,33478,866,,,,-18000.0,2,1.0,en,0.0
39,41,177,154,1.0,,1.0,,0,,en,0.0
0,28,59,615,1.0,,1.0,,0,,en,1.0
2532,308,3493,649,1.0,,1.0,,1,1.0,en,0.0
8735,131,851,249,1.0,,1.0,-25200.0,0,,en,0.0
3629,137,323,1898,1.0,,1.0,,1,,en,0.0
0,13,33,314,1.0,,1.0,,0,,en,1.0
0,26,54,500,1.0,,1.0,,0,,en,1.0
550,2674,16031,2841,,,,-14400.0,17,,en,0.0
32111,10241,82176,340,,,1.0,-14400.0,59,,en,0.0
25,20,254,91,1.0,,1.0,,0,,en,0.0
7758,295,3537,262,,,1.0,-25200.0,1,1.0,en,0.0
0,61,170,490,1.0,,1.0,10800.0,0,1.0,en,1.0
448,1756,3146,45,,,1.0,,37,1.0,en,0.0
0,0,3,21,1.0,,1.0,,0,,en,1.0
0,10,16,306,1.0,,1.0,,0,,en,1.0
0,0,4,33,1.0,,1.0,,0,,en,1.0
0,4,0,496,1.0,,1.0,,0,,en,1.0
0,0,2,37,1.0,,1.0,,0,,en,1.0
8,111,420,839,1.0,,1.0,,5,1.0,en,0.0
972,988,12853,1111,,,1.0,10800.0,5,1.0,en,0.0
168,397,13382,519,,,,-14400.0,8,,en,0.0
0,16,17,215,1.0,,1.0,,0,,en,1.0
0,23,48,389,1.0,,1.0,,0,,en,1.0
3377,940,4233,1808,1.0,,1.0,,6,,en,0.0
0,5,0,534,1.0,,1.0,,0,,en,1.0
4745,1270,31284,999,,,1.0,28800.0,2,1.0,en,0.0
0,3,0,557,,,1.0,-21600.0,0,,en,1.0
113,91,634,81,,,1.0,-25200.0,0,,en,0.0
276,967,2514,1003,,,1.0,-25200.0,49,1.0,en,0.0
682,351,1296,422,1.0,,1.0,,0,,en,0.0
0,6,1,626,1.0,,1.0,,0,,en,1.0
0,6,19,184,1.0,,1.0,,0,,en,1.0
0,11,18,196,1.0,,1.0,,0,,en,1.0
0,4,0,366,1.0,,1.0,,0,,fr,1.0
6462,450,23023,426,,,1.0,-36000.0,7,1.0,en,0.0
1477,112,574,211,,,1.0,-25200.0,0,,en,0.0
6018,431,27397,1067,,,1.0,-25200.0,22,,en,0.0
0,8,17,195,1.0,,1.0,,0,,en,1.0
731,305,1184,318,1.0,,1.0,,0,,en,0.0
2763,465,37955,538,,,1.0,,1,,en,0.0
2021,217,2662,150,1.0,,1.0,,2,1.0,en,0.0
407,120,639,64,,,1.0,18000.0,1,1.0,en,0.0
6407,203,306,18,1.0,,1.0,,3,,en,0.0
3,17,13,469,,,1.0,-10800.0,0,,en,1.0
1,28,50,32,,,,-25200.0,0,,en,0.0
11902,3551,37990,128,,,,7200.0,17,1.0,en-gb,0.0
0,19,41,354,1.0,,1.0,,0,,en,1.0
620,254,2182,292,1.0,,1.0,,1,1.0,en,0.0
3768,209,5732,315,,,,10800.0,1,1.0,en,0.0
0,11,50,355,1.0,,1.0,,0,,en,1.0
23404,713,37240,383,,,1.0,-14400.0,4,1.0,en,0.0
52212,4143,54081,2518,,,1.0,-25200.0,3,1.0,en,0.0
0,10,20,205,1.0,,1.0,,0,,en,1.0
0,13,47,483,1.0,,1.0,,0,,en,1.0
0,6,3,556,1.0,,1.0,,0,,es,1.0
20134,1294,19585,272,,,1.0,18000.0,6,1.0,en,0.0
0,13,23,280,1.0,,1.0,,0,,en,1.0
0,16,22,249,1.0,,1.0,,0,,en,1.0
756,309,710,306,,,1.0,-25200.0,0,1.0,en,0.0
71,147,1303,138,,,1.0,28800.0,4,1.0,en,0.0
7302,512,3190,277,1.0,,1.0,-25200.0,7,1.0,en,0.0
0,12,42,979,1.0,,1.0,,0,,en,1.0
2618,164,12533,154,,,1.0,-14400.0,0,1.0,en,0.0
0,11,19,232,1.0,,1.0,,0,,en,1.0
378,160,1099,242,1.0,,1.0,,4,1.0,en,0.0
5,8,6,436,,,1.0,-14400.0,0,,en,1.0
0,5,15,171,1.0,,1.0,,0,,en,1.0
26009,912,45786,996,,,,,55,,ja,0.0
1,58,485,101,,,1.0,-25200.0,5,,en,0.0
0,17,18,259,1.0,,1.0,,0,,en,1.0
0,203,203,836,,,1.0,-10800.0,0,1.0,en,1.0
0,14,18,196,1.0,,1.0,,0,,en,1.0
0,9,16,205,1.0,,1.0,,0,,en,1.0
0,13,25,183,1.0,,1.0,,0,,en,1.0
23783,1247,31342,731,,,1.0,-25200.0,1,1.0,en,0.0
2759,34,3426,161,,,1.0,28800.0,2,1.0,zh-tw,0.0
0,20,31,397,1.0,,1.0,,0,,en,1.0
0,9,17,190,1.0,,1.0,,0,,en,1.0
6094,1440,120993,880,1.0,,1.0,,8,1.0,en,0.0
13,1167,3228,1621,,,1.0,-21600.0,25,1.0,es,1.0
0,13,20,261,1.0,,1.0,,0,,en,1.0
1,23,8,451,1.0,,1.0,-10800.0,0,1.0,pt,1.0
0,12,20,254,1.0,,1.0,,0,,en,1.0
0,9,24,259,1.0,,1.0,,0,,en,1.0
25,1624,77,524,,,,,32,,en,1.0
0,21,31,335,1.0,,1.0,,0,,en,1.0
0,15,41,369,1.0,,1.0,,0,,en,1.0
0,31,153,1152,1.0,,1.0,,0,,en,1.0
0,12,26,307,1.0,,1.0,,0,,en,1.0
2943,123,2677,159,,,,-18000.0,0,,en,0.0
4023,655,32311,512,,,1.0,28800.0,12,1.0,en,0.0
0,8,15,442,1.0,,1.0,,0,,en,1.0
4034,3001,45655,538,1.0,,1.0,-36000.0,6,1.0,en,0.0
1203,1045,38257,1588,,,1.0,43200.0,45,1.0,en,0.0
0,10,26,215,1.0,,1.0,,0,,en,1.0
0,9,18,177,1.0,,1.0,,0,,en,1.0
0,14,21,199,1.0,,1.0,,0,,en,1.0
1030,144,253,185,1.0,,1.0,,0,,en,0.0
0,18,33,326,1.0,,1.0,,0,,en,1.0
0,23,65,838,1.0,,1.0,,0,,en,1.0
0,25,28,272,1.0,,1.0,,0,,en,1.0
5323,1558,19170,625,,,1.0,-18000.0,52,1.0,en,0.0
179,88,10187,181,,,1.0,28800.0,2,1.0,en,0.0
3014,904,10574,695,,,1.0,-39600.0,1,1.0,en,0.0
658,128,2780,117,,,1.0,-21600.0,0,,en,0.0
0,6,0,440,1.0,,1.0,-21600.0,0,,es,1.0
927,114,4193,751,,,1.0,-18000.0,6,1.0,en,0.0
2,14,30,249,1.0,,1.0,,0,,en,1.0
0,43,1901,614,,,,-28800.0,0,,en,1.0
0,12,20,224,1.0,,1.0,,0,,en,1.0
3921,372,5497,260,1.0,,1.0,,1,,en,0.0
0,20,29,309,1.0,,1.0,,0,,en,1.0
2227,371,3673,722,,,1.0,-18000.0,3,1.0,en,0.0
0,23,62,549,1.0,,1.0,,0,,en,1.0
0,11,1,533,1.0,,1.0,,0,,es,1.0
913,324,1974,433,,,1.0,,0,,en,0.0
0,12,24,254,1.0,,1.0,,0,,en,1.0
283,58,1765,74,1.0,,1.0,18000.0,2,,en,0.0
0,16,27,299,1.0,,1.0,,0,,en,1.0
5559,967,23163,1997,,,1.0,-25200.0,2,,en,0.0
0,25,27,306,1.0,,1.0,,0,,en,1.0
0,3,1,578,1.0,,1.0,,0,,en,1.0
0,8,22,216,1.0,,1.0,,0,,en,1.0
2285,276,2799,313,,,1.0,-36000.0,0,1.0,en,0.0
4300,255,8381,254,,,,32400.0,3,1.0,en,0.0
2,15,5,52,,,,-25200.0,0,1.0,en,0.0
4836,150,3264,53,1.0,,1.0,-25200.0,0,1.0,en,0.0
0,19,35,326,1.0,,1.0,,0,,en,1.0
0,14,41,330,1.0,,1.0,,0,,en,1.0
7966,237,3688,218,,,1.0,-18000.0,0,1.0,en,0.0
0,16,8,345,1.0,,1.0,7200.0,0,1.0,en,1.0
0,30,67,579,1.0,,1.0,,0,,en,1.0
1,5,828,592,,,1.0,-18000.0,0,,ru,1.0
0,29,66,623,1.0,,1.0,,0,,en,1.0
0,23,61,635,1.0,,1.0,,0,,en,1.0
0,14,43,404,1.0,,1.0,,0,,en,1.0
0,124,24,222,1.0,,1.0,7200.0,1,,es,0.0
0,6,29,245,1.0,,1.0,,0,,en,1.0
0,14,12,186,1.0,,1.0,,0,,en,1.0
64,430,784,1,,,,-14400.0,13,,en,0.0
2686,409,8623,290,,,1.0,,1,1.0,en,0.0
0,11,21,234,1.0,,1.0,,0,,en,1.0
0,13,24,255,1.0,,1.0,,0,,en,1.0
7922,109,9898,111,1.0,,1.0,,2,1.0,en,0.0
9535,626,33831,1189,,,1.0,-25200.0,19,,en,0.0
0,228,222,405,,,1.0,-10800.0,0,1.0,en,1.0
391,594,31000,1460,,,1.0,-18000.0,41,,en,0.0
28862,421,66292,280,,,1.0,-25200.0,2,,en,0.0
5226,467,40857,172,,,1.0,3600.0,2,1.0,en,0.0
6442,343,28353,320,,,,,2,1.0,en,0.0
0,11,17,259,1.0,,1.0,,0,,en,1.0
1553,311,35669,256,,,1.0,-25200.0,0,1.0,en,0.0
13229,262,9782,265,,,,,1,1.0,en,0.0
490,190,514,228,1.0,,1.0,,0,1.0,en,0.0
2311,421,24453,252,,,1.0,-18000.0,4,1.0,en,0.0
0,0,2,39,1.0,,1.0,,0,,en,1.0
2,1107,55,699,1.0,,1.0,,5,,en,1.0
806,590,16004,894,,,1.0,-25200.0,12,1.0,en,0.0
0,12,20,210,1.0,,1.0,,0,,en,1.0
0,3,0,566,1.0,,1.0,,0,,en,1.0
254,20,157,82,1.0,,1.0,,1,,en,0.0
0,27,65,617,1.0,,1.0,,0,,en,1.0
0,12,33,320,1.0,,1.0,,0,,en,1.0
29,22,348,50,1.0,,1.0,,0,,en,0.0
0,0,2,21,1.0,,1.0,,0,,en,1.0
3265,445,22456,354,,,1.0,-21600.0,2,1.0,en,0.0
7,243,1108,326,,,1.0,10800.0,13,1.0,en,0.0
21547,442,14643,56,1.0,,1.0,,2,,en,0.0
0,11,18,214,1.0,,1.0,,0,,en,1.0
0,26,65,550,1.0,,1.0,,0,,en,1.0
9190,226,4340,186,,,1.0,,0,1.0,en,0.0
0,7,17,195,1.0,,1.0,,0,,en,1.0
0,25,51,552,1.0,,1.0,,0,,en,1.0
0,12,18,218,1.0,,1.0,,0,,en,1.0
0,18,40,525,1.0,,1.0,,0,,en,1.0
6928,341,2810,103,,,1.0,-25200.0,5,1.0,en,0.0
0,10,20,218,1.0,,1.0,,0,,en,1.0
344,249,571,193,1.0,,1.0,,0,1.0,en,0.0
0,18,22,305,1.0,,1.0,,0,,en,1.0
0,14,26,326,1.0,,1.0,,0,,en,1.0
2809,271,5223,738,,,1.0,-25200.0,3,,en,0.0
12040,771,67024,301,,,1.0,-18000.0,3,1.0,en,0.0
0,16,57,519,1.0,,1.0,,0,,en,1.0
997,10241,114232,482,,,1.0,-36000.0,107,,en,0.0
0,19,11,771,1.0,,1.0,-16200.0,0,,es,1.0
3771,106,7863,70,,,1.0,-25200.0,0,1.0,en,0.0
0,11,24,235,1.0,,1.0,,0,,en,1.0
20088,182,11490,345,,,1.0,-21600.0,2,1.0,en,0.0
864,282,2309,197,,,1.0,19800.0,4,1.0,en,0.0
0,3,1,441,,,1.0,,0,,en,1.0
745,147,5565,423,1.0,,1.0,,0,1.0,en,0.0
165,671,30131,469,,,1.0,-21600.0,4,1.0,en,0.0
0,12,21,220,1.0,,1.0,,0,,en,1.0
8625,824,8346,1496,,,,,17,1.0,en,0.0
0,25,52,533,1.0,,1.0,,0,,en,1.0
1514,141,1228,218,1.0,,1.0,,0,,en,0.0
0,32,63,603,1.0,,1.0,,0,,en,1.0
0,19,37,411,1.0,,1.0,,0,,en,1.0
549,275,1268,369,1.0,,1.0,43200.0,15,1.0,en,0.0
0,6,1,548,1.0,,1.0,,0,,en,1.0
12989,306,8507,377,1.0,,1.0,,1,1.0,en,0.0
9963,986,9342,1241,,,1.0,-25200.0,19,1.0,en,0.0
2145,481,9398,324,,,,,19,1.0,en,0.0
0,10,21,200,1.0,,1.0,,0,,en,1.0
177,72,647,49,1.0,,1.0,,0,1.0,en,0.0
756,239,11525,431,,,1.0,-18000.0,3,1.0,en,0.0
0,1,3,34,1.0,,1.0,,0,,en,1.0
1,2,9,140,,,1.0,,0,,es,1.0
0,1,1,9,1.0,,1.0,,0,,en,1.0
707,123,8632,36,1.0,,1.0,,4,1.0,en,0.0
0,13,20,207,1.0,,1.0,,0,,en,1.0
4053,414,29538,270,,,1.0,-25200.0,3,1.0,en,0.0
0,7,24,190,1.0,,1.0,,0,,en,1.0
85051,2094,54668,2235,1.0,,1.0,,49,1.0,en,0.0
0,4,0,974,1.0,,1.0,,0,,en,1.0
0,12,25,311,1.0,,1.0,,0,,en,1.0
0,25,65,742,1.0,,1.0,,0,,en,1.0
831,141,3997,140,1.0,,1.0,,0,1.0,en,0.0
0,3,2,527,1.0,,1.0,,0,,en,1.0
0,10,13,209,1.0,,1.0,,0,,en,1.0
7,10,29,439,,,1.0,-21600.0,0,1.0,en,1.0
0,14,29,248,1.0,,1.0,,0,,en,1.0
0,20,23,308,1.0,,1.0,,0,,en,1.0
0,9,8,436,1.0,,1.0,,0,,en,1.0
0,2,3,587,1.0,,1.0,,0,,tr,1.0
241,142,1748,122,,,1.0,28800.0,2,1.0,en,0.0
279,75,427,77,,,1.0,,0,,en,0.0
26,57,257,224,,,1.0,-28800.0,0,1.0,en,0.0
3978,976,4524,647,,,1.0,-18000.0,78,,en,0.0
14,4406,1403,655,1.0,,1.0,10800.0,25,,en,0.0
6508,594,2829,842,1.0,,1.0,,1,1.0,en,0.0
0,11,49,562,,,,,0,,en,1.0
15887,6291,28605,4741,,,1.0,-18000.0,15,1.0,en-gb,0.0
18,23,125,84,1.0,,1.0,,0,1.0,en,0.0
0,22,35,340,1.0,,1.0,,0,,en,1.0
1150,1392,8261,1977,,,1.0,-10800.0,4,,es,0.0
219,58,595,103,,,1.0,43200.0,2,1.0,en,0.0
22520,881,13224,547,,,1.0,,2,1.0,en,0.0
135,673,11086,1200,,,1.0,3600.0,2,1.0,en,0.0
0,15,20,296,1.0,,1.0,,0,,en,1.0
97,199,2429,99,,,1.0,-25200.0,3,,en,0.0
0,3,27,575,1.0,,1.0,,0,,en,1.0
0,11,21,220,1.0,,1.0,,0,,en,1.0
0,18,41,538,1.0,,1.0,,0,,en,1.0
0,20,53,460,1.0,,1.0,,0,,en,1.0
0,18,61,624,1.0,,1.0,,0,,en,1.0
0,2,1,571,1.0,,1.0,,0,,en,1.0
3,24,115,666,,,1.0,-25200.0,0,,es,1.0
368,131,10070,295,,,1.0,28800.0,2,1.0,en,0.0
624,192,1238,175,,,1.0,-10800.0,0,,en,0.0
0,15,16,200,1.0,,1.0,,0,,en,1.0
6056,337,12235,389,1.0,,1.0,28800.0,2,1.0,en,0.0
2140,359,3546,306,,,1.0,-18000.0,1,1.0,en,0.0
0,9,21,252,1.0,,1.0,,0,,en,1.0
4254,370,2117,330,1.0,,1.0,-25200.0,1,1.0,en,0.0
6952,1835,32808,258,,,1.0,-25200.0,3,1.0,en,0.0
4803,2052,32717,2246,,,1.0,-10800.0,17,1.0,en,0.0
3590,486,4537,591,,,1.0,-18000.0,11,1.0,en,0.0
0,18,38,381,1.0,,1.0,,0,,en,1.0
0,16,24,238,1.0,,1.0,,0,,en,1.0
4535,502,14898,653,,,1.0,-10800.0,5,,en,0.0
2533,1253,6244,652,1.0,,1.0,28800.0,5,,en,0.0
889,440,6372,815,,,,-18000.0,9,1.0,en,0.0
0,9,0,596,1.0,,1.0,-18000.0,0,,en,1.0
83,62,439,71,,,,,0,,en,0.0
398,149,5386,181,,,,-18000.0,11,,en,0.0
0,16,71,672,1.0,,1.0,,0,,en,1.0
719,500,5146,477,,,,-25200.0,15,,en,0.0
0,11,3,535,,,1.0,-18000.0,0,,es,1.0
129,104,1940,64,,,1.0,-18000.0,3,,en,0.0
3261,584,7990,1775,,,,-25200.0,15,1.0,en,0.0
0,3,153,4,,,1.0,,0,,en,0.0
0,10,13,180,1.0,,1.0,,0,,en,1.0
381,409,2053,1116,,,1.0,-16200.0,4,,en,0.0
1881,1092,53520,983,,,1.0,-25200.0,74,,en,0.0
1,12,17,681,1.0,,1.0,-10800.0,0,,es,1.0
0,13,19,202,1.0,,1.0,,0,,en,1.0
0,15,31,317,1.0,,1.0,,0,,en,1.0
1502,744,3007,642,1.0,,1.0,-36000.0,0,1.0,en,0.0
8,70,14792,73,,,1.0,32400.0,3,,en,0.0
1355,158,944,249,,,1.0,-28800.0,0,,en,0.0
118225,27789,10674,1403,,,1.0,-18000.0,595,,en,0.0
0,11,18,209,1.0,,1.0,,0,,en,1.0
4217,345,20438,204,,,1.0,-25200.0,3,,en,0.0
0,10,14,187,1.0,,1.0,,0,,en,1.0
0,15,60,559,1.0,,1.0,,0,,en,1.0
1314,2227,20172,2104,1.0,,1.0,,0,,en,0.0
363,90,371,147,1.0,,1.0,,0,1.0,en,0.0
0,16,18,265,1.0,,1.0,,0,,en,1.0
0,20,37,326,1.0,,1.0,,0,,en,1.0
1399,248,3030,352,,,,3600.0,1,1.0,en-gb,0.0
0,7,21,252,1.0,,1.0,,0,,en,1.0
5013,758,9052,971,1.0,,1.0,-18000.0,0,,es,0.0
6591,576,22664,323,,,1.0,-18000.0,6,1.0,en,0.0
50,184,2794,314,,,1.0,7200.0,18,1.0,en,0.0
0,15,55,543,1.0,,1.0,,0,,en,1.0
0,9,21,269,1.0,,1.0,,0,,en,1.0
0,24,21,201,1.0,,1.0,,0,,en,1.0
95,148,2439,396,1.0,,1.0,,0,1.0,en,0.0
121,72,550,471,1.0,,1.0,,3,1.0,en,0.0
0,15,29,297,1.0,,1.0,,0,,en,1.0
0,11,16,202,1.0,,1.0,,0,,en,1.0
0,29,62,651,1.0,,1.0,,0,,en,1.0
0,7,8,350,,,1.0,,0,,en,1.0
0,21,72,721,1.0,,1.0,,0,,en,1.0
676,435,24163,320,,,1.0,7200.0,1,,en,0.0
0,6,15,186,1.0,,1.0,,0,,en,1.0
0,24,30,406,1.0,,1.0,,0,,en,1.0
6980,917,74015,425,,,1.0,28800.0,52,1.0,en,0.0
231,606,23729,270,,,1.0,-18000.0,39,1.0,en,0.0
999,287,2892,237,1.0,,1.0,,0,,en,0.0
1343,31,10308,47,,,1.0,28800.0,1,,en,0.0
0,3,0,510,1.0,,1.0,,0,,en,1.0
0,28,49,506,1.0,,1.0,,0,,en,1.0
18314,1930,55820,1259,1.0,,1.0,10800.0,33,1.0,en,0.0
1562,1414,40490,151,,,1.0,18000.0,12,1.0,en,0.0
1279,215,1310,368,,,1.0,-25200.0,4,,en,0.0
0,24,51,544,1.0,,1.0,,0,,en,1.0
66,938,48285,771,,,,-21600.0,15,,en,0.0
324,159,1557,381,,,1.0,28800.0,0,1.0,en,0.0
766,193,1595,173,1.0,,1.0,,0,1.0,en,0.0
10527,2282,146442,1787,,,1.0,-18000.0,4,1.0,en,0.0
224,44,1154,78,,,1.0,28800.0,1,1.0,en,0.0
24840,649,97198,895,,,,7200.0,11,1.0,en,0.0
216,854,28817,556,,,1.0,7200.0,12,,es,0.0
0,4,0,575,1.0,,1.0,,0,,en,1.0
0,26,24,276,1.0,,1.0,,0,,en,1.0
2351,87,1764,228,,,1.0,28800.0,0,1.0,en,0.0
0,2,0,428,1.0,,1.0,,0,,es,1.0
218,118,2501,109,,,1.0,28800.0,0,1.0,en,0.0
1845,344,8638,28,,,1.0,,9,,en,0.0
5965,1035,70392,1454,,,1.0,,8,,en,0.0
6,29,1186,260,,,1.0,-36000.0,1,,en,0.0
381,780,36118,470,1.0,,1.0,-18000.0,21,,en,0.0
0,18,25,267,1.0,,1.0,,0,,en,1.0
0,48,5,624,1.0,,1.0,,0,,en,1.0
0,19,47,384,1.0,,1.0,,0,,en,1.0
0,9,15,195,1.0,,1.0,,0,,en,1.0
206,1,32,2,,,1.0,19800.0,0,,en,0.0
484,253,4159,148,,,1.0,3600.0,3,,en,0.0
0,12,28,402,1.0,,1.0,,0,,en,1.0
0,27,57,602,1.0,,1.0,,0,,en,1.0
0,12,17,204,1.0,,1.0,,0,,en,1.0
0,11,25,280,1.0,,1.0,,0,,en,1.0
0,8,19,215,1.0,,1.0,,0,,en,1.0
2845,679,21545,358,,,1.0,-14400.0,1,1.0,en,0.0
6,78,230,153,,,1.0,19800.0,1,,en,0.0
207,813,1476,837,,,1.0,-25200.0,21,1.0,en,0.0
0,0,3,432,1.0,,1.0,,0,,en,1.0
118,4,165,11,1.0,,1.0,,0,,en,0.0
0,6,26,536,1.0,,1.0,,0,,en,1.0
14310,1777,34991,478,1.0,,1.0,,3,,en,0.0
64,332,33757,239,,,1.0,-14400.0,2,,en,0.0
4,60,194,222,1.0,,1.0,,0,1.0,en,0.0
161,986,63440,658,,,1.0,3600.0,40,,en,0.0
586,1073,33694,428,,,1.0,-18000.0,6,1.0,en,0.0
5517,790,44376,159,1.0,,1.0,,18,1.0,en,0.0
357,678,48673,250,,,1.0,-18000.0,85,1.0,en,0.0
3148,277,25595,188,,,,-14400.0,11,,en,0.0
397,16,88,74,,,1.0,-25200.0,0,1.0,en,0.0
0,30,138,566,,,1.0,-36000.0,0,,es,1.0
0,8,16,387,,,1.0,,0,,en,1.0
0,11,23,259,1.0,,1.0,,0,,en,1.0
2,20,8,621,,,1.0,,0,,es,1.0
166,94,2941,108,,,1.0,-14400.0,2,,en,0.0
0,16,59,622,1.0,,1.0,,0,,en,1.0
10,3,44,537,1.0,,1.0,,0,,en,1.0
0,18,19,255,1.0,,1.0,,0,,en,1.0
4,72,4538,992,,,1.0,-28800.0,2,1.0,en,1.0
0,15,64,649,1.0,,1.0,,0,,en,1.0
1063,321,8297,570,,,1.0,7200.0,5,1.0,en,0.0
2890,3388,10272,2699,,,1.0,-25200.0,115,1.0,en,0.0
527,248,1242,194,,,1.0,28800.0,2,,en,0.0
0,3,1,364,1.0,,1.0,,0,,en,1.0
9220,1133,36586,856,,,1.0,28800.0,4,1.0,en,0.0
0,18,36,301,1.0,,1.0,,0,,en,1.0
519,141,12196,342,,,1.0,36000.0,5,1.0,en,0.0
0,7,18,200,1.0,,1.0,,0,,en,1.0
0,13,20,256,1.0,,1.0,,0,,en,1.0
0,7,17,216,1.0,,1.0,,0,,en,1.0
495,148,2449,134,,,1.0,-18000.0,0,1.0,en,0.0
0,2,2,555,,,,,0,,es,1.0
2456,332,2963,479,1.0,,1.0,,1,,en,0.0
5,761,4707,1387,1.0,,1.0,-25200.0,2,,en,0.0
6356,2084,49363,1028,,,1.0,-25200.0,45,1.0,en,0.0
8,49,81,45,,,1.0,,2,,en,0.0
4213,325,3995,316,1.0,,1.0,-25200.0,2,1.0,en,0.0
0,18,35,310,1.0,,1.0,,0,,en,1.0
1,14,29,1034,,,1.0,-14400.0,0,1.0,pt,1.0
19086,3491,50540,3296,,,1.0,10800.0,72,1.0,en,0.0
80,167,5051,351,,,1.0,3600.0,4,,en,0.0
0,3,3,46,1.0,,1.0,,0,,en,1.0
0,20,37,290,1.0,,1.0,,0,,en,1.0
655,123,434,164,1.0,,1.0,,0,,en,0.0
0,27,67,703,1.0,,1.0,,0,,en,1.0
274,1373,27500,834,1.0,,1.0,,3,1.0,en,0.0
519,48,3090,103,1.0,,1.0,,1,,en,0.0
2251,1229,68297,284,,,1.0,-14400.0,6,1.0,en,0.0
13514,1271,43936,1993,,,1.0,-18000.0,5,1.0,en,0.0
162,76,751,85,,,1.0,-18000.0,0,1.0,en,0.0
7,48,19086,19,1.0,,1.0,,3,,en,0.0
0,9,23,219,1.0,,1.0,,0,,en,1.0
580,14,98,51,1.0,,1.0,,0,1.0,zh-TW,0.0
31200,4960,27575,4386,,,1.0,-25200.0,97,1.0,en,0.0
5614,480,5494,303,,,1.0,-25200.0,1,,en,0.0
8541,227,23992,181,,,,-25200.0,2,1.0,en,0.0
2766,1639,14654,1793,1.0,,1.0,,4,1.0,en,0.0
0,26,59,630,1.0,,1.0,,0,,en,1.0
0,12,35,307,1.0,,1.0,,0,,en,1.0
9657,115,672,63,,,1.0,-14400.0,2,,fr,0.0
12992,598,11560,398,,,1.0,,3,1.0,en,0.0
0,20,34,406,1.0,,1.0,,0,,en,1.0
0,13,24,198,1.0,,1.0,,0,,en,1.0
1619,2902,103921,660,,,1.0,7200.0,34,,en-gb,0.0
2231,194,13334,132,,,1.0,-18000.0,0,1.0,en,0.0
999,60,1298,52,,,1.0,-25200.0,0,1.0,en,0.0
570,1686,8153,916,,,1.0,-25200.0,67,1.0,en,0.0
88,93,2178,210,,,1.0,,1,1.0,es,0.0
0,12,37,317,1.0,,1.0,,0,,en,1.0
0,8,21,242,1.0,,1.0,,0,,en,1.0
0,11,39,319,1.0,,1.0,,0,,en,1.0
6729,134,15831,94,,,1.0,-18000.0,1,1.0,en,0.0
9,26,70,77,1.0,,1.0,,2,,en,0.0
15,3,61,602,1.0,,1.0,,0,,ru,1.0
0,10,17,215,1.0,,1.0,,0,,en,1.0
9878,818,15914,679,,,1.0,-25200.0,2,1.0,en,0.0
2743,263,3342,304,,,,,0,,en,0.0
3,14,671,3,,,,,0,,en,0.0
4738,638,14213,337,,,1.0,28800.0,4,1.0,en,0.0
0,14,39,529,1.0,,1.0,,0,,en,1.0
0,20,27,299,1.0,,1.0,,0,,en,1.0
250,369,1189,337,,,1.0,,0,1.0,en,0.0
1743,155,2383,80,,,,-14400.0,2,,en,0.0
9022,1706,29978,653,1.0,,1.0,,2,,en,0.0
1064,135,1047,159,,,1.0,-18000.0,0,,en,0.0
437,60,483,84,1.0,,1.0,,0,,en,0.0
0,7,2,601,1.0,,1.0,,0,,es,1.0
0,2,1,364,1.0,,1.0,,0,,en,1.0
27,380,2689,155,,,1.0,10800.0,0,1.0,en,0.0
3361,368,3505,381,1.0,,1.0,-18000.0,0,1.0,en,0.0
156,59,299,74,,,,28800.0,1,,en,0.0
607,437,128929,304,,,1.0,-14400.0,27,,en,0.0
610,247,19502,92,1.0,,1.0,7200.0,1,1.0,fr,0.0
0,14,17,166,1.0,,1.0,,0,,en,1.0
118881,1274,75164,1085,,,1.0,-10800.0,32,,en,0.0
0,8,15,217,1.0,,1.0,,0,,en,1.0
0,0,2,25,1.0,,1.0,,0,,en,1.0
1179,27,381,40,1.0,,1.0,,0,,en,0.0
388,40,124,159,1.0,,1.0,,0,,en,0.0
0,6,16,202,1.0,,1.0,,0,,en,1.0
1185,82,554,245,,,1.0,28800.0,2,,en,0.0
3245,1057,24580,484,,,1.0,-25200.0,6,,en,0.0
3119,223,5341,223,,,1.0,,0,1.0,en,0.0
500,319,3036,158,,,1.0,-18000.0,0,,en,0.0
3,49,155,499,,,1.0,-18000.0,0,1.0,es,1.0
788,111,720,67,1.0,,1.0,-25200.0,0,1.0,en,0.0
1512,677,1704,1316,1.0,,1.0,7200.0,3,,en,0.0
21076,4382,114851,864,,,,-7200.0,51,1.0,en,0.0
0,15,23,324,1.0,,1.0,,0,,en,1.0
1032,61,2713,52,1.0,,1.0,,1,1.0,en,0.0
0,20,27,289,1.0,,1.0,,0,,en,1.0
0,18,28,436,1.0,,1.0,,0,,en,1.0
8408,786,53126,1290,,,1.0,-28800.0,20,,en,0.0
28,36,1305,213,,,1.0,,0,1.0,en,0.0
0,4,0,337,1.0,,1.0,,0,,en,1.0
111,106,371,266,1.0,,1.0,-14400.0,0,,en,0.0
0,17,32,300,1.0,,1.0,,0,,en,1.0
717,338,33958,946,,,1.0,-28800.0,11,1.0,en,0.0
799,246,4932,498,1.0,,1.0,,12,1.0,en,0.0
0,5,0,569,1.0,,1.0,,0,,ru,1.0
0,15,30,280,1.0,,1.0,,0,,en,1.0
0,12,21,249,1.0,,1.0,,0,,en,1.0
0,8,18,213,1.0,,1.0,,0,,en,1.0
1034,155,1684,195,,,1.0,20700.0,1,,en,0.0
0,4,12,362,1.0,,1.0,,0,,es,1.0
0,24,52,579,1.0,,1.0,,0,,en,1.0
0,16,35,302,1.0,,1.0,,0,,en,1.0
1,54,1114,573,,,,3600.0,0,1.0,fr,1.0
0,24,59,656,1.0,,1.0,,0,,en,1.0
0,23,64,621,1.0,,1.0,,0,,en,1.0
111,165,5440,260,,,1.0,-18000.0,0,1.0,en,0.0
255,65,553,218,,,1.0,-18000.0,0,,en,0.0
3439,1193,169053,351,,,1.0,7200.0,25,1.0,es,0.0
2,9,18,206,1.0,,1.0,,0,,en,1.0
0,2,6,418,1.0,,1.0,,0,,en,1.0
0,0,4,17,1.0,,1.0,,0,,en,1.0
4189,368,4990,281,,,,-25200.0,1,,en,0.0
0,11,18,204,1.0,,1.0,,0,,en,1.0
178,79,559,292,,,1.0,28800.0,0,1.0,en,0.0
210,232,4158,224,,,1.0,21600.0,4,1.0,en,0.0
0,12,22,217,1.0,,1.0,,0,,en,1.0
2028,282,14676,487,1.0,,1.0,3600.0,4,,en,0.0
2134,804,960,636,,,,3600.0,10,1.0,en-gb,0.0
0,7,26,207,1.0,,1.0,,0,,en,1.0
740,436,4969,943,,,1.0,28800.0,2,1.0,en,0.0
0,7,27,296,1.0,,1.0,,0,,en,1.0
0,17,20,244,1.0,,1.0,,0,,en,1.0
0,11,29,275,1.0,,1.0,,0,,en,1.0
0,8,16,197,1.0,,1.0,,0,,en,1.0
1014,39,1251,22,,,,-25200.0,0,1.0,en,0.0
4192,361,18636,82,,,1.0,-28800.0,2,1.0,en,0.0
0,26,45,596,1.0,,1.0,,0,,en,1.0
215,419,9080,1159,,,1.0,3600.0,0,1.0,en,0.0
0,16,23,314,1.0,,1.0,,0,,en,1.0
0,8,17,203,1.0,,1.0,,0,,en,1.0
0,19,21,237,1.0,,1.0,,0,,en,1.0
0,22,30,270,1.0,,1.0,,0,,en,1.0
12,515,4371,939,,,1.0,,5,1.0,en,0.0
0,23,56,641,1.0,,1.0,,0,,en,1.0
413,462,28655,290,,,1.0,19800.0,15,1.0,en,0.0
0,14,21,253,1.0,,1.0,,0,,en,1.0
0,8,17,195,1.0,,1.0,,0,,en,1.0
0,17,54,536,1.0,,1.0,,0,,en,1.0
0,9,19,187,1.0,,1.0,,0,,en,1.0
60304,2248,202968,981,,,1.0,-7200.0,101,1.0,en,0.0
0,12,60,572,1.0,,1.0,,0,,en,1.0
504,638,8822,649,,,1.0,28800.0,0,,en,0.0
1498,226,2719,750,,,1.0,-25200.0,7,,en,0.0
113,89,77,187,1.0,,1.0,-18000.0,0,,en,0.0
0,13,22,202,1.0,,1.0,,0,,en,1.0
20,202,1102,258,,,1.0,7200.0,18,,en,0.0
1664,23,343,279,1.0,,1.0,,0,1.0,en,0.0
0,13,0,935,1.0,,1.0,-14400.0,0,,en,1.0
1057,567,5768,539,,,1.0,28800.0,2,1.0,en,0.0
261,144,408,187,1.0,,1.0,,0,,en,0.0
0,8,21,221,1.0,,1.0,,0,,en,1.0
0,18,32,390,1.0,,1.0,,0,,en,1.0
0,15,18,209,1.0,,1.0,,0,,en,1.0
0,2,4,623,1.0,,1.0,,0,,ru,1.0
194,72,285,109,1.0,,1.0,,0,,en,0.0
115,74,1858,95,,,1.0,28800.0,0,1.0,en,0.0
0,24,17,599,1.0,,1.0,-21600.0,1,,en,1.0
0,13,23,250,1.0,,1.0,,0,,en,1.0
9343,1025,17707,529,,,1.0,-18000.0,4,,en,0.0
2045,783,10164,870,,,1.0,-18000.0,32,,en,0.0
50,142,571,93,1.0,,1.0,,3,1.0,en,0.0
0,20,33,322,1.0,,1.0,,0,,en,1.0
0,21,63,654,1.0,,1.0,,0,,en,1.0
0,19,29,303,1.0,,1.0,,0,,en,1.0
1004,147,780,171,1.0,,1.0,,1,1.0,en,0.0
0,25,34,361,1.0,,1.0,,0,,en,1.0
991,1083,6718,640,,,,-14400.0,0,1.0,en,0.0
0,11,23,166,1.0,,1.0,,0,,en,1.0
0,7,19,210,1.0,,1.0,,0,,en,1.0
0,8,23,244,1.0,,1.0,,0,,en,1.0
0,12,24,217,1.0,,1.0,,0,,en,1.0
977,76,9321,57,1.0,,1.0,,3,,en,0.0
0,12,22,252,1.0,,1.0,,0,,en,1.0
1533,180,7141,327,,,1.0,-18000.0,4,,en,0.0
0,14,17,273,1.0,,1.0,,0,,en,1.0
8754,327,9349,353,,,1.0,36000.0,1,1.0,en,0.0
0,1,3,34,1.0,,1.0,,0,,en,1.0
28,5,70,310,,,1.0,32400.0,0,,ko,1.0
2225,1051,16991,603,,,1.0,18000.0,13,,en,0.0
3783,1860,7492,1968,1.0,,1.0,,4,1.0,en,0.0
1256,88,3012,94,1.0,,1.0,,0,,en,0.0
0,27,73,718,1.0,,1.0,,0,,en,1.0
672,1232,24831,1040,,,1.0,-25200.0,20,,en,0.0
0,7,23,228,1.0,,1.0,,0,,en,1.0
0,7,26,252,1.0,,1.0,,0,,en,1.0
0,6,19,218,1.0,,1.0,,0,,en,1.0
159,111,3027,207,1.0,,1.0,-14400.0,8,1.0,en,0.0
0,10,26,237,1.0,,1.0,,0,,en,1.0
0,15,35,321,1.0,,1.0,,0,,en,1.0
3650,3205,31248,2377,,,1.0,-28800.0,282,1.0,en,0.0
43,10,130,20,,,1.0,-18000.0,0,,en,0.0
1108,130,167,189,1.0,,1.0,,3,1.0,en,0.0
38338,201,13578,243,,,1.0,7200.0,10,1.0,en,0.0
0,10,22,217,1.0,,1.0,,0,,en,1.0
0,26,53,504,1.0,,1.0,,0,,en,1.0
568,418,21178,363,,,1.0,43200.0,0,1.0,en,0.0
497,63,553,1930,1.0,1.0,1.0,-36000.0,0,,en,1.0
5,98,6995,480,,,1.0,,0,1.0,en,1.0
6,2,37,271,,,1.0,,0,,en,1.0
36609,514,23295,610,,,1.0,-25200.0,14,1.0,en,0.0
126,1477,94769,908,1.0,,1.0,7200.0,1,,en,0.0
0,12,24,294,1.0,,1.0,,0,,en,1.0
0,16,17,207,1.0,,1.0,,0,,en,1.0
15,7,667,615,,,1.0,-18000.0,0,,en,1.0
0,1,5,148,1.0,,1.0,-10800.0,0,,en,1.0
0,12,24,245,1.0,,1.0,,0,,en,1.0
744,3232,12871,2439,,,1.0,-25200.0,1,,en,0.0
5253,1061,14401,1726,,,1.0,,29,1.0,en,0.0
7344,357,2904,201,1.0,,1.0,,0,1.0,en,0.0
0,16,54,637,1.0,,1.0,,0,,en,1.0
1118,1128,35866,863,,,1.0,-18000.0,0,,en,0.0
15994,196,5004,79,,,1.0,18000.0,5,1.0,en,0.0
0,6,91,449,1.0,,1.0,,0,,en,1.0
4092,107,3696,538,1.0,,1.0,18000.0,1,1.0,en,0.0
2041,129,5856,123,1.0,,1.0,,3,,en,0.0
1,14,19,269,1.0,,1.0,,0,,en,1.0
1320,388,7847,513,,,1.0,-10800.0,3,,en,0.0
95,71,532,89,,,1.0,,1,1.0,en,0.0
0,9,19,208,1.0,,1.0,,0,,en,1.0
14337,523,12689,495,1.0,,1.0,,0,,en,0.0
0,20,51,518,1.0,,1.0,,0,,en,1.0
1376,241,427,309,1.0,,1.0,,0,1.0,en,0.0
2,9,21,192,1.0,,1.0,,0,,en,1.0
2526,486,5414,305,1.0,,1.0,,1,1.0,en,0.0
17,299,1588,540,,,1.0,-18000.0,8,1.0,en,0.0
0,7,24,259,1.0,,1.0,,0,,en,1.0
0,18,25,308,1.0,,1.0,,0,,en,1.0
32866,858,34600,388,,,1.0,-21600.0,4,1.0,en,0.0
13980,309,3078,421,,,1.0,,0,1.0,en,0.0
0,18,29,291,1.0,,1.0,,0,,en,1.0
219,75,2435,96,,,1.0,19800.0,3,1.0,en,0.0
0,12,4,510,1.0,,1.0,,0,,es,1.0
0,17,53,536,1.0,,1.0,,0,,en,1.0
0,1,1,21,1.0,,1.0,,0,,en,1.0
0,12,15,163,1.0,,1.0,,0,,en,1.0
0,12,12,187,1.0,,1.0,,0,,en,1.0
1019,281,978,277,,,,-25200.0,0,1.0,en,0.0
348,74,5331,268,1.0,,1.0,-36000.0,3,,en,0.0
0,15,30,381,1.0,,1.0,,0,,en,1.0
0,0,3,37,1.0,,1.0,,0,,en,1.0
3363,278,16286,126,1.0,,1.0,,3,1.0,en,0.0
420,720,5939,727,1.0,,1.0,7200.0,6,1.0,es,0.0
1260,184,758,154,,,1.0,,0,1.0,en,0.0
152,50,1898,143,,,1.0,7200.0,2,1.0,fr,0.0
577,432,5425,147,1.0,,1.0,,0,,en,0.0
1015,50,1919,90,1.0,,1.0,,0,,en,0.0
0,10,33,276,1.0,,1.0,,0,,en,1.0
0,15,67,593,1.0,,1.0,,0,,en,1.0
10968,2219,23581,2196,,,1.0,-14400.0,5,1.0,en,0.0
13,32,299,196,,,1.0,-18000.0,7,1.0,en,0.0
1441,1915,3028,1804,,,1.0,,72,1.0,en,0.0
0,28,64,708,1.0,,1.0,,0,,en,1.0
175,51,430,71,1.0,,1.0,,0,1.0,en,0.0
0,4,0,606,,,1.0,,0,,en,1.0
0,6,2,532,1.0,,1.0,,0,,es,1.0
9616,1585,135552,183,,,1.0,19800.0,65,,en,0.0
0,20,26,241,1.0,,1.0,,0,,en,1.0
1285,256,1779,564,,,1.0,28800.0,0,,en,0.0
21987,804,44838,359,,,1.0,-18000.0,11,,es,0.0
713,1108,19582,998,,,1.0,-18000.0,43,,en,0.0
365,858,17775,624,,,1.0,-21600.0,3,1.0,en,0.0
0,13,29,312,1.0,,1.0,,0,,en,1.0
2556,149,18989,123,,,1.0,46800.0,4,,en,0.0
0,12,22,216,1.0,,1.0,,0,,en,1.0
0,13,22,208,1.0,,1.0,,0,,en,1.0
10,14,43,57,,,1.0,19800.0,1,1.0,en,0.0
0,2,29,518,1.0,,1.0,,0,,es,1.0
630,233,7837,196,1.0,,1.0,,0,1.0,en,0.0
4,2,6,307,1.0,,1.0,,0,,ko,1.0
773,136,3956,236,,,,28800.0,0,1.0,en,0.0
0,22,48,500,1.0,,1.0,,0,,en,1.0
0,23,41,431,1.0,,1.0,,0,,en,1.0
0,27,48,536,1.0,,1.0,,0,,en,1.0
0,15,38,344,1.0,,1.0,,0,,en,1.0
474,161,839,97,1.0,,1.0,14400.0,0,,en,0.0
7796,1266,91288,2001,,,1.0,-10800.0,9,1.0,pt,0.0
0,20,28,288,1.0,,1.0,,0,,en,1.0
4,21,299,683,,,1.0,-25200.0,0,1.0,en,0.0
1002,486,4984,599,,,1.0,,14,,en,0.0
0,8,19,218,1.0,,1.0,,0,,en,1.0
2955,968,33928,799,,,1.0,-18000.0,5,1.0,en,0.0
5596,370,3621,266,1.0,,1.0,-18000.0,1,1.0,en,0.0
320,1484,23274,1307,,,1.0,-25200.0,43,1.0,en,0.0
5378,214,11162,573,,,1.0,,0,,en,0.0
0,23,40,582,1.0,,1.0,,0,,en,1.0
0,10,18,186,1.0,,1.0,,0,,en,1.0
903,80,3386,83,,,1.0,36000.0,1,,en,0.0
0,11,26,262,1.0,,1.0,,0,,en,1.0
77,52,202,118,1.0,1.0,1.0,,0,,en,0.0
0,15,17,252,1.0,,1.0,,0,,en,1.0
728,376,1187,399,,,,-18000.0,15,1.0,en,0.0
547,460,3207,121,1.0,,1.0,,10,1.0,en,0.0
0,9,21,171,1.0,,1.0,,0,,en,1.0
5,424,1899,316,,,1.0,,3,1.0,en,0.0
14885,2856,107367,265,,,,-25200.0,24,1.0,en,0.0
16773,1022,15488,271,1.0,,1.0,,22,1.0,en,0.0
457,1248,42346,584,,,1.0,-25200.0,29,1.0,en,0.0
7264,592,24375,874,,,1.0,-18000.0,3,1.0,en,0.0
4532,524,9352,510,1.0,,1.0,,1,1.0,en,0.0
258,182,2218,120,1.0,,1.0,,1,,en,0.0
2996,273,3357,238,1.0,,1.0,,0,1.0,en,0.0
0,0,0,17,1.0,,1.0,,0,,en,1.0
1150,15,1234,104,,,1.0,-39600.0,0,1.0,en,1.0
0,7,18,169,1.0,,1.0,,0,,en,1.0
0,13,23,266,1.0,,1.0,,0,,en,1.0
0,10,26,209,1.0,,1.0,,0,,en,1.0
1416,267,7103,308,1.0,,1.0,7200.0,14,1.0,en,0.0
192,723,4366,487,,,1.0,28800.0,1,1.0,en,0.0
182,247,1972,244,,,1.0,,6,,en,0.0
295,71,2287,56,,,1.0,-28800.0,3,,en,0.0
0,3,6,11,1.0,,1.0,,0,,zh-tw,0.0
0,13,20,216,1.0,,1.0,,0,,en,1.0
0,10,24,192,1.0,,1.0,,0,,en,1.0
9,64,211,595,,,1.0,7200.0,1,1.0,en,1.0
703,2571,49779,1094,,,,-18000.0,26,1.0,en,0.0
76,41,45,219,,,,,0,,en,0.0
0,12,15,216,1.0,,1.0,,0,,en,1.0
0,6,0,400,1.0,,1.0,,0,,pt,1.0
0,20,17,259,1.0,,1.0,,0,,en,1.0
6,67,348,474,1.0,,1.0,,0,,en,1.0
0,13,22,242,1.0,,1.0,,0,,en,1.0
2029,395,16375,164,,,1.0,-25200.0,0,,en,0.0
0,25,59,644,1.0,,1.0,,0,,en,1.0
86,187,242,152,,,,,2,,en,0.0
15,176,245,1101,,,1.0,-18000.0,1,1.0,en,1.0
18242,435,53679,357,,,1.0,-14400.0,3,1.0,en,0.0
0,11,13,221,1.0,,1.0,,0,,en,1.0
1813,458,10221,395,,,1.0,28800.0,3,,en,0.0
0,7,13,176,1.0,,1.0,,0,,en,1.0
0,1,8,408,1.0,,1.0,-28800.0,0,1.0,en,1.0
28,227,2759,338,,,1.0,7200.0,10,1.0,en,0.0
0,5,1,472,1.0,,1.0,-14400.0,0,,es,1.0
12,170,589,295,,,1.0,-14400.0,0,1.0,en,0.0
0,10,21,255,1.0,,1.0,,0,,en,1.0
856,189,10811,186,,,1.0,19800.0,6,1.0,en,0.0
0,16,26,278,1.0,,1.0,,0,,en,1.0
0,20,55,566,1.0,,1.0,,0,,en,1.0
127,202,1023,353,,,1.0,43200.0,5,,en,0.0
453,513,3970,592,,,1.0,21600.0,4,1.0,en,0.0
1255,167,6903,186,,,1.0,-14400.0,1,1.0,en,0.0
6432,555,4329,470,1.0,,1.0,,2,,en,0.0
27,98,585,199,1.0,,1.0,28800.0,7,1.0,en,0.0
0,19,28,353,1.0,,1.0,,0,,en,1.0
0,6,17,231,1.0,,1.0,,0,,en,1.0
0,12,0,404,,,1.0,,0,,de,1.0
0,21,20,267,1.0,,1.0,,0,,en,1.0
2657,338,62548,329,,,1.0,25200.0,1,1.0,zh-tw,0.0
12,2,323,572,1.0,,1.0,,0,,ru,1.0
489,142,2055,129,1.0,,1.0,,0,,en,0.0
0,8,25,222,1.0,,1.0,,0,,en,1.0
0,3,0,528,,,1.0,-10800.0,0,,en,1.0
5740,591,7036,525,,,,-25200.0,1,1.0,en,0.0
0,15,18,230,1.0,,1.0,,0,,en,1.0
2071,458,8643,455,,,1.0,-18000.0,0,1.0,en,0.0
625,939,39968,753,,,1.0,19800.0,22,1.0,en,0.0
0,16,21,223,1.0,,1.0,,0,,en,1.0
2089,1121,2164,425,1.0,,1.0,,2,1.0,en,0.0
3074,299,4908,261,1.0,,1.0,,0,1.0,en,0.0
6037,1009,14052,812,,,1.0,28800.0,3,1.0,en,0.0
0,0,1,25,1.0,,1.0,,0,,en,1.0
5506,131,4213,147,,,1.0,-10800.0,5,1.0,en,0.0
597,128,5690,249,,,1.0,28800.0,1,,en,0.0
773,294,5711,654,,,1.0,,6,1.0,en,0.0
26245,2441,19548,103,,,1.0,-14400.0,24,,en,0.0
483,70,834,88,,,1.0,,1,,es,0.0
3393,346,10887,319,1.0,,1.0,,1,1.0,en,0.0
0,12,29,34,,,1.0,19800.0,0,1.0,en,0.0
0,7,18,197,1.0,,1.0,,0,,en,1.0
0,12,24,272,1.0,,1.0,,0,,en,1.0
0,5,1,487,1.0,,1.0,,0,,de,1.0
0,10,14,204,1.0,,1.0,,0,,en,1.0
0,8,0,418,1.0,,1.0,,0,,es,1.0
0,14,26,323,1.0,,1.0,,0,,en,1.0
227,237,206,394,1.0,,1.0,,1,1.0,en,0.0
1977,263,12138,168,,,,3600.0,3,1.0,en,0.0
0,3,4,593,1.0,,1.0,,0,,en,1.0
0,20,26,461,1.0,,1.0,,0,,en,1.0
61,17392,9369,17414,,,,28800.0,131,,en,0.0
0,5,1,649,1.0,,1.0,,0,,en,1.0
0,18,35,365,1.0,,1.0,,0,,en,1.0
15474,661,34627,498,,,1.0,-14400.0,1,,en,0.0
555,391,4697,763,,,1.0,25200.0,0,1.0,en,0.0
71,555,72807,419,,,1.0,-14400.0,2,1.0,en,0.0
0,10,12,205,1.0,,1.0,,0,,en,1.0
3318,413,5334,307,,,1.0,,0,1.0,en,0.0
1273,7,1351,328,1.0,1.0,1.0,,1,,en,1.0
0,12,15,204,1.0,,1.0,,0,,en,1.0
0,7,20,178,1.0,,1.0,,0,,en,1.0
3729,448,33909,415,,,1.0,-18000.0,2,1.0,en,0.0
0,8,18,174,1.0,,1.0,,0,,en,1.0
0,14,42,348,1.0,,1.0,,0,,en,1.0
5654,762,86119,303,,,1.0,28800.0,11,,en,0.0
3,17,297,74,,,1.0,,0,1.0,en,0.0
10898,9684,19669,456,,,1.0,-25200.0,292,,en,0.0
20,101,325,230,1.0,,1.0,,0,1.0,en,0.0
0,11,13,626,,,1.0,-21600.0,0,1.0,es,1.0
2887,346,1288,316,1.0,,1.0,,0,,en,0.0
1,17,16,200,1.0,,1.0,,0,,en,1.0
4388,587,5311,494,1.0,,1.0,,2,1.0,en,0.0
0,10,22,206,1.0,,1.0,,0,,en,1.0
0,23,38,323,1.0,,1.0,,0,,en,1.0
12,5,349,538,1.0,,1.0,,0,,en,1.0
40,270,1141,171,,,1.0,,12,,en,0.0
579,582,67264,705,,,1.0,-25200.0,85,,en,0.0
4966,797,19161,774,,,1.0,-14400.0,13,1.0,en,0.0
1,2,5,490,1.0,,1.0,,0,,en,1.0
133,85,410,179,1.0,,1.0,10800.0,0,,en,0.0
165,46,52,240,,,1.0,,0,1.0,en,0.0
2977,2166,36513,1627,,,1.0,-18000.0,0,1.0,en,0.0
4971,514,7966,1313,1.0,,1.0,,3,1.0,en,0.0
162,3747,5527,868,,,1.0,-25200.0,77,,en,0.0
701,1297,1588,1998,,,1.0,-14400.0,31,,en,0.0
7,15,804,20,,,1.0,3600.0,1,,en-gb,0.0
53707,2075,72530,489,,,1.0,28800.0,5,1.0,en,0.0
0,10,26,223,1.0,,1.0,,0,,en,1.0
3,174,116,723,,,1.0,-16200.0,1,,es,1.0
0,4,21,209,1.0,,1.0,,0,,en,1.0
0,23,17,263,1.0,,1.0,,0,,en,1.0
0,18,29,309,1.0,,1.0,,0,,en,1.0
0,11,22,244,1.0,,1.0,,0,,en,1.0
0,12,1,634,1.0,,1.0,,0,,es,1.0
0,10,24,262,1.0,,1.0,,0,,en,1.0
0,10,23,297,1.0,,1.0,,0,,en,1.0
0,16,20,303,1.0,,1.0,,0,,en,1.0
14,490,4795,736,,,1.0,-10800.0,0,1.0,en,1.0
0,16,31,329,1.0,,1.0,,0,,en,1.0
1,3,2,576,1.0,,1.0,,0,,en,1.0
